"NIP","NAMA","TIPE INSENTIF","DEPARTEMENT","NO RECEIPT","SKU","JUMLAH INSENTF"
"101853","RIKI SUBAGJA","KHUSUS - JULI 2026","BA","U35.8.20260705.10","10514058","337,824"
"101853","RIKI SUBAGJA","KHUSUS - JULI 2026","BA","U35.10.20260709.10","10681077","41,432"
"101853","RIKI SUBAGJA","KHUSUS - JULI 2026","BA","U35.6.20260714.1","10580600","316,204"
"101853","RIKI SUBAGJA","KHUSUS - JULI 2026","BA","U35.6.20260719.2","10682676","470,254"
"101853","RIKI SUBAGJA","REGULER","BD","35.7.20260802.32","10580876","6,000"
"101853","RIKI SUBAGJA","REGULER","BC","U35.10.20260802.12","10649111","65,000"
"101853","RIKI SUBAGJA","REGULER","BC","U35.10.20260802.12","10649178","130,000"
"101853","RIKI SUBAGJA","KHUSUS","BC","U35.10.20260802.12","10649111","200,000"
"101853","RIKI SUBAGJA","KHUSUS","BC","U35.10.20260802.12","10649178","200,000"
"101853","RIKI SUBAGJA","KHUSUS","BA","U35.10.20260802.13","10665626","49,541"
"101853","RIKI SUBAGJA","REGULER","BQ","U35.13.20260802.2","10666133","10,000"
"101853","RIKI SUBAGJA","REGULER","BP","U35.13.20260802.2","10547859","22,800"
"101853","RIKI SUBAGJA","REGULER","BO","35.13.20260804.15","10666060","2,000"
"101853","RIKI SUBAGJA","SPECIAL","BJ","35.13.20260804.15","10572378","4,000"
"101853","RIKI SUBAGJA","SPECIAL","BJ","35.13.20260804.15","10572385","8,000"
"101853","RIKI SUBAGJA","SPECIAL","BJ","35.13.20260804.15","10572019","11,000"
"101853","RIKI SUBAGJA","SPECIAL","BN","35.7.20260804.13","10559958","5,000"
"101853","RIKI SUBAGJA","SPECIAL","BN","35.7.20260804.13","10559961","5,000"
"101853","RIKI SUBAGJA","REGULER","BM","35.6.20260806.8","10599300","9,000"
"101853","RIKI SUBAGJA","BOOSTER AGT 2026 - ACCS","BM","35.6.20260806.8","10599300","25,000"
"101853","RIKI SUBAGJA","REGULER","BQ","U35.8.20260808.10","10176805","40,000"
"101853","RIKI SUBAGJA","REGULER","BQ","U35.8.20260808.10","10499722","35,000"
"101853","RIKI SUBAGJA","REGULER","BP","U35.8.20260808.10","10532346","54,000"
"101853","RIKI SUBAGJA","REGULER","BP","U35.8.20260808.10","10678592","48,000"
"101853","RIKI SUBAGJA","BOOSTER AGT 2026 - FURNI","BP","U35.8.20260808.10","10532346","70,000"
"101853","RIKI SUBAGJA","REGULER","BP","U35.8.20260808.9","10603389","36,000"
"101853","RIKI SUBAGJA","REGULER","BQ","U35.8.20260808.9","10666133","25,000"
"101853","RIKI SUBAGJA","REGULER","BP","U35.8.20260808.9","10581753","60,000"
"101853","RIKI SUBAGJA","REGULER","BP","U35.8.20260808.9","10603397","36,000"
"101853","RIKI SUBAGJA","REGULER","BP","U35.8.20260808.9","10581857","24,000"
"101853","RIKI SUBAGJA","REGULER","BK","35.6.20260809.39","10616484","4,800"
"101853","RIKI SUBAGJA","REGULER","BM","35.6.20260809.39","10599301","2,000"
"101853","RIKI SUBAGJA","REGULER","BO","35.6.20260809.39","10570203","1,000"
"101853","RIKI SUBAGJA","REGULER","BO","35.6.20260809.39","10632202","2,000"
"101853","RIKI SUBAGJA","REGULER","BD","U35.6.20260809.11","10626145","45,000"
"101853","RIKI SUBAGJA","KHUSUS","BA","U35.6.20260809.11","10578759","175,662"
"101853","RIKI SUBAGJA","REGULER","BQ","U35.13.20260810.1","10666138","45,000"
"101853","RIKI SUBAGJA","REGULER","BQ","U35.13.20260810.1","10666137","45,000"
"101853","RIKI SUBAGJA","REGULER","BQ","U35.13.20260810.1","10666136","200,000"
"101853","RIKI SUBAGJA","REGULER","BQ","U35.13.20260810.1","10666135","200,000"
"101853","RIKI SUBAGJA","REGULER","BQ","U35.13.20260810.1","10588647","30,000"
"101853","RIKI SUBAGJA","REGULER","BK","35.78.20260814.57","10664356","3,600"
"101853","RIKI SUBAGJA","REGULER","BM","35.78.20260814.60","10593744","2,000"
"101853","RIKI SUBAGJA","REGULER","BM","35.78.20260814.73","10593570","3,000"
"101853","RIKI SUBAGJA","REGULER","BL","35.78.20260815.1","10457022","8,000"
"101853","RIKI SUBAGJA","BOOSTER AGT 2026 - ACCS","BL","35.78.20260815.1","10457022","25,000"
"101853","RIKI SUBAGJA","REGULER","BO","35.78.20260815.12","10632602","1,000"
"101853","RIKI SUBAGJA","REGULER","BN","35.78.20260815.13","10263752","1,000"
"101853","RIKI SUBAGJA","SPECIAL","BN","35.78.20260815.17","10189349","7,000"
"101853","RIKI SUBAGJA","SPECIAL","BN","35.78.20260815.17","10178463","8,000"
"101853","RIKI SUBAGJA","SPECIAL","BN","35.78.20260815.17","10189347","8,000"
"101853","RIKI SUBAGJA","REGULER","BN","35.78.20260815.20","10612063","1,000"
"101853","RIKI SUBAGJA","SPECIAL","BJ","35.78.20260815.28","10610086","4,000"
"101853","RIKI SUBAGJA","SPECIAL","BN","35.78.20260815.31","10471258","6,000"
"101853","RIKI SUBAGJA","SPECIAL","BN","35.78.20260815.35","10567959","8,000"
"101853","RIKI SUBAGJA","SPECIAL","BN","35.78.20260815.37","10567959","8,000"
"101853","RIKI SUBAGJA","SPECIAL","BN","35.78.20260815.43","10553952","5,000"
"101853","RIKI SUBAGJA","REGULER","BN","35.78.20260815.46","10263752","1,000"
"101853","RIKI SUBAGJA","REGULER","BN","35.78.20260815.46","10686584","3,000"
"101853","RIKI SUBAGJA","SPECIAL","BJ","35.78.20260815.5","10666982","2,000"
"101853","RIKI SUBAGJA","REGULER","BM","35.78.20260815.59","10102966","3,000"
"101853","RIKI SUBAGJA","REGULER","BJ","35.78.20260815.6","10627725","2,000"
"101853","RIKI SUBAGJA","REGULER","BN","35.78.20260815.63","10291595","2,000"
"101853","RIKI SUBAGJA","REGULER","BJ","35.78.20260815.7","10627725","2,000"
"101853","RIKI SUBAGJA","SPECIAL","BN","35.78.20260815.8","10553950","5,000"
"101853","RIKI SUBAGJA","REGULER","BR","U35.13.20260815.7","10275775","37,500"
"101853","RIKI SUBAGJA","REGULER","BN","35.10.20260816.25","10513431","5,000"
"101853","RIKI SUBAGJA","REGULER","BO","35.10.20260816.25","10569256","1,000"
"101853","RIKI SUBAGJA","SPECIAL","BN","35.10.20260816.25","10666235","10,000"
"101853","RIKI SUBAGJA","REGULER","BO","35.78.20260816.2","10570203","1,000"
"101853","RIKI SUBAGJA","REGULER","BL","35.78.20260816.4","10483294","1,000"
"101853","RIKI SUBAGJA","SPECIAL","BJ","35.78.20260816.5","10572390","5,000"
"101853","RIKI SUBAGJA","REGULER","BK","35.8.20260816.5","10437788","4,800"
"101853","RIKI SUBAGJA","REGULER","BL","35.8.20260816.5","10554219","7,000"
"101853","RIKI SUBAGJA","BOOSTER AGT 2026 - ACCS","BK","35.8.20260816.5","10437788",""
"101853","RIKI SUBAGJA","BOOSTER AGT 2026 - ACCS","BK","35.8.20260816.5","10656084",""
"101853","RIKI SUBAGJA","BOOSTER AGT 2026 - ACCS","BK","35.8.20260816.5","10656086",""
"101853","RIKI SUBAGJA","BOOSTER AGT 2026 - ACCS","BK","35.8.20260816.5","10670572",""
"101853","RIKI SUBAGJA","BOOSTER AGT 2026 - ACCS","BK","35.8.20260816.5","10702662",""
"101853","RIKI SUBAGJA","BOOSTER AGT 2026 - ACCS","BL","35.8.20260816.5","10554219","25,000"
"101853","RIKI SUBAGJA","REGULER","BO","35.4.20260817.37","10594772","1,000"
"101853","RIKI SUBAGJA","SPECIAL","BJ","35.4.20260817.7","10676770","30,000"
"101853","RIKI SUBAGJA","REGULER","BD","U35.3.20260817.3","10704749","85,000"
"101853","RIKI SUBAGJA","SPECIAL","BD","U35.3.20260817.3","10655961","200,000"
"101853","RIKI SUBAGJA","REGULER","BD","U35.4.20260817.20","10093443","335,000"
"101853","RIKI SUBAGJA","SPECIAL","BD","U35.4.20260817.20","10445930","0"
"101853","RIKI SUBAGJA","BOOSTER AGT 2026 - FURNI","BD","U35.4.20260817.20","10445930","100,000"
"101853","RIKI SUBAGJA","BOOSTER AGT 2026 - FURNI","BF","U35.4.20260817.20","10639211","70,000"
"101853","RIKI SUBAGJA","REGULER","BF","U35.4.20260817.21","10629266","80,000"
"101853","RIKI SUBAGJA","SPECIAL","BJ","U35.4.20260817.21","10647654","30,000"
"101853","RIKI SUBAGJA","SPECIAL","BJ","U35.4.20260817.21","10603217","150,000"
"101853","RIKI SUBAGJA","SPECIAL","BJ","U35.4.20260817.21","10560078","7,000"
"101853","RIKI SUBAGJA","SPECIAL","BJ","U35.4.20260817.21","10654375","6,000"
"101853","RIKI SUBAGJA","SPECIAL","BJ","U35.4.20260817.21","10603211","75,000"
"101853","RIKI SUBAGJA","SPECIAL","BJ","U35.4.20260817.21","10655211","75,000"
"101853","RIKI SUBAGJA","REGULER","BA","U35.10.20260823.4","10511955","0"
"101853","RIKI SUBAGJA","REGULER","BA","U35.10.20260823.4","10095764","30,000"
"101853","RIKI SUBAGJA","KHUSUS","BA","U35.10.20260823.4","10609697","948,076"
"101853","RIKI SUBAGJA","BOOSTER AGT 2026 - FURNI","BA","U35.10.20260823.4","10609697","600,000"
"101853","RIKI SUBAGJA","REGULER","BQ","U35.13.20260824.1","","45,000"
"101853","RIKI SUBAGJA","SPECIAL","BG","U35.4.20260826.7","10685700","80,000"
"101853","RIKI SUBAGJA","BOOSTER AGT 2026 - FURNI","BG","U35.4.20260826.7","10685700","30,000"
"101853","RIKI SUBAGJA","REGULER","BA","U35.6.20260827.3","10095764","30,000"
"101853","RIKI SUBAGJA","REGULER","BD","U35.10.20260829.1","10108184","155,000"
"101853","RIKI SUBAGJA","REGULER","BQ","U35.4.20260830.2","10548350","20,000"
"101853","RIKI SUBAGJA","REGULER","BQ","U35.4.20260830.2","10564050","30,000"
"101853","RIKI SUBAGJA","REGULER","BQ","U35.4.20260830.2","10564053","30,000"
"101853","RIKI SUBAGJA","BOOSTER AGT 2026 - FURNI","BQ","U35.4.20260830.2","10548350","30,000"
"101853","RIKI SUBAGJA","BOOSTER AGT 2026 - FURNI","BQ","U35.4.20260830.2","10564050","50,000"
"101853","RIKI SUBAGJA","BOOSTER AGT 2026 - FURNI","BQ","U35.4.20260830.2","10564053","40,000"
"101853","RIKI SUBAGJA","KHUSUS","BA","U35.10.20260831.12","10679269","207,198"
"176140","WAHYU PERMANA","KHUSUS - JULI 2026","BA","U35.10.20260702.6","10685019","22,514"
"176140","WAHYU PERMANA","KHUSUS - JULI 2026","BA","U35.7.20260705.13","10521414","405,212"
"176140","WAHYU PERMANA","KHUSUS - JULI 2026","BA","U35.3.20260726.3","10521414","405,212"
"176140","WAHYU PERMANA","REGULER","BM","U35.3.20260801.12","10021016","7,000"
"176140","WAHYU PERMANA","BOOSTER AGT 2026 - ACCS","BM","U35.3.20260801.12","10021016","25,000"
"176140","WAHYU PERMANA","REGULER","BM","U35.3.20260801.13","10594886","2,000"
"176140","WAHYU PERMANA","REGULER","BM","U35.3.20260801.13","10021016","7,000"
"176140","WAHYU PERMANA","BOOSTER AGT 2026 - ACCS","BM","U35.3.20260801.13","10021016",""
"176140","WAHYU PERMANA","BOOSTER AGT 2026 - ACCS","BM","U35.3.20260801.13","10594886",""
"176140","WAHYU PERMANA","REGULER","BN","35.7.20260802.3","10541166","2,000"
"176140","WAHYU PERMANA","SPECIAL","BL","U35.8.20260802.3","10690161","70,000"
"176140","WAHYU PERMANA","SPECIAL","BL","U35.8.20260802.3","10690162","150,000"
"176140","WAHYU PERMANA","BOOSTER AGT 2026 - ACCS","BL","U35.8.20260802.3","10690161",""
"176140","WAHYU PERMANA","BOOSTER AGT 2026 - ACCS","BL","U35.8.20260802.3","10690162",""
"176140","WAHYU PERMANA","KHUSUS","BA","U35.6.20260803.5","10553775","44,135"
"176140","WAHYU PERMANA","REGULER","BO","35.6.20260804.1","10523704","0"
"176140","WAHYU PERMANA","SPECIAL","BL","U35.8.20260804.5","10571375","50,000"
"176140","WAHYU PERMANA","SPECIAL","BL","U35.8.20260804.5","10571376","50,000"
"176140","WAHYU PERMANA","BOOSTER AGT 2026 - ACCS","BL","U35.8.20260804.5","10571375","75,000"
"176140","WAHYU PERMANA","BOOSTER AGT 2026 - ACCS","BL","U35.8.20260804.5","10571376","75,000"
"176140","WAHYU PERMANA","SPECIAL","BB","U35.10.20260805.4","10686112","200,000"
"176140","WAHYU PERMANA","REGULER","BK","35.8.20260806.20","10707250","24,000"
"176140","WAHYU PERMANA","BOOSTER AGT 2026 - ACCS","BK","35.8.20260806.20","10707250","75,000"
"176140","WAHYU PERMANA","REGULER","BP","U35.13.20260806.10","10060253","84,000"
"176140","WAHYU PERMANA","REGULER","BP","U35.13.20260806.10","10072164","18,000"
"176140","WAHYU PERMANA","REGULER","BM","U35.13.20260806.11","10102966","4,000"
"176140","WAHYU PERMANA","REGULER","BP","U35.13.20260806.11","10060253","66,000"
"176140","WAHYU PERMANA","REGULER","BP","U35.13.20260806.11","10698113","20,400"
"176140","WAHYU PERMANA","KHUSUS","BA","U35.8.20260806.2","10533150","168,905"
"176140","WAHYU PERMANA","REGULER","BL","35.10.20260808.14","10624942","19,000"
"176140","WAHYU PERMANA","REGULER","BN","35.10.20260808.14","10489775","2,000"
"176140","WAHYU PERMANA","REGULER","BL","35.10.20260808.14","10503171","5,000"
"176140","WAHYU PERMANA","REGULER","BN","35.10.20260808.14","10422357","2,000"
"176140","WAHYU PERMANA","REGULER","BL","35.10.20260808.14","10708309","11,000"
"176140","WAHYU PERMANA","REGULER","BN","35.10.20260808.14","10584183","3,000"
"176140","WAHYU PERMANA","REGULER","BL","35.10.20260808.14","10706237","1,000"
"176140","WAHYU PERMANA","BOOSTER AGT 2026 - ACCS","BK","35.10.20260808.14","",""
"176140","WAHYU PERMANA","BOOSTER AGT 2026 - ACCS","BK","35.10.20260808.14","",""
"176140","WAHYU PERMANA","BOOSTER AGT 2026 - ACCS","BK","35.10.20260808.14","",""
"176140","WAHYU PERMANA","BOOSTER AGT 2026 - ACCS","BK","35.10.20260808.14","",""
"176140","WAHYU PERMANA","BOOSTER AGT 2026 - ACCS","BL","35.10.20260808.14","10503171",""
"176140","WAHYU PERMANA","BOOSTER AGT 2026 - ACCS","BL","35.10.20260808.14","10624942",""
"176140","WAHYU PERMANA","BOOSTER AGT 2026 - ACCS","BL","35.10.20260808.14","10659660",""
"176140","WAHYU PERMANA","BOOSTER AGT 2026 - ACCS","BL","35.10.20260808.14","10706236",""
"176140","WAHYU PERMANA","BOOSTER AGT 2026 - ACCS","BL","35.10.20260808.14","10706237",""
"176140","WAHYU PERMANA","BOOSTER AGT 2026 - ACCS","BL","35.10.20260808.14","10708309",""
"176140","WAHYU PERMANA","REGULER","BD","U35.13.20260808.7","10653995","40,000"
"176140","WAHYU PERMANA","SPECIAL","BJ","35.13.20260809.5","10580409","10,000"
"176140","WAHYU PERMANA","SPECIAL","BJ","35.13.20260809.5","10188211","8,000"
"176140","WAHYU PERMANA","SPECIAL","BJ","35.13.20260809.5","","8,000"
"176140","WAHYU PERMANA","SPECIAL","BJ","35.13.20260809.5","10180836","10,000"
"176140","WAHYU PERMANA","REGULER","BD","U35.7.20260809.3","10705601","70,000"
"176140","WAHYU PERMANA","REGULER","BN","U35.7.20260810.1","10547508","3,000"
"176140","WAHYU PERMANA","REGULER","BQ","U35.7.20260810.1","10499722","75,000"
"176140","WAHYU PERMANA","REGULER","BR","U35.7.20260810.1","10174197","30,000"
"176140","WAHYU PERMANA","REGULER","BR","U35.7.20260810.1","10174300","18,000"
"176140","WAHYU PERMANA","REGULER","BA","U35.7.20260810.1","10564448","50,000"
"176140","WAHYU PERMANA","REGULER","BL","35.10.20260813.20","10516814","3,000"
"176140","WAHYU PERMANA","REGULER","BK","35.6.20260813.12","10467911","1,200"
"176140","WAHYU PERMANA","REGULER","BP","U35.6.20260813.11","10615341","72,000"
"176140","WAHYU PERMANA","REGULER","BR","U35.6.20260813.11","10132778","25,500"
"176140","WAHYU PERMANA","REGULER","BQ","U35.6.20260813.11","10509701","45,000"
"176140","WAHYU PERMANA","REGULER","BP","U35.6.20260813.11","10581768","42,000"
"176140","WAHYU PERMANA","REGULER","BP","U35.6.20260813.11","10603389","20,400"
"176140","WAHYU PERMANA","REGULER","BP","U35.6.20260813.11","10581857","12,000"
"176140","WAHYU PERMANA","REGULER","BP","U35.6.20260813.11","10581853","36,000"
"176140","WAHYU PERMANA","REGULER","BD","U35.6.20260813.11","10580042","35,000"
"176140","WAHYU PERMANA","REGULER","BQ","U35.6.20260813.11","10666133","30,000"
"176140","WAHYU PERMANA","BOOSTER AGT 2026 - FURNI","BP","U35.6.20260813.11","10581768","50,000"
"176140","WAHYU PERMANA","REGULER","BR","U35.6.20260813.12","10132778","25,500"
"176140","WAHYU PERMANA","SPECIAL","BJ","35.8.20260815.27","10422779","0"
"176140","WAHYU PERMANA","SPECIAL","BB","U35.10.20260815.3","10617181","80,000"
"176140","WAHYU PERMANA","REGULER","BA","U35.8.20260815.12","10511955","0"
"176140","WAHYU PERMANA","KHUSUS","BA","U35.8.20260815.12","10568395","99,550"
"176140","WAHYU PERMANA","KHUSUS","BA","U35.8.20260815.12","10580934","999,324"
"176140","WAHYU PERMANA","SPECIAL","BD","U35.8.20260815.12","10430149","500,000"
"176140","WAHYU PERMANA","BOOSTER AGT 2026 - FURNI","BA","U35.8.20260815.12","10580934","500,000"
"176140","WAHYU PERMANA","BOOSTER AGT 2026 - FURNI","BD","U35.8.20260815.12","10430149","100,000"
"176140","WAHYU PERMANA","BOOSTER AGT 2026 - ACCS","BO","U35.6.20260816.13","10629693","120,000"
"176140","WAHYU PERMANA","REGULER","BN","35.7.20260817.15","10544849","1,000"
"176140","WAHYU PERMANA","REGULER","BK","35.7.20260817.15","10437787","1,200"
"176140","WAHYU PERMANA","REGULER","BK","35.7.20260817.15","10437788","6,000"
"176140","WAHYU PERMANA","REGULER","BN","35.78.20260817.30","10636359","2,000"
"176140","WAHYU PERMANA","SPECIAL","BJ","35.8.20260817.10","10596035","50,000"
"176140","WAHYU PERMANA","REGULER","BL","35.8.20260817.8","10550394","3,000"
"176140","WAHYU PERMANA","REGULER","BB","U35.0.20260821.1","10625928","-20,000"
"176140","WAHYU PERMANA","REGULER","BB","U35.10.20260821.3","10625928","20,000"
"176140","WAHYU PERMANA","KHUSUS","BA","U35.3.20260821.3","10664851","65,757"
"176140","WAHYU PERMANA","SPECIAL","BB","U35.3.20260821.3","10700155","50,000"
"176140","WAHYU PERMANA","REGULER","BC","U35.10.20260823.1","10250050","50,000"
"176140","WAHYU PERMANA","SPECIAL","BN","35.6.20260825.29","10052867","6,000"
"176140","WAHYU PERMANA","SPECIAL","BN","35.6.20260825.29","10065121","12,000"
"176140","WAHYU PERMANA","SPECIAL","BN","35.6.20260825.29","10065123","6,000"
"176140","WAHYU PERMANA","KHUSUS","BA","U35.6.20260825.4","10691371","45,036"
"176140","WAHYU PERMANA","REGULER","BM","35.13.20260827.11","10595794","1,000"
"176140","WAHYU PERMANA","SPECIAL","BJ","35.13.20260827.11","","6,000"
"176140","WAHYU PERMANA","SPECIAL","BJ","35.13.20260827.11","","6,000"
"176140","WAHYU PERMANA","REGULER","BK","35.8.20260827.10","10639322","9,600"
"176140","WAHYU PERMANA","BOOSTER AGT 2026 - ACCS","BK","35.8.20260827.10","10639322","25,000"
"176140","WAHYU PERMANA","REGULER","BC","U35.10.20260830.11","10701084","25,000"
"176140","WAHYU PERMANA","REGULER","BP","U35.13.20260830.12","10532346","54,000"
"176140","WAHYU PERMANA","BOOSTER AGT 2026 - FURNI","BP","U35.13.20260830.12","10532346","70,000"
"171707","PUTRI AYU NAIBAHO","KHUSUS - JULI 2026","BA","U35.6.20260701.8","10533158","82,883"
"171707","PUTRI AYU NAIBAHO","KHUSUS - JULI 2026","BA","U35.6.20260701.8","10533159","82,883"
"171707","PUTRI AYU NAIBAHO","KHUSUS - JULI 2026","BA","U35.6.20260701.8","10558710","810,793"
"171707","PUTRI AYU NAIBAHO","KHUSUS - JULI 2026","BA","U35.6.20260711.13","10681538","405,223"
"171707","PUTRI AYU NAIBAHO","KHUSUS - JULI 2026","BA","U35.10.20260717.7","10562031","243,230"
"171707","PUTRI AYU NAIBAHO","REGULER","BM","35.10.20260801.49","10132201","2,000"
"171707","PUTRI AYU NAIBAHO","SPECIAL","BJ","35.10.20260801.49","10647655","30,000"
"171707","PUTRI AYU NAIBAHO","REGULER","BG","35.13.20260801.7","10469825","14,000"
"171707","PUTRI AYU NAIBAHO","SPECIAL","BB","U35.10.20260801.6","10657138","200,000"
"171707","PUTRI AYU NAIBAHO","REGULER","BB","U35.4.20260801.17","10583274","19,000"
"171707","PUTRI AYU NAIBAHO","BOOSTER AGT 2026 - FURNI","BI","U35.4.20260801.17","10523537","25,000"
"171707","PUTRI AYU NAIBAHO","REGULER","BL","U35.6.20260801.15","10698334","25,000"
"171707","PUTRI AYU NAIBAHO","BOOSTER AGT 2026 - ACCS","BL","U35.6.20260801.15","10632137",""
"171707","PUTRI AYU NAIBAHO","BOOSTER AGT 2026 - ACCS","BL","U35.6.20260801.15","10698334",""
"171707","PUTRI AYU NAIBAHO","REGULER","BD","U35.8.20260801.28","10616596","60,000"
"171707","PUTRI AYU NAIBAHO","REGULER","BA","U35.8.20260801.28","10574621","105,000"
"171707","PUTRI AYU NAIBAHO","SPECIAL","BD","U35.8.20260801.28","10631190","200,000"
"171707","PUTRI AYU NAIBAHO","SPECIAL","BF","U35.8.20260801.28","10689223","180,000"
"171707","PUTRI AYU NAIBAHO","BOOSTER AGT 2026 - ACCS","BK","35.10.20260803.18","10153390",""
"171707","PUTRI AYU NAIBAHO","BOOSTER AGT 2026 - ACCS","BK","35.10.20260803.18","10495328",""
"171707","PUTRI AYU NAIBAHO","BOOSTER AGT 2026 - ACCS","BK","35.10.20260803.18","",""
"171707","PUTRI AYU NAIBAHO","BOOSTER AGT 2026 - ACCS","BK","35.10.20260803.18","",""
"171707","PUTRI AYU NAIBAHO","BOOSTER AGT 2026 - ACCS","BK","35.10.20260803.18","",""
"171707","PUTRI AYU NAIBAHO","REGULER","BN","35.10.20260803.28","10700413","3,000"
"171707","PUTRI AYU NAIBAHO","REGULER","BN","35.10.20260803.28","10187944","3,000"
"171707","PUTRI AYU NAIBAHO","BOOSTER AGT 2026 - ACCS","BL","35.4.20260803.10","10607014",""
"171707","PUTRI AYU NAIBAHO","BOOSTER AGT 2026 - ACCS","BL","35.4.20260803.10","10695892",""
"171707","PUTRI AYU NAIBAHO","BOOSTER AGT 2026 - ACCS","BL","35.4.20260803.10","10706236",""
"171707","PUTRI AYU NAIBAHO","BOOSTER AGT 2026 - ACCS","BL","35.4.20260803.10","10710490",""
"171707","PUTRI AYU NAIBAHO","BOOSTER AGT 2026 - ACCS","BL","35.4.20260803.10","10710492",""
"171707","PUTRI AYU NAIBAHO","BOOSTER AGT 2026 - ACCS","BM","35.4.20260803.10","10151126",""
"171707","PUTRI AYU NAIBAHO","BOOSTER AGT 2026 - ACCS","BM","35.4.20260803.10","10538034",""
"171707","PUTRI AYU NAIBAHO","BOOSTER AGT 2026 - ACCS","BM","35.4.20260803.10","10555021",""
"171707","PUTRI AYU NAIBAHO","BOOSTER AGT 2026 - ACCS","BM","35.4.20260803.10","10555902",""
"171707","PUTRI AYU NAIBAHO","BOOSTER AGT 2026 - ACCS","BM","35.4.20260803.10","",""
"171707","PUTRI AYU NAIBAHO","REGULER","BB","U35.10.20260803.11","10199865","20,000"
"171707","PUTRI AYU NAIBAHO","REGULER","BB","U35.4.20260803.6","10632869","17,000"
"171707","PUTRI AYU NAIBAHO","REGULER","BM","35.10.20260804.21","10102966","3,000"
"171707","PUTRI AYU NAIBAHO","SPECIAL","BE","U35.10.20260804.6","10555856","150,000"
"171707","PUTRI AYU NAIBAHO","SPECIAL","BL","35.10.20260805.14","10571372","20,000"
"171707","PUTRI AYU NAIBAHO","BOOSTER AGT 2026 - ACCS","BL","35.10.20260805.14","10571372","50,000"
"171707","PUTRI AYU NAIBAHO","REGULER","BK","35.10.20260805.16","10542771","2,400"
"171707","PUTRI AYU NAIBAHO","SPECIAL","BJ","35.10.20260805.16","10609646","10,000"
"171707","PUTRI AYU NAIBAHO","REGULER","BK","35.10.20260805.19","10667454","2,400"
"171707","PUTRI AYU NAIBAHO","REGULER","BK","35.4.20260806.4","10469867","2,400"
"171707","PUTRI AYU NAIBAHO","SPECIAL","BJ","35.4.20260806.4","10572389","4,000"
"171707","PUTRI AYU NAIBAHO","SPECIAL","BJ","35.4.20260806.4","10572382","4,000"
"171707","PUTRI AYU NAIBAHO","SPECIAL","BJ","35.4.20260806.4","10572032","10,000"
"171707","PUTRI AYU NAIBAHO","SPECIAL","BJ","35.4.20260806.4","10572372","18,000"
"171707","PUTRI AYU NAIBAHO","REGULER","BO","35.8.20260806.12","10565507","1,000"
"171707","PUTRI AYU NAIBAHO","KHUSUS","BA","U35.10.20260808.8","10634167","170,257"
"171707","PUTRI AYU NAIBAHO","REGULER","BM","35.10.20260809.2","10410875","4,000"
"171707","PUTRI AYU NAIBAHO","REGULER","BL","35.10.20260809.2","10701495","7,000"
"171707","PUTRI AYU NAIBAHO","REGULER","BO","35.10.20260809.2","10506858","0"
"171707","PUTRI AYU NAIBAHO","REGULER","BO","35.10.20260809.2","10644513","1,000"
"171707","PUTRI AYU NAIBAHO","REGULER","BO","35.10.20260809.2","10644512","1,000"
"171707","PUTRI AYU NAIBAHO","REGULER","BL","35.10.20260809.2","10550626","2,000"
"171707","PUTRI AYU NAIBAHO","REGULER","BL","35.10.20260809.2","10550627","2,000"
"171707","PUTRI AYU NAIBAHO","REGULER","BL","35.10.20260809.2","10550628","2,000"
"171707","PUTRI AYU NAIBAHO","BOOSTER AGT 2026 - ACCS","BL","35.10.20260809.2","10550626",""
"171707","PUTRI AYU NAIBAHO","BOOSTER AGT 2026 - ACCS","BL","35.10.20260809.2","10550627",""
"171707","PUTRI AYU NAIBAHO","BOOSTER AGT 2026 - ACCS","BL","35.10.20260809.2","10550628",""
"171707","PUTRI AYU NAIBAHO","BOOSTER AGT 2026 - ACCS","BL","35.10.20260809.2","10701495",""
"171707","PUTRI AYU NAIBAHO","REGULER","BO","35.6.20260809.29","10689588","20,000"
"171707","PUTRI AYU NAIBAHO","BOOSTER AGT 2026 - ACCS","BO","35.6.20260809.29","10689588","60,000"
"171707","PUTRI AYU NAIBAHO","REGULER","BP","U35.13.20260809.25","10551642","30,000"
"171707","PUTRI AYU NAIBAHO","SPECIAL","BL","35.10.20260810.11","10645392","50,000"
"171707","PUTRI AYU NAIBAHO","SPECIAL","BJ","35.10.20260810.11","10647661","30,000"
"171707","PUTRI AYU NAIBAHO","SPECIAL","BJ","35.10.20260810.11","10695961","50,000"
"171707","PUTRI AYU NAIBAHO","BOOSTER AGT 2026 - ACCS","BL","35.10.20260810.11","10645392","75,000"
"171707","PUTRI AYU NAIBAHO","REGULER","BL","35.10.20260810.13","10698324","9,000"
"171707","PUTRI AYU NAIBAHO","BOOSTER AGT 2026 - ACCS","BL","35.10.20260810.13","10698324","25,000"
"171707","PUTRI AYU NAIBAHO","REGULER","BJ","35.7.20260810.19","10664236","4,000"
"171707","PUTRI AYU NAIBAHO","SPECIAL","BF","U35.7.20260810.12","10648126","150,000"
"171707","PUTRI AYU NAIBAHO","REGULER","BK","35.8.20260811.17","10554239","1,200"
"171707","PUTRI AYU NAIBAHO","REGULER","BK","35.8.20260811.17","10462452","2,400"
"171707","PUTRI AYU NAIBAHO","REGULER","BK","35.8.20260811.17","10462451","2,400"
"171707","PUTRI AYU NAIBAHO","BOOSTER AGT 2026 - ACCS","BK","35.8.20260811.17","10462451",""
"171707","PUTRI AYU NAIBAHO","BOOSTER AGT 2026 - ACCS","BK","35.8.20260811.17","10462452",""
"171707","PUTRI AYU NAIBAHO","BOOSTER AGT 2026 - ACCS","BK","35.8.20260811.17","10554239",""
"171707","PUTRI AYU NAIBAHO","BOOSTER AGT 2026 - ACCS","BK","35.8.20260811.17","",""
"171707","PUTRI AYU NAIBAHO","BOOSTER AGT 2026 - ACCS","BK","35.8.20260811.17","",""
"171707","PUTRI AYU NAIBAHO","BOOSTER AGT 2026 - ACCS","BK","35.8.20260811.17","",""
"171707","PUTRI AYU NAIBAHO","REGULER","BR","U35.13.20260811.8","10472022","112,500"
"171707","PUTRI AYU NAIBAHO","REGULER","BR","U35.13.20260811.8","10177599","27,000"
"171707","PUTRI AYU NAIBAHO","REGULER","BL","35.7.20260813.19","10471332","4,000"
"171707","PUTRI AYU NAIBAHO","REGULER","BK","35.8.20260813.20","10430206","2,400"
"171707","PUTRI AYU NAIBAHO","REGULER","BC","U35.7.20260813.11","10684470","55,000"
"171707","PUTRI AYU NAIBAHO","REGULER","BB","U35.7.20260813.11","10604362","5,000"
"171707","PUTRI AYU NAIBAHO","KHUSUS","BB","U35.7.20260813.11","10580926","10,811"
"171707","PUTRI AYU NAIBAHO","REGULER","BK","U35.8.20260813.9","10313721","7,200"
"171707","PUTRI AYU NAIBAHO","REGULER","BL","35.3.20260814.5","10550396","3,000"
"171707","PUTRI AYU NAIBAHO","REGULER","BO","35.8.20260815.30","10599271","1,000"
"171707","PUTRI AYU NAIBAHO","REGULER","BO","35.8.20260815.30","10599270","1,000"
"171707","PUTRI AYU NAIBAHO","REGULER","BR","U35.13.20260815.5","10589328","28,500"
"171707","PUTRI AYU NAIBAHO","REGULER","BG","U35.13.20260815.5","10559896","15,000"
"171707","PUTRI AYU NAIBAHO","REGULER","BA","U35.8.20260815.15","10681534","55,000"
"171707","PUTRI AYU NAIBAHO","REGULER","BB","U35.8.20260815.15","10602601","8,000"
"171707","PUTRI AYU NAIBAHO","REGULER","BR","U35.8.20260815.16","10570194","4,500"
"171707","PUTRI AYU NAIBAHO","REGULER","BM","U35.8.20260815.16","10599300","3,000"
"171707","PUTRI AYU NAIBAHO","REGULER","BK","35.10.20260816.23","10697865","4,800"
"171707","PUTRI AYU NAIBAHO","REGULER","BK","35.10.20260816.23","10411585","3,600"
"171707","PUTRI AYU NAIBAHO","BOOSTER AGT 2026 - ACCS","BK","35.10.20260816.23","10411585",""
"171707","PUTRI AYU NAIBAHO","BOOSTER AGT 2026 - ACCS","BK","35.10.20260816.23","10697865",""
"171707","PUTRI AYU NAIBAHO","REGULER","BN","35.6.20260816.9","10198897","3,000"
"171707","PUTRI AYU NAIBAHO","REGULER","BL","35.6.20260816.9","10504968","8,000"
"171707","PUTRI AYU NAIBAHO","REGULER","BN","35.6.20260816.9","10030488","25,000"
"171707","PUTRI AYU NAIBAHO","REGULER","BK","35.6.20260816.9","10458874","6,000"
"171707","PUTRI AYU NAIBAHO","SPECIAL","BL","35.6.20260816.9","10642175","70,000"
"171707","PUTRI AYU NAIBAHO","SPECIAL","BN","35.6.20260816.9","10661489","10,000"
"171707","PUTRI AYU NAIBAHO","BOOSTER AGT 2026 - ACCS","BL","35.6.20260816.9","10504968",""
"171707","PUTRI AYU NAIBAHO","BOOSTER AGT 2026 - ACCS","BL","35.6.20260816.9","10642175",""
"171707","PUTRI AYU NAIBAHO","REGULER","BR","U35.4.20260816.15","10667021","30,000"
"171707","PUTRI AYU NAIBAHO","REGULER","BM","35.7.20260817.12","10056454","1,000"
"171707","PUTRI AYU NAIBAHO","REGULER","BR","U35.6.20260817.14","10375947","37,500"
"171707","PUTRI AYU NAIBAHO","SPECIAL","BF","U35.7.20260817.1","10602206","25,000"
"171707","PUTRI AYU NAIBAHO","KHUSUS","BA","U35.3.20260821.4","10719948","267,554"
"171707","PUTRI AYU NAIBAHO","SPECIAL","BE","U35.3.20260821.4","10617982","160,000"
"171707","PUTRI AYU NAIBAHO","SPECIAL","BE","U35.3.20260821.4","10621195","215,000"
"171707","PUTRI AYU NAIBAHO","SPECIAL","BF","U35.4.20260825.3","10602206","25,000"
"171707","PUTRI AYU NAIBAHO","REGULER","BB","U35.6.20260827.5","10625928","20,000"
"171707","PUTRI AYU NAIBAHO","KHUSUS","BA","U35.6.20260827.5","10700445","108,095"
"171707","PUTRI AYU NAIBAHO","KHUSUS","BA","U35.6.20260827.5","10701097","108,095"
"171707","PUTRI AYU NAIBAHO","REGULER","BD","U35.3.20260830.2","10613913","190,000"
"171707","PUTRI AYU NAIBAHO","KHUSUS","BB","U35.3.20260830.4","10667037","64,315"
"174457","FERA YUNIAR","REGULER","BB","35.7.20260801.11","10576296","11,000"
"174457","FERA YUNIAR","SPECIAL","BJ","35.7.20260801.13","10422780","0"
"174457","FERA YUNIAR","REGULER","BL","35.8.20260801.42","10532043","2,000"
"174457","FERA YUNIAR","REGULER","BL","35.8.20260801.42","10532039","2,000"
"174457","FERA YUNIAR","REGULER","BI","U35.3.20260801.6","10569959","9,600"
"174457","FERA YUNIAR","REGULER","BC","U35.4.20260801.3","10698311","60,000"
"174457","FERA YUNIAR","REGULER","BA","U35.7.20260801.8","10614288","0"
"174457","FERA YUNIAR","REGULER","BA","U35.7.20260801.8","10614287","80,000"
"174457","FERA YUNIAR","SPECIAL","BB","U35.7.20260801.8","10679061","30,000"
"174457","FERA YUNIAR","REGULER","BL","U35.7.20260801.9","10488568","3,000"
"174457","FERA YUNIAR","REGULER","BB","U35.7.20260801.9","10625927","8,000"
"174457","FERA YUNIAR","BOOSTER AGT 2026 - ACCS","BL","U35.7.20260801.9","10192431",""
"174457","FERA YUNIAR","BOOSTER AGT 2026 - ACCS","BL","U35.7.20260801.9","10257906",""
"174457","FERA YUNIAR","BOOSTER AGT 2026 - ACCS","BL","U35.7.20260801.9","10450396",""
"174457","FERA YUNIAR","BOOSTER AGT 2026 - ACCS","BL","U35.7.20260801.9","10488568",""
"174457","FERA YUNIAR","REGULER","BO","35.10.20260802.44","10599263","1,000"
"174457","FERA YUNIAR","BOOSTER AGT 2026 - ACCS","BL","35.3.20260802.31","10552426","75,000"
"174457","FERA YUNIAR","REGULER","BR","U35.10.20260802.17","10132778","25,500"
"174457","FERA YUNIAR","REGULER","BB","U35.10.20260802.17","10350221","9,000"
"174457","FERA YUNIAR","KHUSUS","BA","U35.10.20260802.17","10644741","85,577"
"174457","FERA YUNIAR","REGULER","BM","U35.10.20260802.18","10594886","2,000"
"174457","FERA YUNIAR","BOOSTER AGT 2026 - ACCS","BM","U35.10.20260802.18","10594886",""
"174457","FERA YUNIAR","BOOSTER AGT 2026 - ACCS","BM","U35.10.20260802.18","10611199",""
"174457","FERA YUNIAR","REGULER","BL","U35.6.20260802.18","10694065","5,000"
"174457","FERA YUNIAR","SPECIAL","BL","U35.6.20260802.18","10694052","110,000"
"174457","FERA YUNIAR","SPECIAL","BL","U35.6.20260802.18","10694054","120,000"
"174457","FERA YUNIAR","BOOSTER AGT 2026 - ACCS","BL","U35.6.20260802.18","10694052",""
"174457","FERA YUNIAR","BOOSTER AGT 2026 - ACCS","BL","U35.6.20260802.18","10694054",""
"174457","FERA YUNIAR","BOOSTER AGT 2026 - ACCS","BL","U35.6.20260802.18","10694065",""
"174457","FERA YUNIAR","REGULER","BM","35.78.20260803.68","10161038","3,000"
"174457","FERA YUNIAR","REGULER","BM","35.78.20260803.69","10594886","3,000"
"174457","FERA YUNIAR","REGULER","BK","35.78.20260803.70","10667469","2,400"
"174457","FERA YUNIAR","REGULER","BJ","35.78.20260803.72","10695144","8,000"
"174457","FERA YUNIAR","REGULER","BM","35.8.20260803.7","10595794","2,000"
"174457","FERA YUNIAR","REGULER","BN","35.8.20260803.7","10421603","2,000"
"174457","FERA YUNIAR","REGULER","BK","35.8.20260803.7","10462451","6,000"
"174457","FERA YUNIAR","SPECIAL","BJ","35.8.20260803.7","10647653","30,000"
"174457","FERA YUNIAR","SPECIAL","BJ","35.8.20260803.7","10677531","150,000"
"174457","FERA YUNIAR","SPECIAL","BJ","35.8.20260803.7","10572390","12,000"
"174457","FERA YUNIAR","SPECIAL","BJ","35.8.20260803.7","10695962","50,000"
"174457","FERA YUNIAR","SPECIAL","BJ","35.8.20260803.7","10572381","4,000"
"174457","FERA YUNIAR","BOOSTER AGT 2026 - ACCS","BK","35.8.20260803.7","10462451",""
"174457","FERA YUNIAR","BOOSTER AGT 2026 - ACCS","BK","35.8.20260803.7","10491808",""
"174457","FERA YUNIAR","BOOSTER AGT 2026 - ACCS","BK","35.8.20260803.7","10615170",""
"174457","FERA YUNIAR","BOOSTER AGT 2026 - ACCS","DA","35.8.20260803.7","10639129",""
"174457","FERA YUNIAR","BOOSTER AGT 2026 - ACCS","DB","35.8.20260803.7","10487084",""
"174457","FERA YUNIAR","REGULER","BC","U35.6.20260803.2","10588596","35,000"
"174457","FERA YUNIAR","REGULER","BC","U35.6.20260803.2","10649201","55,000"
"174457","FERA YUNIAR","REGULER","BC","U35.6.20260803.2","10649202","45,000"
"174457","FERA YUNIAR","REGULER","BC","U35.6.20260803.2","10649199","60,000"
"174457","FERA YUNIAR","REGULER","BC","U35.6.20260803.2","10649203","50,000"
"174457","FERA YUNIAR","REGULER","BC","U35.6.20260803.2","10649200","225,000"
"174457","FERA YUNIAR","KHUSUS","BC","U35.6.20260803.2","10649202","116,667"
"174457","FERA YUNIAR","KHUSUS","BC","U35.6.20260803.2","10649203","116,667"
"174457","FERA YUNIAR","KHUSUS","BC","U35.6.20260803.2","10588596","116,667"
"174457","FERA YUNIAR","KHUSUS","BC","U35.6.20260803.2","10649199","116,667"
"174457","FERA YUNIAR","KHUSUS","BC","U35.6.20260803.2","10649200","116,667"
"174457","FERA YUNIAR","KHUSUS","BC","U35.6.20260803.2","10649201","116,667"
"174457","FERA YUNIAR","SPECIAL","BL","U35.8.20260803.2","10632130","140,000"
"174457","FERA YUNIAR","BOOSTER AGT 2026 - ACCS","BL","U35.8.20260803.2","10632130","175,000"
"174457","FERA YUNIAR","SPECIAL","BJ","35.4.20260805.6","10602647","10,000"
"174457","FERA YUNIAR","SPECIAL","BJ","35.4.20260805.6","10602851","3,000"
"174457","FERA YUNIAR","REGULER","BO","35.6.20260807.13","10599265","1,000"
"174457","FERA YUNIAR","REGULER","BM","35.6.20260807.13","10029821","3,000"
"174457","FERA YUNIAR","REGULER","BP","U35.8.20260808.16","10672451","14,400"
"174457","FERA YUNIAR","KHUSUS","BA","U35.8.20260808.24","10682737","120,608"
"174457","FERA YUNIAR","KHUSUS","BA","U35.8.20260808.24","10682740","120,608"
"174457","FERA YUNIAR","KHUSUS","BA","U35.8.20260808.24","10682732","1,261,216"
"174457","FERA YUNIAR","SPECIAL","BB","U35.8.20260808.24","10507505","200,000"
"174457","FERA YUNIAR","SPECIAL","BB","U35.8.20260808.24","10387598","200,000"
"174457","FERA YUNIAR","SPECIAL","BB","U35.8.20260808.24","10617181","80,000"
"174457","FERA YUNIAR","REGULER","BD","U35.13.20260812.5","10546013","110,000"
"174457","FERA YUNIAR","SPECIAL","BD","U35.13.20260812.5","10655961","200,000"
"174457","FERA YUNIAR","SPECIAL","BJ","35.6.20260816.25","10560074","9,000"
"174457","FERA YUNIAR","SPECIAL","BJ","35.6.20260816.25","10560051","8,000"
"174457","FERA YUNIAR","REGULER","BB","U35.3.20260816.14","10671376","25,000"
"174457","FERA YUNIAR","REGULER","BD","U35.10.20260817.10","10696150","35,000"
"174457","FERA YUNIAR","REGULER","BC","U35.10.20260817.10","10663090","55,000"
"174457","FERA YUNIAR","REGULER","BF","U35.8.20260817.4","10571550","130,000"
"174457","FERA YUNIAR","REGULER","BF","U35.8.20260817.4","10413262","65,000"
"174457","FERA YUNIAR","REGULER","BL","35.6.20260821.20","10213918","0"
"174457","FERA YUNIAR","REGULER","BM","35.6.20260823.34","10593568","2,000"
"174457","FERA YUNIAR","REGULER","BO","35.10.20260826.3","10637801","4,000"
"174457","FERA YUNIAR","REGULER","BB","U35.6.20260829.8","10618364","12,000"
"174457","FERA YUNIAR","SPECIAL","BB","U35.6.20260830.3","10707627","100,000"
"174457","FERA YUNIAR","REGULER","BB","U35.6.20260830.4","10629144","20,000"
"189824","SARI NOVATIANI","KHUSUS - JULI 2026","BA","U35.7.20260728.5","10553774","45,036"
"189824","SARI NOVATIANI","REGULER","BO","35.7.20260801.17","10666065","1,000"
"189824","SARI NOVATIANI","REGULER","DB","35.7.20260801.26","10571117","7,500"
"189824","SARI NOVATIANI","REGULER","BD","U35.7.20260801.3","10705602","55,000"
"189824","SARI NOVATIANI","REGULER","BM","U35.7.20260801.3","10627016","6,000"
"189824","SARI NOVATIANI","SPECIAL","BD","U35.3.20260802.12","10571751","0"
"189824","SARI NOVATIANI","REGULER","BK","35.8.20260804.9","10421515","10,800"
"189824","SARI NOVATIANI","SPECIAL","BL","35.8.20260804.9","10694052","110,000"
"189824","SARI NOVATIANI","BOOSTER AGT 2026 - ACCS","BK","35.8.20260804.9","10421515","25,000"
"189824","SARI NOVATIANI","BOOSTER AGT 2026 - ACCS","BL","35.8.20260804.9","10694052","150,000"
"189824","SARI NOVATIANI","REGULER","BR","U35.13.20260804.11","10472020","90,000"
"189824","SARI NOVATIANI","REGULER","BR","U35.13.20260804.12","10177599","82,500"
"189824","SARI NOVATIANI","REGULER","BR","U35.13.20260804.13","10177599","27,000"
"189824","SARI NOVATIANI","REGULER","BR","U35.13.20260804.13","10472020","45,000"
"189824","SARI NOVATIANI","REGULER","BR","U35.13.20260804.14","10472020","90,000"
"189824","SARI NOVATIANI","REGULER","BR","U35.13.20260804.8","10105249","135,000"
"189824","SARI NOVATIANI","REGULER","BR","U35.13.20260804.9","10105249","135,000"
"189824","SARI NOVATIANI","REGULER","BR","U35.8.20260804.7","10472020","45,000"
"189824","SARI NOVATIANI","KHUSUS","BA","U35.6.20260808.9","10659560","54,045"
"189824","SARI NOVATIANI","REGULER","BO","35.6.20260809.19","10599270","1,000"
"189824","SARI NOVATIANI","REGULER","BA","U35.10.20260809.6","10511955","0"
"189824","SARI NOVATIANI","SPECIAL","BN","35.3.20260813.3","10349990","7,000"
"189824","SARI NOVATIANI","REGULER","DB","35.3.20260813.7","10622132","6,000"
"189824","SARI NOVATIANI","BOOSTER AGT 2026 - ACCS","DB","35.3.20260813.7","10564154",""
"189824","SARI NOVATIANI","BOOSTER AGT 2026 - ACCS","DB","35.3.20260813.7","10598521",""
"189824","SARI NOVATIANI","BOOSTER AGT 2026 - ACCS","DB","35.3.20260813.7","10622132",""
"189824","SARI NOVATIANI","REGULER","BN","35.6.20260813.12","10092439","2,000"
"189824","SARI NOVATIANI","REGULER","BN","35.10.20260815.47","10470079","4,000"
"189824","SARI NOVATIANI","REGULER","DB","35.10.20260815.47","10572617","13,500"
"189824","SARI NOVATIANI","REGULER","BE","U35.3.20260815.15","10686027","25,000"
"189824","SARI NOVATIANI","SPECIAL","BF","U35.3.20260815.15","10708980","25,000"
"189824","SARI NOVATIANI","REGULER","BQ","U35.4.20260815.20","10666141","14,000"
"189824","SARI NOVATIANI","REGULER","BO","35.3.20260816.3","10565011","1,000"
"189824","SARI NOVATIANI","REGULER","BO","35.3.20260816.3","10565010","1,000"
"189824","SARI NOVATIANI","BOOSTER AGT 2026 - ACCS","BO","35.3.20260816.3","10562272",""
"189824","SARI NOVATIANI","BOOSTER AGT 2026 - ACCS","BO","35.3.20260816.3","10565010",""
"189824","SARI NOVATIANI","BOOSTER AGT 2026 - ACCS","BO","35.3.20260816.3","10565011",""
"189824","SARI NOVATIANI","REGULER","BO","35.3.20260817.28","10697006","1,000"
"189824","SARI NOVATIANI","REGULER","BO","35.3.20260817.43","10644937","3,000"
"189824","SARI NOVATIANI","REGULER","BN","35.7.20260817.43","10275874","2,000"
"189824","SARI NOVATIANI","REGULER","BK","U35.8.20260817.8","10499502","2,400"
"189824","SARI NOVATIANI","REGULER","BO","U35.8.20260817.8","10698132","20,000"
"189824","SARI NOVATIANI","REGULER","BK","U35.8.20260817.8","10541975","19,200"
"189824","SARI NOVATIANI","REGULER","BB","U35.8.20260817.8","10571021","9,000"
"189824","SARI NOVATIANI","REGULER","BK","U35.8.20260817.8","10574120","1,200"
"189824","SARI NOVATIANI","BOOSTER AGT 2026 - ACCS","BK","U35.8.20260817.8","10499502",""
"189824","SARI NOVATIANI","BOOSTER AGT 2026 - ACCS","BK","U35.8.20260817.8","10541975",""
"189824","SARI NOVATIANI","BOOSTER AGT 2026 - ACCS","BK","U35.8.20260817.8","10574120",""
"189824","SARI NOVATIANI","BOOSTER AGT 2026 - ACCS","BO","U35.8.20260817.8","10698132","60,000"
"189824","SARI NOVATIANI","REGULER","DB","35.3.20260818.2","10708621","15,000"
"189824","SARI NOVATIANI","BOOSTER AGT 2026 - ACCS","DB","35.3.20260818.2","10708621","30,000"
"189824","SARI NOVATIANI","SPECIAL","BN","35.3.20260820.4","10553954","5,000"
"189824","SARI NOVATIANI","REGULER","BN","35.7.20260820.8","10541411","0"
"189824","SARI NOVATIANI","REGULER","BN","35.7.20260820.8","10541400","0"
"189824","SARI NOVATIANI","REGULER","BQ","U35.4.20260820.11","10509701","45,000"
"189824","SARI NOVATIANI","REGULER","BD","U35.7.20260820.3","10578755","8,000"
"189824","SARI NOVATIANI","REGULER","DB","35.3.20260822.6","10668796","10,500"
"189824","SARI NOVATIANI","REGULER","BD","U35.0.20260822.1","10247921","-280,000"
"189824","SARI NOVATIANI","SPECIAL","BD","U35.0.20260822.1","10445930","0"
"189824","SARI NOVATIANI","BOOSTER AGT 2026 - FURNI","BD","U35.0.20260822.1","10445930","-100,000"
"189824","SARI NOVATIANI","REGULER","BA","U35.0.20260822.2","10511955","0"
"189824","SARI NOVATIANI","REGULER","BA","U35.7.20260822.11","10511955","0"
"189824","SARI NOVATIANI","KHUSUS","BA","U35.7.20260822.11","10514055","193,014"
"189824","SARI NOVATIANI","KHUSUS","BA","U35.7.20260822.11","10682738","193,014"
"189824","SARI NOVATIANI","KHUSUS","BA","U35.7.20260822.11","10682732","1,261,216"
"189824","SARI NOVATIANI","REGULER","BL","U35.7.20260822.13","10708310","10,000"
"189824","SARI NOVATIANI","REGULER","BK","U35.7.20260822.13","10627684","12,000"
"189824","SARI NOVATIANI","REGULER","BL","U35.7.20260822.13","10708309","10,000"
"189824","SARI NOVATIANI","REGULER","BK","U35.7.20260822.13","10698740","24,000"
"189824","SARI NOVATIANI","REGULER","BL","U35.7.20260822.13","10712007","17,000"
"189824","SARI NOVATIANI","SPECIAL","BL","U35.7.20260822.13","10501869","50,000"
"189824","SARI NOVATIANI","SPECIAL","BN","U35.7.20260822.13","10443912","12,000"
"189824","SARI NOVATIANI","SPECIAL","BN","U35.7.20260822.13","10675111","10,000"
"189824","SARI NOVATIANI","SPECIAL","BL","U35.7.20260822.13","10632132","140,000"
"189824","SARI NOVATIANI","BOOSTER AGT 2026 - ACCS","BK","U35.7.20260822.13","10627684",""
"189824","SARI NOVATIANI","BOOSTER AGT 2026 - ACCS","BK","U35.7.20260822.13","10698740",""
"189824","SARI NOVATIANI","BOOSTER AGT 2026 - ACCS","BL","U35.7.20260822.13","10501869",""
"189824","SARI NOVATIANI","BOOSTER AGT 2026 - ACCS","BL","U35.7.20260822.13","10632132",""
"189824","SARI NOVATIANI","BOOSTER AGT 2026 - ACCS","BL","U35.7.20260822.13","10708309",""
"189824","SARI NOVATIANI","BOOSTER AGT 2026 - ACCS","BL","U35.7.20260822.13","10708310",""
"189824","SARI NOVATIANI","BOOSTER AGT 2026 - ACCS","BL","U35.7.20260822.13","10712007",""
"189824","SARI NOVATIANI","REGULER","DB","U35.7.20260822.18","10598514","15,000"
"189824","SARI NOVATIANI","BOOSTER AGT 2026 - ACCS","DB","U35.7.20260822.18","10598514","30,000"
"189824","SARI NOVATIANI","REGULER","BD","U35.7.20260822.9","10247921","280,000"
"189824","SARI NOVATIANI","SPECIAL","BD","U35.7.20260822.9","10445930","0"
"189824","SARI NOVATIANI","BOOSTER AGT 2026 - FURNI","BD","U35.7.20260822.9","10445930","100,000"
"189824","SARI NOVATIANI","REGULER","BD","U35.3.20260823.14","10705602","70,000"
"189824","SARI NOVATIANI","REGULER","BR","U35.13.20260825.29","10275775","232,500"
"189824","SARI NOVATIANI","REGULER","BR","U35.4.20260828.10","10516493","900,000"
"160429","BAYU CAHYO HUTOYO","KHUSUS - JULI 2026","BA","U35.10.20260706.12","10662947","54,045"
"160429","BAYU CAHYO HUTOYO","KHUSUS - JULI 2026","BA","U35.8.20260711.12","10590402","566,651"
"160429","BAYU CAHYO HUTOYO","KHUSUS - JULI 2026","BA","U35.8.20260725.15","10682728","168,459"
"160429","BAYU CAHYO HUTOYO","KHUSUS - JULI 2026","BA","U35.6.20260727.7","10634291","166,658"
"160429","BAYU CAHYO HUTOYO","SPECIAL","BL","35.6.20260801.1","10571378","140,000"
"160429","BAYU CAHYO HUTOYO","BOOSTER AGT 2026 - ACCS","BL","35.6.20260801.1","10571378","175,000"
"160429","BAYU CAHYO HUTOYO","REGULER","BL","35.8.20260801.9","10488913","3,000"
"160429","BAYU CAHYO HUTOYO","REGULER","BL","35.8.20260801.9","10667827","9,000"
"160429","BAYU CAHYO HUTOYO","SPECIAL","BL","35.8.20260801.9","10694050","70,000"
"160429","BAYU CAHYO HUTOYO","BOOSTER AGT 2026 - ACCS","BL","35.8.20260801.9","10488913",""
"160429","BAYU CAHYO HUTOYO","BOOSTER AGT 2026 - ACCS","BL","35.8.20260801.9","10667827",""
"160429","BAYU CAHYO HUTOYO","BOOSTER AGT 2026 - ACCS","BL","35.8.20260801.9","10694050",""
"160429","BAYU CAHYO HUTOYO","BOOSTER AGT 2026 - ACCS","BL","35.8.20260801.9","10710492",""
"160429","BAYU CAHYO HUTOYO","REGULER","BB","U35.8.20260801.5","10648057","18,000"
"160429","BAYU CAHYO HUTOYO","REGULER","BL","U35.8.20260801.9","10659654","18,000"
"160429","BAYU CAHYO HUTOYO","REGULER","BL","U35.8.20260801.9","10488928","8,000"
"160429","BAYU CAHYO HUTOYO","REGULER","BL","U35.8.20260801.9","10503171","4,000"
"160429","BAYU CAHYO HUTOYO","SPECIAL","BF","U35.8.20260801.9","10648126","150,000"
"160429","BAYU CAHYO HUTOYO","BOOSTER AGT 2026 - ACCS","BL","U35.8.20260801.9","10488928",""
"160429","BAYU CAHYO HUTOYO","BOOSTER AGT 2026 - ACCS","BL","U35.8.20260801.9","10503171",""
"160429","BAYU CAHYO HUTOYO","BOOSTER AGT 2026 - ACCS","BL","U35.8.20260801.9","10659654",""
"160429","BAYU CAHYO HUTOYO","REGULER","BL","35.10.20260802.46","10488916","2,000"
"160429","BAYU CAHYO HUTOYO","REGULER","BL","35.10.20260802.46","10624938","5,000"
"160429","BAYU CAHYO HUTOYO","BOOSTER AGT 2026 - ACCS","BL","35.10.20260802.46","10488916",""
"160429","BAYU CAHYO HUTOYO","BOOSTER AGT 2026 - ACCS","BL","35.10.20260802.46","10624938",""
"160429","BAYU CAHYO HUTOYO","SPECIAL","BJ","35.13.20260802.21","10670738","10,000"
"160429","BAYU CAHYO HUTOYO","SPECIAL","BJ","35.13.20260802.21","10670739","10,000"
"160429","BAYU CAHYO HUTOYO","REGULER","BM","35.6.20260802.26","10568181","2,000"
"160429","BAYU CAHYO HUTOYO","SPECIAL","BG","U35.10.20260802.19","10447852","80,000"
"160429","BAYU CAHYO HUTOYO","REGULER","BA","U35.13.20260805.13","10546264","0"
"160429","BAYU CAHYO HUTOYO","KHUSUS","BA","U35.13.20260805.13","10525409","402,016"
"160429","BAYU CAHYO HUTOYO","REGULER","BQ","U35.13.20260805.14","10410105","11,000"
"160429","BAYU CAHYO HUTOYO","REGULER","BQ","35.13.20260808.16","10499727","14,000"
"160429","BAYU CAHYO HUTOYO","REGULER","BK","35.6.20260808.20","10462452","2,400"
"160429","BAYU CAHYO HUTOYO","REGULER","BN","35.6.20260808.20","10663851","7,000"
"160429","BAYU CAHYO HUTOYO","REGULER","BF","U35.4.20260808.3","10507588","14,000"
"160429","BAYU CAHYO HUTOYO","REGULER","BF","U35.4.20260808.3","10313443","15,000"
"160429","BAYU CAHYO HUTOYO","SPECIAL","BG","U35.4.20260808.3","10532222","80,000"
"160429","BAYU CAHYO HUTOYO","KHUSUS","BA","U35.6.20260808.5","10706050","61,252"
"160429","BAYU CAHYO HUTOYO","SPECIAL","BB","U35.6.20260808.5","10053761","100,000"
"160429","BAYU CAHYO HUTOYO","REGULER","BM","35.6.20260809.12","10693891","4,000"
"160429","BAYU CAHYO HUTOYO","REGULER","BK","35.8.20260809.12","10212798","2,400"
"160429","BAYU CAHYO HUTOYO","REGULER","BL","35.8.20260809.16","10680480","3,000"
"160429","BAYU CAHYO HUTOYO","REGULER","BF","U35.13.20260809.14","10602894","10,000"
"160429","BAYU CAHYO HUTOYO","REGULER","BC","U35.13.20260809.14","10588595","40,000"
"160429","BAYU CAHYO HUTOYO","REGULER","BF","U35.13.20260809.14","10602899","15,000"
"160429","BAYU CAHYO HUTOYO","KHUSUS","BA","U35.13.20260809.14","10654749","243,225"
"160429","BAYU CAHYO HUTOYO","SPECIAL","BD","U35.13.20260809.14","10564569","300,000"
"160429","BAYU CAHYO HUTOYO","BOOSTER AGT 2026 - FURNI","BG","U35.13.20260809.14","10613339","60,000"
"160429","BAYU CAHYO HUTOYO","SPECIAL","BF","U35.13.20260809.15","10708980","25,000"
"160429","BAYU CAHYO HUTOYO","SPECIAL","BF","U35.13.20260809.15","10624204","30,000"
"160429","BAYU CAHYO HUTOYO","SPECIAL","BF","U35.13.20260809.15","10457090","75,000"
"160429","BAYU CAHYO HUTOYO","KHUSUS","BA","U35.6.20260815.9","10632155","135,126"
"160429","BAYU CAHYO HUTOYO","BOOSTER AGT 2026 - FURNI","BA","U35.6.20260815.9","10632155","150,000"
"160429","BAYU CAHYO HUTOYO","REGULER","BJ","35.13.20260816.18","10712348","8,000"
"160429","BAYU CAHYO HUTOYO","REGULER","BJ","35.4.20260816.17","10664236","4,000"
"160429","BAYU CAHYO HUTOYO","REGULER","BQ","U35.13.20260816.9","10499720","20,000"
"160429","BAYU CAHYO HUTOYO","SPECIAL","BJ","35.13.20260818.6","10610082","4,000"
"160429","BAYU CAHYO HUTOYO","REGULER","BN","35.3.20260818.15","10547532","2,000"
"160429","BAYU CAHYO HUTOYO","REGULER","BK","U35.10.20260819.6","10680927","13,200"
"160429","BAYU CAHYO HUTOYO","BOOSTER AGT 2026 - ACCS","BK","U35.10.20260819.6","10680927","25,000"
"160429","BAYU CAHYO HUTOYO","REGULER","BP","U35.6.20260820.3","10549677","21,600"
"160429","BAYU CAHYO HUTOYO","REGULER","BM","U35.6.20260820.3","10021016","2,000"
"160429","BAYU CAHYO HUTOYO","REGULER","BM","35.10.20260822.33","10566535","4,000"
"160429","BAYU CAHYO HUTOYO","SPECIAL","BJ","35.6.20260822.23","10666987","30,000"
"160429","BAYU CAHYO HUTOYO","SPECIAL","BJ","35.6.20260822.23","10666985","10,000"
"160429","BAYU CAHYO HUTOYO","SPECIAL","BN","35.7.20260822.5","10550336","10,000"
"160429","BAYU CAHYO HUTOYO","REGULER","BM","35.8.20260822.28","10209631","2,000"
"160429","BAYU CAHYO HUTOYO","REGULER","BA","U35.7.20260822.3","10406754","45,000"
"160429","BAYU CAHYO HUTOYO","REGULER","BH","U35.7.20260822.3","10701103","11,000"
"160429","BAYU CAHYO HUTOYO","SPECIAL","BJ","35.4.20260823.42","10610088","4,000"
"160429","BAYU CAHYO HUTOYO","SPECIAL","BJ","35.4.20260823.42","10610087","4,000"
"160429","BAYU CAHYO HUTOYO","REGULER","BK","35.6.20260823.37","10467783","8,400"
"160429","BAYU CAHYO HUTOYO","BOOSTER AGT 2026 - ACCS","BK","35.6.20260823.37","10467783","25,000"
"160429","BAYU CAHYO HUTOYO","REGULER","BM","35.6.20260823.5","10411862","9,000"
"160429","BAYU CAHYO HUTOYO","BOOSTER AGT 2026 - ACCS","BM","35.6.20260823.5","10411862","25,000"
"160429","BAYU CAHYO HUTOYO","REGULER","BM","35.6.20260823.6","10604375","8,000"
"160429","BAYU CAHYO HUTOYO","BOOSTER AGT 2026 - ACCS","BM","35.6.20260823.6","10604375","25,000"
"160429","BAYU CAHYO HUTOYO","REGULER","BK","35.6.20260823.9","10573497","8,400"
"160429","BAYU CAHYO HUTOYO","BOOSTER AGT 2026 - ACCS","BK","35.6.20260823.9","10568722",""
"160429","BAYU CAHYO HUTOYO","BOOSTER AGT 2026 - ACCS","BK","35.6.20260823.9","10573497",""
"160429","BAYU CAHYO HUTOYO","REGULER","BL","35.8.20260823.11","10503171","3,000"
"160429","BAYU CAHYO HUTOYO","REGULER","DA","35.3.20260824.26","10544633","12,000"
"160429","BAYU CAHYO HUTOYO","BOOSTER AGT 2026 - ACCS","DA","35.3.20260824.26","10544633",""
"160429","BAYU CAHYO HUTOYO","BOOSTER AGT 2026 - ACCS","DB","35.3.20260824.26","10555139",""
"160429","BAYU CAHYO HUTOYO","BOOSTER AGT 2026 - ACCS","BK","35.8.20260824.12","10527028",""
"160429","BAYU CAHYO HUTOYO","BOOSTER AGT 2026 - ACCS","BK","35.8.20260824.12","10644758",""
"160429","BAYU CAHYO HUTOYO","BOOSTER AGT 2026 - ACCS","BK","35.8.20260824.12","10646333",""
"160429","BAYU CAHYO HUTOYO","BOOSTER AGT 2026 - ACCS","BK","35.8.20260824.12","10700332",""
"160429","BAYU CAHYO HUTOYO","BOOSTER AGT 2026 - ACCS","BK","35.8.20260824.12","10700333",""
"160429","BAYU CAHYO HUTOYO","BOOSTER AGT 2026 - ACCS","BK","35.8.20260824.12","10714149",""
"160429","BAYU CAHYO HUTOYO","SPECIAL","BL","U35.10.20260824.8","10625052","20,000"
"160429","BAYU CAHYO HUTOYO","BOOSTER AGT 2026 - ACCS","BL","U35.10.20260824.8","10625052","50,000"
"160429","BAYU CAHYO HUTOYO","REGULER","BK","35.6.20260825.29","10467898","3,600"
"160429","BAYU CAHYO HUTOYO","REGULER","BN","35.6.20260825.29","10636355","2,000"
"160429","BAYU CAHYO HUTOYO","SPECIAL","BN","35.6.20260825.29","10065122","6,000"
"160429","BAYU CAHYO HUTOYO","SPECIAL","BN","35.6.20260825.29","10686410","20,000"
"160429","BAYU CAHYO HUTOYO","SPECIAL","BN","35.6.20260825.29","10553952","5,000"
"160429","BAYU CAHYO HUTOYO","REGULER","BC","U35.10.20260825.10","10197149","50,000"
"160429","BAYU CAHYO HUTOYO","REGULER","BC","U35.10.20260825.10","10197150","40,000"
"160429","BAYU CAHYO HUTOYO","REGULER","BC","U35.10.20260825.11","10632845","45,000"
"160429","BAYU CAHYO HUTOYO","SPECIAL","BJ","35.4.20260826.11","10609630","8,000"
"160429","BAYU CAHYO HUTOYO","SPECIAL","BJ","35.4.20260826.11","10609631","16,000"
"160429","BAYU CAHYO HUTOYO","KHUSUS","BA","U35.7.20260826.1","10664851","65,757"
"160429","BAYU CAHYO HUTOYO","SPECIAL","BG","U35.7.20260826.1","10566546","160,000"
"160429","BAYU CAHYO HUTOYO","REGULER","BF","35.4.20260827.14","10601785","9,000"
"160429","BAYU CAHYO HUTOYO","REGULER","BF","35.4.20260827.14","10601784","18,000"
"160429","BAYU CAHYO HUTOYO","SPECIAL","BJ","35.4.20260827.8","10637434","20,000"
"160429","BAYU CAHYO HUTOYO","SPECIAL","BB","U35.6.20260827.10","10688002","200,000"
"160429","BAYU CAHYO HUTOYO","SPECIAL","BL","35.6.20260829.52","10571376","50,000"
"160429","BAYU CAHYO HUTOYO","BOOSTER AGT 2026 - ACCS","BL","35.6.20260829.52","10571376","75,000"
"160429","BAYU CAHYO HUTOYO","REGULER","BP","U35.3.20260830.7","10672450","21,600"
"160429","BAYU CAHYO HUTOYO","REGULER","BP","U35.3.20260830.7","10428564","18,000"
"160429","BAYU CAHYO HUTOYO","REGULER","BQ","U35.3.20260830.7","10636494","11,000"
"160429","BAYU CAHYO HUTOYO","REGULER","BQ","U35.3.20260830.7","10490461","25,000"
"160429","BAYU CAHYO HUTOYO","SPECIAL","BG","U35.3.20260830.7","10432542","50,000"
"160429","BAYU CAHYO HUTOYO","SPECIAL","BL","U35.3.20260830.7","10474297","20,000"
"160429","BAYU CAHYO HUTOYO","BOOSTER AGT 2026 - ACCS","BL","U35.3.20260830.7","10474297","25,000"
"176137","RAHMAT ADITYA","KHUSUS - JULI 2026","BA","U35.4.20260702.1","10680479","48,550"
"176137","RAHMAT ADITYA","KHUSUS - JULI 2026","BA","U35.4.20260703.1","10680479","48,550"
"176137","RAHMAT ADITYA","KHUSUS - JULI 2026","BA","U35.4.20260703.3","10680479","58,218"
"176137","RAHMAT ADITYA","KHUSUS - JULI 2026","BA","U35.3.20260707.9","10680479","48,550"
"176137","RAHMAT ADITYA","KHUSUS - JULI 2026","BA","U35.8.20260713.1","10680479","51,496"
"176137","RAHMAT ADITYA","REGULER","BD","35.7.20260801.7","10592533","18,000"
"176137","RAHMAT ADITYA","REGULER","BF","U35.13.20260804.2","10518673","35,000"
"176137","RAHMAT ADITYA","REGULER","BP","U35.13.20260806.9","10581853","36,000"
"176137","RAHMAT ADITYA","REGULER","BP","U35.13.20260806.9","10581768","84,000"
"176137","RAHMAT ADITYA","BOOSTER AGT 2026 - FURNI","BP","U35.13.20260806.9","10581768","100,000"
"176137","RAHMAT ADITYA","BOOSTER AGT 2026 - ACCS","BK","35.8.20260808.13","10600532",""
"176137","RAHMAT ADITYA","BOOSTER AGT 2026 - ACCS","BK","35.8.20260808.13","",""
"176137","RAHMAT ADITYA","BOOSTER AGT 2026 - ACCS","BK","35.8.20260808.13","",""
"176137","RAHMAT ADITYA","BOOSTER AGT 2026 - ACCS","BK","35.8.20260808.13","",""
"176137","RAHMAT ADITYA","BOOSTER AGT 2026 - ACCS","BK","35.8.20260808.13","",""
"176137","RAHMAT ADITYA","REGULER","BF","U35.8.20260808.6","10425249","25,000"
"176137","RAHMAT ADITYA","REGULER","BI","U35.8.20260808.6","10569960","54,000"
"176137","RAHMAT ADITYA","REGULER","BD","U35.8.20260808.6","10510603","145,000"
"176137","RAHMAT ADITYA","REGULER","BF","U35.8.20260808.6","10518673","55,000"
"176137","RAHMAT ADITYA","SPECIAL","BB","U35.8.20260808.6","10671378","200,000"
"176137","RAHMAT ADITYA","REGULER","BL","U35.8.20260809.4","10680484","5,000"
"176137","RAHMAT ADITYA","REGULER","BN","35.78.20260810.14","10550648","3,000"
"176137","RAHMAT ADITYA","REGULER","BN","35.78.20260810.15","10624762","3,000"
"176137","RAHMAT ADITYA","REGULER","BN","35.78.20260810.23","10291595","2,000"
"176137","RAHMAT ADITYA","REGULER","BN","35.78.20260810.24","10688657","3,000"
"176137","RAHMAT ADITYA","SPECIAL","BN","35.78.20260810.26","10567959","10,000"
"176137","RAHMAT ADITYA","REGULER","BJ","35.78.20260810.3","10627725","2,000"
"176137","RAHMAT ADITYA","REGULER","BO","35.78.20260810.30","10550340","0"
"176137","RAHMAT ADITYA","SPECIAL","BN","35.78.20260810.31","10675111","10,000"
"176137","RAHMAT ADITYA","REGULER","BK","35.78.20260810.36","10669970","16,800"
"176137","RAHMAT ADITYA","BOOSTER AGT 2026 - ACCS","BK","35.78.20260810.36","10568725",""
"176137","RAHMAT ADITYA","BOOSTER AGT 2026 - ACCS","BK","35.78.20260810.36","10669970",""
"176137","RAHMAT ADITYA","REGULER","BN","35.78.20260810.40","10624763","2,000"
"176137","RAHMAT ADITYA","REGULER","BN","35.78.20260810.42","10550646","1,000"
"176137","RAHMAT ADITYA","REGULER","BN","35.78.20260810.45","10688657","3,000"
"176137","RAHMAT ADITYA","REGULER","BM","35.78.20260810.48","10021016","2,000"
"176137","RAHMAT ADITYA","REGULER","BO","35.78.20260810.50","10644142","1,000"
"176137","RAHMAT ADITYA","REGULER","BM","35.78.20260810.53","10465765","2,000"
"176137","RAHMAT ADITYA","REGULER","BN","35.78.20260810.7","10466678","2,000"
"176137","RAHMAT ADITYA","REGULER","BM","35.78.20260810.9","10659343","5,000"
"176137","RAHMAT ADITYA","REGULER","BJ","35.78.20260811.1","10627725","2,000"
"176137","RAHMAT ADITYA","REGULER","BM","35.78.20260811.11","10554523","3,000"
"176137","RAHMAT ADITYA","REGULER","BM","35.78.20260811.12","10465765","2,000"
"176137","RAHMAT ADITYA","REGULER","BM","35.78.20260811.13","10659345","2,000"
"176137","RAHMAT ADITYA","REGULER","BM","35.78.20260811.13","10056454","1,000"
"176137","RAHMAT ADITYA","REGULER","BN","35.78.20260811.13","10263752","1,000"
"176137","RAHMAT ADITYA","REGULER","BK","35.78.20260811.17","10359603","1,200"
"176137","RAHMAT ADITYA","REGULER","BI","35.78.20260811.2","10376564","0"
"176137","RAHMAT ADITYA","REGULER","BO","35.78.20260811.2","10550340","0"
"176137","RAHMAT ADITYA","REGULER","BM","35.78.20260811.21","10523859","2,000"
"176137","RAHMAT ADITYA","REGULER","BM","35.78.20260811.23","10659342","1,000"
"176137","RAHMAT ADITYA","REGULER","BO","35.78.20260811.27","10543813","2,000"
"176137","RAHMAT ADITYA","REGULER","BJ","35.78.20260811.29","10668277","2,000"
"176137","RAHMAT ADITYA","REGULER","BO","35.78.20260811.32","10567934","0"
"176137","RAHMAT ADITYA","REGULER","BM","35.78.20260811.39","10659343","1,000"
"176137","RAHMAT ADITYA","REGULER","BN","35.78.20260811.42","10686584","3,000"
"176137","RAHMAT ADITYA","REGULER","BO","35.78.20260811.43","10570201","1,000"
"176137","RAHMAT ADITYA","REGULER","BM","35.78.20260811.53","10659343","1,000"
"176137","RAHMAT ADITYA","SPECIAL","BJ","35.78.20260811.54","10661882","5,000"
"176137","RAHMAT ADITYA","SPECIAL","BJ","35.78.20260811.54","10610089","5,000"
"176137","RAHMAT ADITYA","SPECIAL","BJ","35.78.20260811.54","10610087","5,000"
"176137","RAHMAT ADITYA","REGULER","BO","35.78.20260811.58","10599271","1,000"
"176137","RAHMAT ADITYA","REGULER","BN","35.78.20260811.59","10291595","2,000"
"176137","RAHMAT ADITYA","REGULER","BM","35.78.20260811.6","10594886","3,000"
"176137","RAHMAT ADITYA","REGULER","BL","35.78.20260811.69","10460125","2,000"
"176137","RAHMAT ADITYA","REGULER","BM","35.78.20260811.7","10523859","2,000"
"176137","RAHMAT ADITYA","BOOSTER AGT 2026 - ACCS","BK","35.13.20260812.3","10600532",""
"176137","RAHMAT ADITYA","BOOSTER AGT 2026 - ACCS","BK","35.13.20260812.3","",""
"176137","RAHMAT ADITYA","BOOSTER AGT 2026 - ACCS","BK","35.13.20260812.3","",""
"176137","RAHMAT ADITYA","BOOSTER AGT 2026 - ACCS","BK","35.13.20260812.3","",""
"176137","RAHMAT ADITYA","BOOSTER AGT 2026 - ACCS","BK","35.13.20260812.3","",""
"176137","RAHMAT ADITYA","REGULER","BF","U35.13.20260812.2","10425249","25,000"
"176137","RAHMAT ADITYA","REGULER","BD","U35.13.20260812.2","10510603","145,000"
"176137","RAHMAT ADITYA","REGULER","BF","U35.13.20260812.2","10518673","55,000"
"176137","RAHMAT ADITYA","REGULER","BR","U35.13.20260812.2","10471861","45,000"
"176137","RAHMAT ADITYA","REGULER","BB","U35.13.20260812.2","10668782","25,000"
"176137","RAHMAT ADITYA","REGULER","BP","U35.13.20260812.2","10679428","24,000"
"176137","RAHMAT ADITYA","REGULER","BI","U35.13.20260812.2","10569960","54,000"
"176137","RAHMAT ADITYA","KHUSUS","BA","U35.13.20260812.2","10680479","44,135"
"176137","RAHMAT ADITYA","SPECIAL","BB","U35.13.20260812.2","10671378","200,000"
"176137","RAHMAT ADITYA","SPECIAL","BB","U35.13.20260812.4","10588415","100,000"
"176137","RAHMAT ADITYA","BOOSTER AGT 2026 - ACCS","BK","35.3.20260815.22","",""
"176137","RAHMAT ADITYA","BOOSTER AGT 2026 - ACCS","BK","35.3.20260815.22","",""
"176137","RAHMAT ADITYA","BOOSTER AGT 2026 - ACCS","BK","35.3.20260815.22","",""
"176137","RAHMAT ADITYA","BOOSTER AGT 2026 - ACCS","BK","35.3.20260815.22","",""
"176137","RAHMAT ADITYA","BOOSTER AGT 2026 - ACCS","BK","35.3.20260815.22","",""
"176137","RAHMAT ADITYA","REGULER","BI","U35.3.20260815.7","10569960","54,000"
"176137","RAHMAT ADITYA","SPECIAL","BB","U35.3.20260815.7","10671379","200,000"
"176137","RAHMAT ADITYA","REGULER","BJ","35.78.20260817.17","10668279","2,000"
"176137","RAHMAT ADITYA","SPECIAL","BJ","35.78.20260817.18","10642989","25,000"
"176137","RAHMAT ADITYA","REGULER","BJ","35.78.20260817.19","10603621","7,000"
"176137","RAHMAT ADITYA","REGULER","BN","35.78.20260817.2","10612063","1,000"
"176137","RAHMAT ADITYA","REGULER","BJ","35.78.20260817.20","10603633","7,000"
"176137","RAHMAT ADITYA","BOOSTER AGT 2026 - ACCS","DB","35.78.20260817.25","10564562","30,000"
"176137","RAHMAT ADITYA","SPECIAL","BN","35.78.20260817.26","10487385","5,000"
"176137","RAHMAT ADITYA","REGULER","BN","35.78.20260817.3","10429434","2,000"
"176137","RAHMAT ADITYA","REGULER","BO","35.78.20260817.4","10543813","2,000"
"176137","RAHMAT ADITYA","REGULER","BM","35.78.20260817.6","10593570","3,000"
"176137","RAHMAT ADITYA","REGULER","BM","35.78.20260817.7","10161038","25,000"
"176137","RAHMAT ADITYA","BOOSTER AGT 2026 - ACCS","BM","35.78.20260817.7","10161038","75,000"
"176137","RAHMAT ADITYA","SPECIAL","BG","U35.13.20260820.9","10590728","50,000"
"176137","RAHMAT ADITYA","REGULER","BF","U35.6.20260820.4","10518673","90,000"
"176137","RAHMAT ADITYA","REGULER","BD","U35.6.20260820.4","10510603","145,000"
"176137","RAHMAT ADITYA","SPECIAL","BB","U35.6.20260820.4","10671378","200,000"
"176137","RAHMAT ADITYA","REGULER","BI","U35.8.20260820.1","10569960","54,000"
"176137","RAHMAT ADITYA","REGULER","BF","U35.8.20260820.1","10425249","25,000"
"176137","RAHMAT ADITYA","REGULER","BR","U35.8.20260820.1","10471861","45,000"
"176137","RAHMAT ADITYA","REGULER","BD","U35.8.20260820.1","10510603","145,000"
"176137","RAHMAT ADITYA","REGULER","BF","U35.8.20260820.1","10518673","55,000"
"176137","RAHMAT ADITYA","REGULER","BB","U35.8.20260820.1","10668782","25,000"
"176137","RAHMAT ADITYA","REGULER","BP","U35.8.20260820.1","10679428","24,000"
"176137","RAHMAT ADITYA","SPECIAL","BB","U35.8.20260820.1","10671378","200,000"
"176137","RAHMAT ADITYA","REGULER","BR","U35.13.20260824.3","10471858","21,000"
"176137","RAHMAT ADITYA","REGULER","BB","U35.13.20260825.27","10668782","25,000"
"176137","RAHMAT ADITYA","REGULER","BD","U35.13.20260825.27","10510603","145,000"
"176137","RAHMAT ADITYA","REGULER","BF","U35.13.20260825.27","10518673","55,000"
"176137","RAHMAT ADITYA","REGULER","BI","U35.13.20260825.27","10569960","54,000"
"176137","RAHMAT ADITYA","REGULER","BF","U35.13.20260825.27","10425249","25,000"
"176137","RAHMAT ADITYA","SPECIAL","BB","U35.13.20260825.27","10671378","200,000"
"176137","RAHMAT ADITYA","KHUSUS","BA","U35.3.20260825.8","10680479","48,550"
"176137","RAHMAT ADITYA","SPECIAL","BG","U35.6.20260825.8","10532222","80,000"
"176137","RAHMAT ADITYA","REGULER","BI","U35.4.20260826.5","10569960","36,000"
"176137","RAHMAT ADITYA","REGULER","BB","U35.10.20260831.10","10668782","25,000"
"176137","RAHMAT ADITYA","REGULER","BF","U35.10.20260831.10","10425249","25,000"
"176137","RAHMAT ADITYA","REGULER","BI","U35.10.20260831.10","10569960","54,000"
"176137","RAHMAT ADITYA","REGULER","BD","U35.10.20260831.10","10510603","145,000"
"176137","RAHMAT ADITYA","REGULER","BR","U35.10.20260831.10","10471861","45,000"
"176137","RAHMAT ADITYA","REGULER","BF","U35.10.20260831.10","10518673","55,000"
"176137","RAHMAT ADITYA","KHUSUS","BA","U35.10.20260831.10","10680479","48,550"
"176137","RAHMAT ADITYA","SPECIAL","BB","U35.10.20260831.10","10671378","200,000"
"106399","PRATAMA SUKARNO PUTRA","KHUSUS - JULI 2026","BA","U35.8.20260705.11","10662524","811,824"
"106399","PRATAMA SUKARNO PUTRA","KHUSUS - JULI 2026","BA","U35.13.20260706.2","10662947","54,045"
"106399","PRATAMA SUKARNO PUTRA","KHUSUS - JULI 2026","BA","U35.3.20260724.6","10682725","752,553"
"106399","PRATAMA SUKARNO PUTRA","SPECIAL","BJ","35.4.20260802.11","10597127","3,000"
"106399","PRATAMA SUKARNO PUTRA","SPECIAL","BJ","35.4.20260802.11","10615285","3,000"
"106399","PRATAMA SUKARNO PUTRA","SPECIAL","BJ","35.4.20260802.11","10615289","3,000"
"106399","PRATAMA SUKARNO PUTRA","REGULER","BB","U35.10.20260802.21","10574513","5,000"
"106399","PRATAMA SUKARNO PUTRA","KHUSUS","BA","U35.10.20260802.21","10204277","320,703"
"106399","PRATAMA SUKARNO PUTRA","REGULER","BF","U35.10.20260802.22","10670729","19,000"
"106399","PRATAMA SUKARNO PUTRA","REGULER","BP","U35.4.20260802.2","10485311","10,800"
"106399","PRATAMA SUKARNO PUTRA","REGULER","BN","35.7.20260803.20","10612063","1,000"
"106399","PRATAMA SUKARNO PUTRA","REGULER","BN","35.7.20260803.20","10540066","0"
"106399","PRATAMA SUKARNO PUTRA","SPECIAL","BN","35.7.20260803.20","10556642","10,000"
"106399","PRATAMA SUKARNO PUTRA","SPECIAL","BN","35.7.20260803.20","10485966","5,000"
"106399","PRATAMA SUKARNO PUTRA","REGULER","BK","35.6.20260804.6","10528188","2,400"
"106399","PRATAMA SUKARNO PUTRA","REGULER","BO","35.6.20260804.6","10552476","3,000"
"106399","PRATAMA SUKARNO PUTRA","REGULER","BK","35.6.20260804.6","10433866","14,400"
"106399","PRATAMA SUKARNO PUTRA","BOOSTER AGT 2026 - ACCS","BK","35.6.20260804.6","10433866",""
"106399","PRATAMA SUKARNO PUTRA","BOOSTER AGT 2026 - ACCS","BK","35.6.20260804.6","10488965",""
"106399","PRATAMA SUKARNO PUTRA","BOOSTER AGT 2026 - ACCS","BK","35.6.20260804.6","10528188",""
"106399","PRATAMA SUKARNO PUTRA","BOOSTER AGT 2026 - ACCS","BK","35.6.20260804.6","10606062",""
"106399","PRATAMA SUKARNO PUTRA","BOOSTER AGT 2026 - ACCS","BK","35.6.20260804.6","10606067",""
"106399","PRATAMA SUKARNO PUTRA","SPECIAL","BF","U35.4.20260804.9","10708980","25,000"
"106399","PRATAMA SUKARNO PUTRA","REGULER","BQ","35.13.20260806.19","10410105","18,000"
"106399","PRATAMA SUKARNO PUTRA","REGULER","BK","35.0.20260807.3","10212797","-2,400"
"106399","PRATAMA SUKARNO PUTRA","SPECIAL","BN","35.0.20260807.6","10362667","-5,000"
"106399","PRATAMA SUKARNO PUTRA","REGULER","BK","35.6.20260808.30","10567263","3,600"
"106399","PRATAMA SUKARNO PUTRA","REGULER","BK","35.6.20260808.30","10667453","2,400"
"106399","PRATAMA SUKARNO PUTRA","REGULER","BK","35.6.20260808.30","10654992","2,400"
"106399","PRATAMA SUKARNO PUTRA","REGULER","BM","35.6.20260808.30","10631821","1,000"
"106399","PRATAMA SUKARNO PUTRA","BOOSTER AGT 2026 - ACCS","BK","35.6.20260808.30","10211795",""
"106399","PRATAMA SUKARNO PUTRA","BOOSTER AGT 2026 - ACCS","BK","35.6.20260808.30","10242377",""
"106399","PRATAMA SUKARNO PUTRA","BOOSTER AGT 2026 - ACCS","BK","35.6.20260808.30","10567263",""
"106399","PRATAMA SUKARNO PUTRA","BOOSTER AGT 2026 - ACCS","BK","35.6.20260808.30","10580757",""
"106399","PRATAMA SUKARNO PUTRA","BOOSTER AGT 2026 - ACCS","BK","35.6.20260808.30","10654992",""
"106399","PRATAMA SUKARNO PUTRA","BOOSTER AGT 2026 - ACCS","BK","35.6.20260808.30","10654995",""
"106399","PRATAMA SUKARNO PUTRA","BOOSTER AGT 2026 - ACCS","BK","35.6.20260808.30","10656081",""
"106399","PRATAMA SUKARNO PUTRA","BOOSTER AGT 2026 - ACCS","BK","35.6.20260808.30","10667453",""
"106399","PRATAMA SUKARNO PUTRA","BOOSTER AGT 2026 - ACCS","BK","35.6.20260808.30","",""
"106399","PRATAMA SUKARNO PUTRA","REGULER","BK","35.6.20260808.31","10669974","4,800"
"106399","PRATAMA SUKARNO PUTRA","REGULER","BL","35.8.20260808.34","10151586","2,000"
"106399","PRATAMA SUKARNO PUTRA","REGULER","BL","35.8.20260808.34","10151588","3,000"
"106399","PRATAMA SUKARNO PUTRA","BOOSTER AGT 2026 - ACCS","BL","35.8.20260808.34","10151586",""
"106399","PRATAMA SUKARNO PUTRA","BOOSTER AGT 2026 - ACCS","BL","35.8.20260808.34","10151588",""
"106399","PRATAMA SUKARNO PUTRA","BOOSTER AGT 2026 - ACCS","BL","35.8.20260808.34","10558520",""
"106399","PRATAMA SUKARNO PUTRA","REGULER","BK","35.8.20260808.35","10607409","2,400"
"106399","PRATAMA SUKARNO PUTRA","REGULER","BK","35.8.20260808.58","10171727","2,400"
"106399","PRATAMA SUKARNO PUTRA","REGULER","BK","35.8.20260808.58","10667453","2,400"
"106399","PRATAMA SUKARNO PUTRA","SPECIAL","BB","U35.6.20260808.10","10411888","30,000"
"106399","PRATAMA SUKARNO PUTRA","SPECIAL","BJ","35.13.20260810.7","10444668","15,000"
"106399","PRATAMA SUKARNO PUTRA","REGULER","BP","U35.13.20260810.2","10581752","60,000"
"106399","PRATAMA SUKARNO PUTRA","REGULER","BR","U35.13.20260810.2","10216921","4,500"
"106399","PRATAMA SUKARNO PUTRA","REGULER","BR","U35.13.20260810.2","10719338","3,000"
"106399","PRATAMA SUKARNO PUTRA","REGULER","BQ","U35.13.20260810.2","10666137","25,000"
"106399","PRATAMA SUKARNO PUTRA","SPECIAL","BB","U35.10.20260811.1","10478178","50,000"
"106399","PRATAMA SUKARNO PUTRA","REGULER","BB","U35.10.20260811.2","10577829","19,000"
"106399","PRATAMA SUKARNO PUTRA","REGULER","BB","U35.10.20260814.3","10584176","17,000"
"106399","PRATAMA SUKARNO PUTRA","KHUSUS","BA","U35.10.20260814.3","10632739","90,081"
"106399","PRATAMA SUKARNO PUTRA","SPECIAL","BL","U35.10.20260814.4","10632129","50,000"
"106399","PRATAMA SUKARNO PUTRA","BOOSTER AGT 2026 - ACCS","BL","U35.10.20260814.4","10632129","50,000"
"106399","PRATAMA SUKARNO PUTRA","REGULER","BB","U35.10.20260814.8","10446727","10,000"
"106399","PRATAMA SUKARNO PUTRA","REGULER","BM","35.3.20260815.24","10599300","3,000"
"106399","PRATAMA SUKARNO PUTRA","REGULER","BM","35.7.20260815.29","10132201","2,000"
"106399","PRATAMA SUKARNO PUTRA","REGULER","BD","35.7.20260815.29","10612729","14,000"
"106399","PRATAMA SUKARNO PUTRA","REGULER","BI","35.7.20260815.29","10604397","2,400"
"106399","PRATAMA SUKARNO PUTRA","REGULER","BB","U35.3.20260815.4","10571021","9,000"
"106399","PRATAMA SUKARNO PUTRA","REGULER","BN","35.3.20260816.17","10627019","3,000"
"106399","PRATAMA SUKARNO PUTRA","SPECIAL","BJ","35.4.20260816.14","10464457","20,000"
"106399","PRATAMA SUKARNO PUTRA","SPECIAL","BF","U35.4.20260816.7","10449452","25,000"
"106399","PRATAMA SUKARNO PUTRA","SPECIAL","BF","U35.4.20260816.7","10630377","30,000"
"106399","PRATAMA SUKARNO PUTRA","SPECIAL","BG","U35.13.20260817.11","10313052","350,000"
"106399","PRATAMA SUKARNO PUTRA","SPECIAL","BG","U35.13.20260817.11","10434042","240,000"
"106399","PRATAMA SUKARNO PUTRA","BOOSTER AGT 2026 - FURNI","BG","U35.13.20260817.11","10313052","50,000"
"106399","PRATAMA SUKARNO PUTRA","SPECIAL","BJ","35.13.20260818.9","10249385","3,000"
"106399","PRATAMA SUKARNO PUTRA","SPECIAL","BJ","35.13.20260818.9","10572381","5,000"
"106399","PRATAMA SUKARNO PUTRA","SPECIAL","BJ","35.13.20260818.9","10572388","5,000"
"106399","PRATAMA SUKARNO PUTRA","SPECIAL","BJ","35.13.20260818.9","10470621","4,000"
"106399","PRATAMA SUKARNO PUTRA","SPECIAL","BF","U35.13.20260819.12","10624204","30,000"
"106399","PRATAMA SUKARNO PUTRA","REGULER","BR","U35.4.20260819.9","10186604","10,500"
"106399","PRATAMA SUKARNO PUTRA","REGULER","BN","35.3.20260821.11","10547533","2,000"
"106399","PRATAMA SUKARNO PUTRA","REGULER","BN","35.3.20260821.11","10541168","4,000"
"106399","PRATAMA SUKARNO PUTRA","SPECIAL","BG","U35.4.20260821.7","10422456","50,000"
"106399","PRATAMA SUKARNO PUTRA","REGULER","BD","35.3.20260822.28","10227011","5,000"
"106399","PRATAMA SUKARNO PUTRA","REGULER","BA","U35.10.20260823.6","10511955","0"
"106399","PRATAMA SUKARNO PUTRA","KHUSUS","BA","U35.10.20260823.6","10682725","752,553"
"106399","PRATAMA SUKARNO PUTRA","REGULER","BI","U35.8.20260823.7","10623885","15,600"
"106399","PRATAMA SUKARNO PUTRA","SPECIAL","BG","U35.8.20260823.7","10590728","50,000"
"106399","PRATAMA SUKARNO PUTRA","SPECIAL","BJ","35.13.20260825.29","10560145","2,000"
"106399","PRATAMA SUKARNO PUTRA","REGULER","BK","35.3.20260825.6","10664354","2,400"
"106399","PRATAMA SUKARNO PUTRA","REGULER","BI","35.3.20260825.6","10376561","0"
"106399","PRATAMA SUKARNO PUTRA","REGULER","BI","35.3.20260825.6","10376563","0"
"106399","PRATAMA SUKARNO PUTRA","BOOSTER AGT 2026 - ACCS","BK","35.3.20260825.6","10491815",""
"106399","PRATAMA SUKARNO PUTRA","BOOSTER AGT 2026 - ACCS","BK","35.3.20260825.6","10491816",""
"106399","PRATAMA SUKARNO PUTRA","BOOSTER AGT 2026 - ACCS","BK","35.3.20260825.6","10580757",""
"106399","PRATAMA SUKARNO PUTRA","BOOSTER AGT 2026 - ACCS","BK","35.3.20260825.6","10664241",""
"106399","PRATAMA SUKARNO PUTRA","BOOSTER AGT 2026 - ACCS","BK","35.3.20260825.6","10664243",""
"106399","PRATAMA SUKARNO PUTRA","BOOSTER AGT 2026 - ACCS","BK","35.3.20260825.6","10664244",""
"106399","PRATAMA SUKARNO PUTRA","BOOSTER AGT 2026 - ACCS","BK","35.3.20260825.6","10664354",""
"106399","PRATAMA SUKARNO PUTRA","BOOSTER AGT 2026 - ACCS","BK","35.3.20260825.6","10701076",""
"106399","PRATAMA SUKARNO PUTRA","BOOSTER AGT 2026 - ACCS","BK","35.3.20260825.6","10701077",""
"106399","PRATAMA SUKARNO PUTRA","REGULER","BI","35.4.20260825.36","","7,200"
"106399","PRATAMA SUKARNO PUTRA","REGULER","BI","35.4.20260825.36","","0"
"106399","PRATAMA SUKARNO PUTRA","REGULER","BI","35.4.20260825.36","","0"
"106399","PRATAMA SUKARNO PUTRA","REGULER","BI","35.4.20260825.36","","7,200"
"106399","PRATAMA SUKARNO PUTRA","REGULER","BK","35.8.20260825.36","10462451","2,400"
"106399","PRATAMA SUKARNO PUTRA","REGULER","BK","35.8.20260825.36","10627684","12,000"
"106399","PRATAMA SUKARNO PUTRA","BOOSTER AGT 2026 - ACCS","BK","35.8.20260825.36","10462451",""
"106399","PRATAMA SUKARNO PUTRA","BOOSTER AGT 2026 - ACCS","BK","35.8.20260825.36","10627684",""
"106399","PRATAMA SUKARNO PUTRA","REGULER","BK","35.8.20260825.46","10513896","12,000"
"106399","PRATAMA SUKARNO PUTRA","BOOSTER AGT 2026 - ACCS","BK","35.8.20260825.46","10513896","25,000"
"106399","PRATAMA SUKARNO PUTRA","REGULER","BI","U35.8.20260826.7","10674306","3,600"
"106399","PRATAMA SUKARNO PUTRA","REGULER","BI","U35.8.20260826.7","10648314","7,200"
"106399","PRATAMA SUKARNO PUTRA","REGULER","BI","U35.8.20260826.7","10648769","3,600"
"106399","PRATAMA SUKARNO PUTRA","REGULER","BK","U35.8.20260826.7","10616482","6,000"
"106399","PRATAMA SUKARNO PUTRA","REGULER","BL","U35.8.20260826.7","10680485","5,000"
"106399","PRATAMA SUKARNO PUTRA","REGULER","BD","35.3.20260827.18","10227011","5,000"
"106399","PRATAMA SUKARNO PUTRA","REGULER","BK","35.8.20260827.17","10636524","4,800"
"106399","PRATAMA SUKARNO PUTRA","REGULER","BQ","U35.4.20260827.12","10588645","40,000"
"106399","PRATAMA SUKARNO PUTRA","REGULER","BK","35.6.20260829.41","10137024","1,200"
"106399","PRATAMA SUKARNO PUTRA","REGULER","BK","35.6.20260829.41","10166382","1,200"
"106399","PRATAMA SUKARNO PUTRA","REGULER","BI","35.78.20260829.64","10376557","0"
"106399","PRATAMA SUKARNO PUTRA","REGULER","BN","35.78.20260829.66","10515626","2,000"
"106399","PRATAMA SUKARNO PUTRA","REGULER","BK","35.78.20260829.67","10616482","6,000"
"106399","PRATAMA SUKARNO PUTRA","REGULER","BR","U35.3.20260829.5","10680208","21,000"
"106399","PRATAMA SUKARNO PUTRA","REGULER","BB","U35.3.20260829.5","10638282","19,000"
"106399","PRATAMA SUKARNO PUTRA","REGULER","BR","U35.3.20260829.5","10637178","6,000"
"106399","PRATAMA SUKARNO PUTRA","REGULER","BR","U35.3.20260829.5","10637179","9,000"
"106399","PRATAMA SUKARNO PUTRA","REGULER","BC","U35.6.20260829.17","10701084","25,000"
"106399","PRATAMA SUKARNO PUTRA","REGULER","BC","U35.6.20260829.17","10250050","45,000"
"106399","PRATAMA SUKARNO PUTRA","REGULER","BL","35.13.20260830.1","10680484","5,000"
"106399","PRATAMA SUKARNO PUTRA","SPECIAL","BJ","35.13.20260830.25","10705262","5,000"
"106399","PRATAMA SUKARNO PUTRA","REGULER","BM","35.78.20260830.1","10420957","2,000"
"106399","PRATAMA SUKARNO PUTRA","REGULER","BN","35.78.20260830.10","10612063","1,000"
"106399","PRATAMA SUKARNO PUTRA","REGULER","BM","35.78.20260830.10","10097234","3,000"
"106399","PRATAMA SUKARNO PUTRA","SPECIAL","BJ","35.78.20260830.12","10610075","4,000"
"106399","PRATAMA SUKARNO PUTRA","SPECIAL","BJ","35.78.20260830.12","10610076","4,000"
"106399","PRATAMA SUKARNO PUTRA","SPECIAL","BJ","35.78.20260830.15","10642989","25,000"
"106399","PRATAMA SUKARNO PUTRA","REGULER","BM","35.78.20260830.16","10604718","3,000"
"106399","PRATAMA SUKARNO PUTRA","REGULER","BM","35.78.20260830.25","10599301","2,000"
"106399","PRATAMA SUKARNO PUTRA","REGULER","BK","35.78.20260830.30","10344628","1,200"
"106399","PRATAMA SUKARNO PUTRA","SPECIAL","BJ","35.78.20260830.31","10559840","11,000"
"106399","PRATAMA SUKARNO PUTRA","REGULER","BM","35.78.20260830.41","10420957","2,000"
"106399","PRATAMA SUKARNO PUTRA","SPECIAL","BJ","35.78.20260830.44","10609645","11,000"
"106399","PRATAMA SUKARNO PUTRA","REGULER","DB","35.78.20260830.46","10556172","6,000"
"106399","PRATAMA SUKARNO PUTRA","REGULER","BI","35.78.20260830.5","10376557","0"
"106399","PRATAMA SUKARNO PUTRA","REGULER","BM","35.78.20260830.6","10102966","3,000"
"106399","PRATAMA SUKARNO PUTRA","REGULER","BM","35.78.20260830.8","10459950","5,000"
"106399","PRATAMA SUKARNO PUTRA","REGULER","BM","35.78.20260830.8","10459848","3,000"
"106399","PRATAMA SUKARNO PUTRA","BOOSTER AGT 2026 - ACCS","BM","35.78.20260830.8","10459848",""
"106399","PRATAMA SUKARNO PUTRA","BOOSTER AGT 2026 - ACCS","BM","35.78.20260830.8","10459950",""
"106399","PRATAMA SUKARNO PUTRA","REGULER","BN","35.78.20260830.9","10688657","3,000"
"106399","PRATAMA SUKARNO PUTRA","REGULER","BF","U35.13.20260830.19","10180385","16,000"
"106399","PRATAMA SUKARNO PUTRA","REGULER","BP","U35.13.20260830.19","10621507","4,800"
"106399","PRATAMA SUKARNO PUTRA","SPECIAL","BG","U35.13.20260830.19","10607764","10,000"
"106399","PRATAMA SUKARNO PUTRA","REGULER","BJ","35.13.20260831.17","10603621","7,000"
"106399","PRATAMA SUKARNO PUTRA","REGULER","BJ","35.4.20260831.9","10627719","2,000"
"106399","PRATAMA SUKARNO PUTRA","REGULER","BR","U35.13.20260831.2","10538931","60,000"
"172000","AZRIM ANGKONI","KHUSUS - JULI 2026","BA","U35.6.20260702.4","10662947","54,045"
"172000","AZRIM ANGKONI","KHUSUS - JULI 2026","BA","U35.8.20260707.4","10662944","36,027"
"172000","AZRIM ANGKONI","KHUSUS - JULI 2026","BA","U35.8.20260722.8","10601009","157,649"
"172000","AZRIM ANGKONI","KHUSUS - JULI 2026","BA","U35.8.20260722.8","10706834","144,126"
"172000","AZRIM ANGKONI","REGULER","BO","35.10.20260802.4","10552471","2,000"
"172000","AZRIM ANGKONI","REGULER","BO","35.10.20260802.4","10565166","2,000"
"172000","AZRIM ANGKONI","REGULER","BN","35.6.20260802.28","10554024","4,000"
"172000","AZRIM ANGKONI","REGULER","BK","35.10.20260803.10","10452868","18,000"
"172000","AZRIM ANGKONI","BOOSTER AGT 2026 - ACCS","BK","35.10.20260803.10","10452868","50,000"
"172000","AZRIM ANGKONI","REGULER","BL","35.6.20260803.21","10570208","8,000"
"172000","AZRIM ANGKONI","BOOSTER AGT 2026 - ACCS","BL","35.6.20260803.21","10570208","25,000"
"172000","AZRIM ANGKONI","SPECIAL","BJ","35.13.20260804.11","10422759","10,000"
"172000","AZRIM ANGKONI","REGULER","BD","35.7.20260804.2","10578756","4,000"
"172000","AZRIM ANGKONI","REGULER","BO","35.8.20260804.15","10697004","1,000"
"172000","AZRIM ANGKONI","REGULER","BM","35.8.20260804.15","10132201","2,000"
"172000","AZRIM ANGKONI","REGULER","BM","U35.8.20260804.1","10420957","2,000"
"172000","AZRIM ANGKONI","REGULER","BR","U35.8.20260804.1","10471863","45,000"
"172000","AZRIM ANGKONI","REGULER","BQ","U35.13.20260806.5","10499718","20,000"
"172000","AZRIM ANGKONI","REGULER","BP","U35.13.20260806.5","10678587","36,000"
"172000","AZRIM ANGKONI","SPECIAL","BE","U35.13.20260806.5","10146023","180,000"
"172000","AZRIM ANGKONI","REGULER","BB","35.7.20260808.24","10615048","10,000"
"172000","AZRIM ANGKONI","REGULER","BN","35.7.20260808.24","10370872","4,000"
"172000","AZRIM ANGKONI","REGULER","BB","35.7.20260808.24","10421634","15,000"
"172000","AZRIM ANGKONI","REGULER","BD","35.10.20260809.37","10693319","5,000"
"172000","AZRIM ANGKONI","REGULER","BD","35.10.20260809.37","10589423","3,000"
"172000","AZRIM ANGKONI","REGULER","BD","35.10.20260809.37","10624520","4,000"
"172000","AZRIM ANGKONI","REGULER","BB","35.3.20260809.18","10622186","18,000"
"172000","AZRIM ANGKONI","REGULER","BK","35.3.20260809.18","10430753","2,400"
"172000","AZRIM ANGKONI","SPECIAL","BJ","35.4.20260809.31","10568370","4,000"
"172000","AZRIM ANGKONI","SPECIAL","BJ","35.4.20260809.31","","3,000"
"172000","AZRIM ANGKONI","REGULER","BD","U35.7.20260809.23","10209764","45,000"
"172000","AZRIM ANGKONI","REGULER","BF","U35.7.20260809.23","10601785","9,000"
"172000","AZRIM ANGKONI","REGULER","BD","U35.7.20260809.24","","9,000"
"172000","AZRIM ANGKONI","REGULER","BM","35.10.20260812.2","10628201","2,000"
"172000","AZRIM ANGKONI","REGULER","BM","35.10.20260812.2","10459950","5,000"
"172000","AZRIM ANGKONI","BOOSTER AGT 2026 - ACCS","BK","35.10.20260812.2","10458021",""
"172000","AZRIM ANGKONI","BOOSTER AGT 2026 - ACCS","BK","35.10.20260812.2","10458027",""
"172000","AZRIM ANGKONI","BOOSTER AGT 2026 - ACCS","BK","35.10.20260812.2","10562183",""
"172000","AZRIM ANGKONI","BOOSTER AGT 2026 - ACCS","BK","35.10.20260812.2","10562184",""
"172000","AZRIM ANGKONI","BOOSTER AGT 2026 - ACCS","BK","35.10.20260812.2","10668111",""
"172000","AZRIM ANGKONI","BOOSTER AGT 2026 - ACCS","BK","35.10.20260812.2","10697871",""
"172000","AZRIM ANGKONI","BOOSTER AGT 2026 - ACCS","BK","35.10.20260812.2","",""
"172000","AZRIM ANGKONI","BOOSTER AGT 2026 - ACCS","BK","35.10.20260812.2","",""
"172000","AZRIM ANGKONI","BOOSTER AGT 2026 - ACCS","BM","35.10.20260812.2","10443323",""
"172000","AZRIM ANGKONI","BOOSTER AGT 2026 - ACCS","BM","35.10.20260812.2","10459950",""
"172000","AZRIM ANGKONI","BOOSTER AGT 2026 - ACCS","BM","35.10.20260812.2","10628201",""
"172000","AZRIM ANGKONI","REGULER","BB","35.8.20260812.10","10680204","15,000"
"172000","AZRIM ANGKONI","REGULER","BP","U35.10.20260812.3","10581764","54,000"
"172000","AZRIM ANGKONI","REGULER","BM","35.6.20260813.11","10594889","3,000"
"172000","AZRIM ANGKONI","REGULER","BK","35.6.20260813.22","10095151","4,800"
"172000","AZRIM ANGKONI","REGULER","BK","35.6.20260813.22","10701102","3,600"
"172000","AZRIM ANGKONI","REGULER","BK","35.6.20260813.22","10095150","4,800"
"172000","AZRIM ANGKONI","BOOSTER AGT 2026 - ACCS","BK","35.6.20260813.22","10095150",""
"172000","AZRIM ANGKONI","BOOSTER AGT 2026 - ACCS","BK","35.6.20260813.22","10095151",""
"172000","AZRIM ANGKONI","BOOSTER AGT 2026 - ACCS","BK","35.6.20260813.22","10201673",""
"172000","AZRIM ANGKONI","BOOSTER AGT 2026 - ACCS","BK","35.6.20260813.22","10349949",""
"172000","AZRIM ANGKONI","BOOSTER AGT 2026 - ACCS","BK","35.6.20260813.22","10349950",""
"172000","AZRIM ANGKONI","BOOSTER AGT 2026 - ACCS","BK","35.6.20260813.22","10615867",""
"172000","AZRIM ANGKONI","BOOSTER AGT 2026 - ACCS","BK","35.6.20260813.22","10701102",""
"172000","AZRIM ANGKONI","BOOSTER AGT 2026 - ACCS","BK","35.6.20260813.22","",""
"172000","AZRIM ANGKONI","BOOSTER AGT 2026 - ACCS","BK","35.6.20260813.22","",""
"172000","AZRIM ANGKONI","BOOSTER AGT 2026 - ACCS","BK","35.6.20260813.22","",""
"172000","AZRIM ANGKONI","BOOSTER AGT 2026 - ACCS","BK","35.6.20260813.22","",""
"172000","AZRIM ANGKONI","REGULER","BO","35.10.20260815.41","10506858","0"
"172000","AZRIM ANGKONI","REGULER","BO","35.10.20260815.41","10698134","2,000"
"172000","AZRIM ANGKONI","REGULER","BB","35.6.20260815.37","10350222","9,000"
"172000","AZRIM ANGKONI","REGULER","BM","35.6.20260815.45","10631403","4,000"
"172000","AZRIM ANGKONI","REGULER","BK","35.6.20260815.45","10392722","1,200"
"172000","AZRIM ANGKONI","REGULER","BL","35.6.20260815.45","10219471","14,000"
"172000","AZRIM ANGKONI","REGULER","BL","35.6.20260815.45","10676653","3,000"
"172000","AZRIM ANGKONI","BOOSTER AGT 2026 - ACCS","BL","35.6.20260815.45","10219471",""
"172000","AZRIM ANGKONI","BOOSTER AGT 2026 - ACCS","BL","35.6.20260815.45","10474350",""
"172000","AZRIM ANGKONI","BOOSTER AGT 2026 - ACCS","BL","35.6.20260815.45","10566659",""
"172000","AZRIM ANGKONI","BOOSTER AGT 2026 - ACCS","BL","35.6.20260815.45","10676653",""
"172000","AZRIM ANGKONI","REGULER","BK","35.10.20260816.31","10515795","9,600"
"172000","AZRIM ANGKONI","BOOSTER AGT 2026 - ACCS","BK","35.10.20260816.31","10515795","25,000"
"172000","AZRIM ANGKONI","REGULER","BN","35.7.20260816.10","10544849","3,000"
"172000","AZRIM ANGKONI","REGULER","BC","U35.10.20260816.11","10250050","50,000"
"172000","AZRIM ANGKONI","REGULER","BC","U35.10.20260816.12","10632845","45,000"
"172000","AZRIM ANGKONI","REGULER","BK","35.8.20260817.5","10457868","4,800"
"172000","AZRIM ANGKONI","REGULER","BA","U35.6.20260817.3","10514059","120,000"
"172000","AZRIM ANGKONI","SPECIAL","BD","U35.6.20260817.3","10564569","300,000"
"172000","AZRIM ANGKONI","REGULER","BD","U35.6.20260817.4","10704749","85,000"
"172000","AZRIM ANGKONI","REGULER","BO","35.8.20260818.7","10571391","5,000"
"172000","AZRIM ANGKONI","SPECIAL","BJ","35.6.20260823.35","10215871","20,000"
"172000","AZRIM ANGKONI","REGULER","BA","U35.6.20260823.10","10511955","0"
"172000","AZRIM ANGKONI","KHUSUS","BA","U35.6.20260823.10","10655203","752,595"
"172000","AZRIM ANGKONI","REGULER","BL","35.8.20260824.2","10516804","1,000"
"172000","AZRIM ANGKONI","SPECIAL","BL","35.8.20260824.2","10571375","50,000"
"172000","AZRIM ANGKONI","BOOSTER AGT 2026 - ACCS","BL","35.8.20260824.2","10077494",""
"172000","AZRIM ANGKONI","BOOSTER AGT 2026 - ACCS","BL","35.8.20260824.2","10456092",""
"172000","AZRIM ANGKONI","BOOSTER AGT 2026 - ACCS","BL","35.8.20260824.2","10516779",""
"172000","AZRIM ANGKONI","BOOSTER AGT 2026 - ACCS","BL","35.8.20260824.2","10516804",""
"172000","AZRIM ANGKONI","BOOSTER AGT 2026 - ACCS","BL","35.8.20260824.2","10571375",""
"172000","AZRIM ANGKONI","REGULER","BM","35.10.20260825.16","10595794","1,000"
"172000","AZRIM ANGKONI","SPECIAL","BJ","35.10.20260825.19","10572386","5,000"
"172000","AZRIM ANGKONI","REGULER","BK","35.10.20260825.28","10095150","4,800"
"172000","AZRIM ANGKONI","REGULER","BK","35.8.20260825.33","10187617","2,400"
"172000","AZRIM ANGKONI","REGULER","BK","35.8.20260825.33","10603474","2,400"
"172000","AZRIM ANGKONI","KHUSUS","BA","U35.10.20260825.1","10609314","270,261"
"172000","AZRIM ANGKONI","REGULER","BB","U35.10.20260825.2","10664161","25,000"
"172000","AZRIM ANGKONI","REGULER","BB","U35.6.20260825.13","10583274","18,000"
"172000","AZRIM ANGKONI","BOOSTER AGT 2026 - ACCS","BK","35.6.20260827.3","10491806",""
"172000","AZRIM ANGKONI","BOOSTER AGT 2026 - ACCS","BK","35.6.20260827.3","10595935",""
"172000","AZRIM ANGKONI","BOOSTER AGT 2026 - ACCS","BK","35.6.20260827.3","10603467",""
"172000","AZRIM ANGKONI","BOOSTER AGT 2026 - ACCS","BK","35.6.20260827.3","10636516",""
"172000","AZRIM ANGKONI","BOOSTER AGT 2026 - ACCS","BK","35.6.20260827.3","10636518",""
"172000","AZRIM ANGKONI","BOOSTER AGT 2026 - ACCS","BK","35.6.20260827.3","10636521",""
"172000","AZRIM ANGKONI","BOOSTER AGT 2026 - ACCS","BK","35.6.20260827.3","10664242",""
"172000","AZRIM ANGKONI","KHUSUS","BA","U35.10.20260827.4","10702596","900,883"
"172000","AZRIM ANGKONI","SPECIAL","BB","U35.10.20260827.5","10688002","200,000"
"172000","AZRIM ANGKONI","SPECIAL","BL","U35.10.20260827.5","10571379","70,000"
"172000","AZRIM ANGKONI","BOOSTER AGT 2026 - ACCS","BL","U35.10.20260827.5","10571379","100,000"
"172000","AZRIM ANGKONI","REGULER","BK","U35.8.20260828.2","10435639","36,000"
"172000","AZRIM ANGKONI","REGULER","BK","U35.8.20260828.2","10482837","14,400"
"172000","AZRIM ANGKONI","REGULER","BK","U35.8.20260828.2","10541972","16,800"
"172000","AZRIM ANGKONI","BOOSTER AGT 2026 - ACCS","BK","U35.8.20260828.2","10435639",""
"172000","AZRIM ANGKONI","BOOSTER AGT 2026 - ACCS","BK","U35.8.20260828.2","10482837",""
"172000","AZRIM ANGKONI","BOOSTER AGT 2026 - ACCS","BK","U35.8.20260828.2","10541972",""
"181370","KAMILA INDAH PRATIWI","KHUSUS - JULI 2026","BA","U35.3.20260712.3","10680479","48,550"
"181370","KAMILA INDAH PRATIWI","KHUSUS - JULI 2026","BA","U35.10.20260718.12","10691372","62,081"
"181370","KAMILA INDAH PRATIWI","KHUSUS - JULI 2026","BA","U35.10.20260718.12","10691373","62,081"
"181370","KAMILA INDAH PRATIWI","KHUSUS - JULI 2026","BA","U35.10.20260718.12","10691374","62,081"
"181370","KAMILA INDAH PRATIWI","KHUSUS - JULI 2026","BA","U35.8.20260719.20","10680602","238,354"
"181370","KAMILA INDAH PRATIWI","REGULER","BB","U35.7.20260801.2","10583270","4,000"
"181370","KAMILA INDAH PRATIWI","REGULER","BD","35.3.20260802.44","10693319","5,000"
"181370","KAMILA INDAH PRATIWI","REGULER","BM","35.3.20260802.50","10493989","2,000"
"181370","KAMILA INDAH PRATIWI","REGULER","BD","35.7.20260802.37","10410168","5,000"
"181370","KAMILA INDAH PRATIWI","REGULER","BD","35.7.20260802.37","10410169","5,000"
"181370","KAMILA INDAH PRATIWI","REGULER","BO","35.3.20260804.12","10604554","4,000"
"181370","KAMILA INDAH PRATIWI","REGULER","BM","35.6.20260804.27","10595794","2,000"
"181370","KAMILA INDAH PRATIWI","REGULER","BN","35.7.20260805.5","10663036","2,000"
"181370","KAMILA INDAH PRATIWI","REGULER","BC","U35.8.20260807.1","10625948","115,000"
"181370","KAMILA INDAH PRATIWI","REGULER","BF","U35.8.20260807.1","10639452","40,000"
"181370","KAMILA INDAH PRATIWI","REGULER","BC","U35.8.20260807.1","10632845","45,000"
"181370","KAMILA INDAH PRATIWI","REGULER","BC","U35.8.20260807.1","10663092","45,000"
"181370","KAMILA INDAH PRATIWI","KHUSUS","BC","U35.8.20260807.1","10625948","133,333"
"181370","KAMILA INDAH PRATIWI","KHUSUS","BC","U35.8.20260807.1","10632845","133,333"
"181370","KAMILA INDAH PRATIWI","KHUSUS","BC","U35.8.20260807.1","10663092","133,333"
"181370","KAMILA INDAH PRATIWI","REGULER","BK","U35.8.20260807.2","10450458","16,800"
"181370","KAMILA INDAH PRATIWI","REGULER","BK","U35.8.20260807.2","10411586","7,200"
"181370","KAMILA INDAH PRATIWI","REGULER","BC","U35.8.20260807.2","10678659","20,000"
"181370","KAMILA INDAH PRATIWI","BOOSTER AGT 2026 - ACCS","BK","U35.8.20260807.2","10411586",""
"181370","KAMILA INDAH PRATIWI","BOOSTER AGT 2026 - ACCS","BK","U35.8.20260807.2","10450458",""
"181370","KAMILA INDAH PRATIWI","BOOSTER AGT 2026 - ACCS","BK","U35.8.20260807.2","10551371",""
"181370","KAMILA INDAH PRATIWI","REGULER","BK","35.8.20260808.17","10447520","15,600"
"181370","KAMILA INDAH PRATIWI","BOOSTER AGT 2026 - ACCS","BK","35.8.20260808.17","10447520","25,000"
"181370","KAMILA INDAH PRATIWI","KHUSUS","BA","U35.8.20260808.7","10550606","537,052"
"181370","KAMILA INDAH PRATIWI","SPECIAL","BL","U35.8.20260808.8","10501860","20,000"
"181370","KAMILA INDAH PRATIWI","BOOSTER AGT 2026 - ACCS","BL","U35.8.20260808.8","10501860","50,000"
"181370","KAMILA INDAH PRATIWI","REGULER","BC","U35.3.20260812.1","10701084","25,000"
"181370","KAMILA INDAH PRATIWI","SPECIAL","BJ","U35.3.20260812.1","10664227","30,000"
"181370","KAMILA INDAH PRATIWI","SPECIAL","BJ","35.6.20260813.24","10610067","12,000"
"181370","KAMILA INDAH PRATIWI","REGULER","BE","U35.6.20260813.1","10686027","25,000"
"181370","KAMILA INDAH PRATIWI","REGULER","BF","U35.3.20260814.2","10640936","20,000"
"181370","KAMILA INDAH PRATIWI","REGULER","BQ","U35.3.20260814.2","","45,000"
"181370","KAMILA INDAH PRATIWI","REGULER","BP","U35.7.20260814.3","10572012","18,000"
"181370","KAMILA INDAH PRATIWI","REGULER","DB","35.3.20260815.36","10669302","21,000"
"181370","KAMILA INDAH PRATIWI","REGULER","DB","35.3.20260815.36","10556169","15,000"
"181370","KAMILA INDAH PRATIWI","BOOSTER AGT 2026 - ACCS","DB","35.3.20260815.36","10556169",""
"181370","KAMILA INDAH PRATIWI","BOOSTER AGT 2026 - ACCS","DB","35.3.20260815.36","10669302",""
"181370","KAMILA INDAH PRATIWI","REGULER","BO","35.3.20260815.4","10523704","0"
"181370","KAMILA INDAH PRATIWI","REGULER","BO","35.3.20260815.4","10682385","0"
"181370","KAMILA INDAH PRATIWI","REGULER","BD","U35.10.20260815.16","10181760","35,000"
"181370","KAMILA INDAH PRATIWI","REGULER","BK","U35.10.20260815.16","10426361","12,000"
"181370","KAMILA INDAH PRATIWI","BOOSTER AGT 2026 - ACCS","BK","U35.10.20260815.16","10426361",""
"181370","KAMILA INDAH PRATIWI","BOOSTER AGT 2026 - ACCS","BK","U35.10.20260815.16","10704718",""
"181370","KAMILA INDAH PRATIWI","REGULER","BM","U35.3.20260815.2","10021016","2,000"
"181370","KAMILA INDAH PRATIWI","REGULER","BA","U35.3.20260815.2","10681509","30,000"
"181370","KAMILA INDAH PRATIWI","SPECIAL","BE","U35.3.20260815.6","10604097","125,000"
"181370","KAMILA INDAH PRATIWI","REGULER","DB","35.6.20260816.19","10540744","6,000"
"181370","KAMILA INDAH PRATIWI","BOOSTER AGT 2026 - ACCS","DB","35.6.20260816.19","10540744",""
"181370","KAMILA INDAH PRATIWI","BOOSTER AGT 2026 - ACCS","DB","35.6.20260816.19","10649859",""
"181370","KAMILA INDAH PRATIWI","SPECIAL","BG","U35.13.20260816.2","10566545","50,000"
"181370","KAMILA INDAH PRATIWI","REGULER","BD","U35.7.20260816.2","10183339","17,000"
"181370","KAMILA INDAH PRATIWI","REGULER","BA","35.0.20260818.2","10681509","-30,000"
"181370","KAMILA INDAH PRATIWI","REGULER","BM","35.0.20260818.2","10021016","-2,000"
"181370","KAMILA INDAH PRATIWI","REGULER","BO","35.0.20260818.3","10523704","0"
"181370","KAMILA INDAH PRATIWI","REGULER","BO","35.0.20260818.3","10682385","0"
"181370","KAMILA INDAH PRATIWI","REGULER","BA","U35.3.20260818.9","10681510","30,000"
"181370","KAMILA INDAH PRATIWI","REGULER","BR","35.4.20260819.21","","19,500"
"181370","KAMILA INDAH PRATIWI","SPECIAL","BJ","35.13.20260821.3","10610088","3,000"
"181370","KAMILA INDAH PRATIWI","SPECIAL","BJ","35.13.20260821.3","10610054","9,000"
"181370","KAMILA INDAH PRATIWI","SPECIAL","BJ","35.13.20260821.3","10444665","15,000"
"181370","KAMILA INDAH PRATIWI","SPECIAL","BJ","35.13.20260821.3","10610080","3,000"
"181370","KAMILA INDAH PRATIWI","REGULER","BD","35.3.20260822.5","10606866","5,000"
"181370","KAMILA INDAH PRATIWI","REGULER","BD","35.3.20260822.5","10612732","1,000"
"181370","KAMILA INDAH PRATIWI","BOOSTER AGT 2026 - ACCS","BK","35.8.20260822.7","10153390",""
"181370","KAMILA INDAH PRATIWI","BOOSTER AGT 2026 - ACCS","BK","35.8.20260822.7","10551367",""
"181370","KAMILA INDAH PRATIWI","BOOSTER AGT 2026 - ACCS","BK","35.8.20260822.7","10602183",""
"181370","KAMILA INDAH PRATIWI","BOOSTER AGT 2026 - ACCS","BK","35.8.20260822.7","10665066",""
"181370","KAMILA INDAH PRATIWI","BOOSTER AGT 2026 - ACCS","BK","35.8.20260822.7","10665067",""
"181370","KAMILA INDAH PRATIWI","BOOSTER AGT 2026 - ACCS","BK","35.8.20260822.7","10701079",""
"181370","KAMILA INDAH PRATIWI","BOOSTER AGT 2026 - ACCS","BK","35.8.20260822.7","",""
"181370","KAMILA INDAH PRATIWI","BOOSTER AGT 2026 - ACCS","BK","35.8.20260822.7","",""
"181370","KAMILA INDAH PRATIWI","BOOSTER AGT 2026 - ACCS","BK","35.8.20260822.7","",""
"181370","KAMILA INDAH PRATIWI","BOOSTER AGT 2026 - ACCS","BK","35.8.20260822.7","",""
"181370","KAMILA INDAH PRATIWI","BOOSTER AGT 2026 - ACCS","BK","35.8.20260822.7","",""
"181370","KAMILA INDAH PRATIWI","SPECIAL","BL","U35.10.20260822.10","10694052","110,000"
"181370","KAMILA INDAH PRATIWI","BOOSTER AGT 2026 - ACCS","BL","U35.10.20260822.10","10467413",""
"181370","KAMILA INDAH PRATIWI","BOOSTER AGT 2026 - ACCS","BL","U35.10.20260822.10","10694052",""
"181370","KAMILA INDAH PRATIWI","KHUSUS","BA","U35.10.20260822.9","10581998","634,026"
"181370","KAMILA INDAH PRATIWI","SPECIAL","BD","U35.10.20260822.9","10596025","400,000"
"181370","KAMILA INDAH PRATIWI","BOOSTER AGT 2026 - FURNI","BA","U35.10.20260822.9","10581998","350,000"
"181370","KAMILA INDAH PRATIWI","REGULER","BB","U35.8.20260822.3","10680206","35,000"
"181370","KAMILA INDAH PRATIWI","REGULER","BK","U35.8.20260822.3","10699750","16,800"
"181370","KAMILA INDAH PRATIWI","BOOSTER AGT 2026 - ACCS","BK","U35.8.20260822.3","10671006",""
"181370","KAMILA INDAH PRATIWI","BOOSTER AGT 2026 - ACCS","BK","U35.8.20260822.3","10699750",""
"181370","KAMILA INDAH PRATIWI","SPECIAL","BN","35.3.20260823.22","10553847","10,000"
"181370","KAMILA INDAH PRATIWI","SPECIAL","BN","35.3.20260823.22","10644136","4,000"
"181370","KAMILA INDAH PRATIWI","SPECIAL","BN","35.3.20260823.22","10553849","5,000"
"181370","KAMILA INDAH PRATIWI","REGULER","BK","35.6.20260823.2","10631381","8,400"
"181370","KAMILA INDAH PRATIWI","REGULER","BK","35.6.20260823.2","10249897","2,400"
"181370","KAMILA INDAH PRATIWI","REGULER","BK","35.6.20260823.2","10702967","16,800"
"181370","KAMILA INDAH PRATIWI","REGULER","BK","35.6.20260823.2","10631394","4,800"
"181370","KAMILA INDAH PRATIWI","SPECIAL","BN","35.6.20260823.2","10553320","20,000"
"181370","KAMILA INDAH PRATIWI","BOOSTER AGT 2026 - ACCS","BK","35.6.20260823.2","10249896",""
"181370","KAMILA INDAH PRATIWI","BOOSTER AGT 2026 - ACCS","BK","35.6.20260823.2","10249897",""
"181370","KAMILA INDAH PRATIWI","BOOSTER AGT 2026 - ACCS","BK","35.6.20260823.2","10554246",""
"181370","KAMILA INDAH PRATIWI","BOOSTER AGT 2026 - ACCS","BK","35.6.20260823.2","10554247",""
"181370","KAMILA INDAH PRATIWI","BOOSTER AGT 2026 - ACCS","BK","35.6.20260823.2","10631381",""
"181370","KAMILA INDAH PRATIWI","BOOSTER AGT 2026 - ACCS","BK","35.6.20260823.2","10631394",""
"181370","KAMILA INDAH PRATIWI","BOOSTER AGT 2026 - ACCS","BK","35.6.20260823.2","10702967",""
"181370","KAMILA INDAH PRATIWI","REGULER","BL","U35.3.20260824.7","10698334","25,000"
"181370","KAMILA INDAH PRATIWI","BOOSTER AGT 2026 - ACCS","BL","U35.3.20260824.7","10698334","75,000"
"181370","KAMILA INDAH PRATIWI","SPECIAL","BJ","35.6.20260828.9","10666985","10,000"
"181370","KAMILA INDAH PRATIWI","REGULER","BI","35.8.20260829.53","10376563","0"
"180436","FIKRI MAULANA","KHUSUS - JULI 2026","BA","U35.6.20260718.6","10446861","15,131"
"180436","FIKRI MAULANA","REGULER","BN","35.7.20260801.37","10547533","2,000"
"180436","FIKRI MAULANA","REGULER","BK","35.7.20260801.40","10491809","2,400"
"180436","FIKRI MAULANA","REGULER","BN","35.7.20260801.40","10541167","2,000"
"180436","FIKRI MAULANA","REGULER","BN","35.7.20260801.40","10541166","2,000"
"180436","FIKRI MAULANA","REGULER","BK","35.7.20260801.40","10604481","2,400"
"180436","FIKRI MAULANA","BOOSTER AGT 2026 - ACCS","BK","35.7.20260801.40","10491809",""
"180436","FIKRI MAULANA","BOOSTER AGT 2026 - ACCS","BK","35.7.20260801.40","10600541",""
"180436","FIKRI MAULANA","BOOSTER AGT 2026 - ACCS","BK","35.7.20260801.40","10604481",""
"180436","FIKRI MAULANA","BOOSTER AGT 2026 - ACCS","BK","35.7.20260801.40","10606065",""
"180436","FIKRI MAULANA","BOOSTER AGT 2026 - ACCS","BK","35.7.20260801.40","10656084",""
"180436","FIKRI MAULANA","BOOSTER AGT 2026 - ACCS","BK","35.7.20260801.40","10701077",""
"180436","FIKRI MAULANA","SPECIAL","BJ","35.4.20260803.16","10422544","10,000"
"180436","FIKRI MAULANA","REGULER","BN","35.8.20260803.9","10624233","3,000"
"180436","FIKRI MAULANA","REGULER","BM","35.8.20260803.9","10523859","2,000"
"180436","FIKRI MAULANA","REGULER","BR","U35.4.20260805.2","10504950","30,000"
"180436","FIKRI MAULANA","REGULER","BR","U35.4.20260805.2","10561988","25,500"
"180436","FIKRI MAULANA","REGULER","BR","U35.4.20260805.2","10509566","75,000"
"180436","FIKRI MAULANA","REGULER","BB","U35.6.20260807.2","10656094","25,000"
"180436","FIKRI MAULANA","REGULER","BM","35.10.20260808.11","10593569","2,000"
"180436","FIKRI MAULANA","REGULER","BK","35.6.20260808.24","10491801","2,400"
"180436","FIKRI MAULANA","REGULER","BK","35.6.20260808.24","10701102","3,600"
"180436","FIKRI MAULANA","REGULER","BK","35.6.20260808.24","10542771","2,400"
"180436","FIKRI MAULANA","BOOSTER AGT 2026 - ACCS","BK","35.6.20260808.24","10491800",""
"180436","FIKRI MAULANA","BOOSTER AGT 2026 - ACCS","BK","35.6.20260808.24","10491801",""
"180436","FIKRI MAULANA","BOOSTER AGT 2026 - ACCS","BK","35.6.20260808.24","10491818",""
"180436","FIKRI MAULANA","BOOSTER AGT 2026 - ACCS","BK","35.6.20260808.24","10542770",""
"180436","FIKRI MAULANA","BOOSTER AGT 2026 - ACCS","BK","35.6.20260808.24","10542771",""
"180436","FIKRI MAULANA","BOOSTER AGT 2026 - ACCS","BK","35.6.20260808.24","10701102",""
"180436","FIKRI MAULANA","SPECIAL","BF","U35.6.20260808.7","10602206","25,000"
"180436","FIKRI MAULANA","REGULER","BK","35.6.20260809.5","10576444","2,400"
"180436","FIKRI MAULANA","SPECIAL","BB","U35.10.20260809.2","10657139","100,000"
"180436","FIKRI MAULANA","REGULER","BB","U35.6.20260809.18","10663875","19,000"
"180436","FIKRI MAULANA","SPECIAL","BF","U35.6.20260809.18","10602207","35,000"
"180436","FIKRI MAULANA","REGULER","BF","U35.6.20260817.13","10424773","40,000"
"180436","FIKRI MAULANA","REGULER","BR","U35.6.20260817.13","10111816","16,500"
"180436","FIKRI MAULANA","KHUSUS","BA","U35.6.20260817.13","10636990","72,063"
"180436","FIKRI MAULANA","KHUSUS","BA","U35.6.20260817.13","10691160","735,120"
"180436","FIKRI MAULANA","REGULER","BR","U35.6.20260817.14","10565291","25,500"
"180436","FIKRI MAULANA","REGULER","BM","U35.6.20260817.14","10604373","7,000"
"180436","FIKRI MAULANA","REGULER","BR","U35.6.20260817.14","10111816","16,500"
"180436","FIKRI MAULANA","BOOSTER AGT 2026 - ACCS","BM","U35.6.20260817.14","10604373","25,000"
"180436","FIKRI MAULANA","REGULER","BO","35.10.20260818.1","10565166","2,000"
"180436","FIKRI MAULANA","SPECIAL","BJ","35.4.20260821.12","10610078","4,000"
"180436","FIKRI MAULANA","REGULER","BQ","U35.4.20260821.6","10564051","25,000"
"180436","FIKRI MAULANA","BOOSTER AGT 2026 - FURNI","BQ","U35.4.20260821.6","10564051","40,000"
"180436","FIKRI MAULANA","KHUSUS","BA","U35.6.20260822.7","10680479","49,541"
"180436","FIKRI MAULANA","REGULER","BA","U35.10.20260824.4","10700674","55,000"
"180436","FIKRI MAULANA","REGULER","BR","U35.10.20260824.4","10624524","67,500"
"180436","FIKRI MAULANA","KHUSUS","BA","U35.10.20260824.4","10562101","182,874"
"180436","FIKRI MAULANA","SPECIAL","BB","U35.10.20260824.4","10590181","100,000"
"180436","FIKRI MAULANA","REGULER","BK","35.10.20260825.24","10109047","4,800"
"180436","FIKRI MAULANA","REGULER","BK","35.10.20260825.24","10109046","1,200"
"180436","FIKRI MAULANA","REGULER","BK","35.6.20260825.30","10485453","3,600"
"180436","FIKRI MAULANA","REGULER","BK","35.6.20260825.30","10573496","2,400"
"180436","FIKRI MAULANA","REGULER","BK","35.6.20260825.30","10573497","6,000"
"180436","FIKRI MAULANA","REGULER","BK","35.6.20260825.30","10485452","4,800"
"180436","FIKRI MAULANA","BOOSTER AGT 2026 - ACCS","BK","35.6.20260825.30","10153390",""
"180436","FIKRI MAULANA","BOOSTER AGT 2026 - ACCS","BK","35.6.20260825.30","10485452",""
"180436","FIKRI MAULANA","BOOSTER AGT 2026 - ACCS","BK","35.6.20260825.30","10485453",""
"180436","FIKRI MAULANA","BOOSTER AGT 2026 - ACCS","BK","35.6.20260825.30","10573496",""
"180436","FIKRI MAULANA","BOOSTER AGT 2026 - ACCS","BK","35.6.20260825.30","10573497",""
"180436","FIKRI MAULANA","BOOSTER AGT 2026 - ACCS","BK","35.6.20260825.30","",""
"180436","FIKRI MAULANA","REGULER","BD","U35.7.20260826.4","10481869","950,000"
"180436","FIKRI MAULANA","INSENTIF MANUAL PROJECT","BD","U35.7.20260826.4","10481869","990,000"
"180436","FIKRI MAULANA","REGULER","BK","35.8.20260827.2","10668109","13,200"
"180436","FIKRI MAULANA","REGULER","BO","35.8.20260827.2","10506858","0"
"180436","FIKRI MAULANA","REGULER","BO","35.8.20260827.2","10570203","1,000"
"180436","FIKRI MAULANA","REGULER","BK","35.8.20260827.2","10700338","3,600"
"180436","FIKRI MAULANA","BOOSTER AGT 2026 - ACCS","BK","35.8.20260827.2","10668109",""
"180436","FIKRI MAULANA","BOOSTER AGT 2026 - ACCS","BK","35.8.20260827.2","10700338",""
"180436","FIKRI MAULANA","BOOSTER AGT 2026 - ACCS","BL","35.8.20260827.2","10150083",""
"180436","FIKRI MAULANA","BOOSTER AGT 2026 - ACCS","BL","35.8.20260827.2","10516786",""
"180436","FIKRI MAULANA","BOOSTER AGT 2026 - ACCS","BL","35.8.20260827.2","10552430",""
"180436","FIKRI MAULANA","BOOSTER AGT 2026 - ACCS","BL","35.8.20260827.2","10676243",""
"180436","FIKRI MAULANA","BOOSTER AGT 2026 - ACCS","BO","U35.8.20260828.3","10572601",""
"180436","FIKRI MAULANA","BOOSTER AGT 2026 - ACCS","BO","U35.8.20260828.3","10572602",""
"180436","FIKRI MAULANA","REGULER","BK","U35.8.20260828.4","10451157","42,000"
"180436","FIKRI MAULANA","BOOSTER AGT 2026 - ACCS","BK","U35.8.20260828.4","10451157","150,000"
"180436","FIKRI MAULANA","REGULER","BK","35.6.20260829.10","10699148","4,800"
"180436","FIKRI MAULANA","REGULER","BK","35.6.20260829.47","10698138","2,400"
"180436","FIKRI MAULANA","REGULER","BK","35.6.20260829.47","10483321","1,200"
"180436","FIKRI MAULANA","REGULER","BK","35.6.20260829.47","10520527","1,200"
"180436","FIKRI MAULANA","REGULER","BM","35.10.20260830.11","10223252","3,000"
"180436","FIKRI MAULANA","REGULER","BK","35.10.20260830.24","10597287","12,000"
"180436","FIKRI MAULANA","BOOSTER AGT 2026 - ACCS","BK","35.10.20260830.24","10597287","25,000"
"180436","FIKRI MAULANA","REGULER","BK","35.13.20260830.36","10467783","18,000"
"180436","FIKRI MAULANA","BOOSTER AGT 2026 - ACCS","BK","35.13.20260830.36","10467783","50,000"
"180436","FIKRI MAULANA","REGULER","BN","35.3.20260830.21","10429434","2,000"
"180436","FIKRI MAULANA","REGULER","BN","35.3.20260830.21","10544849","2,000"
"180436","FIKRI MAULANA","REGULER","BO","35.6.20260830.19","10690775","1,000"
"180436","FIKRI MAULANA","SPECIAL","BJ","35.6.20260830.28","10213920","10,000"
"180436","FIKRI MAULANA","SPECIAL","BJ","35.6.20260830.28","10572384","8,000"
"180436","FIKRI MAULANA","SPECIAL","BJ","35.6.20260830.28","10572038","11,000"
"180436","FIKRI MAULANA","SPECIAL","BJ","35.6.20260830.28","10572017","20,000"
"180436","FIKRI MAULANA","SPECIAL","BJ","35.6.20260830.28","10572377","8,000"
"180436","FIKRI MAULANA","REGULER","BM","35.6.20260830.41","10613393","7,000"
"180436","FIKRI MAULANA","BOOSTER AGT 2026 - ACCS","BM","35.6.20260830.41","10613393","25,000"
"180436","FIKRI MAULANA","REGULER","BK","35.6.20260830.56","10619311","7,200"
"180436","FIKRI MAULANA","REGULER","BK","35.6.20260830.56","10619309","3,600"
"180436","FIKRI MAULANA","BOOSTER AGT 2026 - ACCS","BK","35.6.20260830.56","10619309",""
"180436","FIKRI MAULANA","BOOSTER AGT 2026 - ACCS","BK","35.6.20260830.56","10619311",""
"182106","YOGA MATORIS","KHUSUS - JULI 2026","BA","U35.8.20260716.5","10673008","396,378"
"182106","YOGA MATORIS","SPECIAL","BJ","35.13.20260802.56","10422763","9,000"
"182106","YOGA MATORIS","SPECIAL","BJ","35.13.20260802.56","10422544","8,000"
"182106","YOGA MATORIS","KHUSUS","BA","U35.3.20260802.18","10679265","87,378"
"182106","YOGA MATORIS","SPECIAL","BB","U35.3.20260802.18","10553214","100,000"
"182106","YOGA MATORIS","REGULER","BI","U35.6.20260802.2","10676346","21,600"
"182106","YOGA MATORIS","REGULER","BF","U35.6.20260802.2","10601784","9,000"
"182106","YOGA MATORIS","REGULER","BI","U35.6.20260802.2","10500626","14,400"
"182106","YOGA MATORIS","REGULER","BN","U35.6.20260802.2","10445742","4,000"
"182106","YOGA MATORIS","REGULER","BB","U35.6.20260804.7","10583275","18,000"
"182106","YOGA MATORIS","REGULER","BP","U35.6.20260804.7","10591345","30,000"
"182106","YOGA MATORIS","REGULER","BP","U35.6.20260804.7","10625062","21,600"
"182106","YOGA MATORIS","REGULER","BB","U35.6.20260804.7","10583274","35,000"
"182106","YOGA MATORIS","REGULER","BQ","U35.13.20260806.16","10606863","50,000"
"182106","YOGA MATORIS","BOOSTER AGT 2026 - FURNI","BQ","U35.13.20260806.16","10606863","100,000"
"182106","YOGA MATORIS","REGULER","BD","U35.3.20260806.2","10606869","35,000"
"182106","YOGA MATORIS","REGULER","BD","U35.3.20260806.2","10587666","1,000"
"182106","YOGA MATORIS","SPECIAL","BJ","35.4.20260808.19","10666983","2,000"
"182106","YOGA MATORIS","SPECIAL","BL","35.8.20260808.22","10694054","120,000"
"182106","YOGA MATORIS","BOOSTER AGT 2026 - ACCS","BL","35.8.20260808.22","10694054","175,000"
"182106","YOGA MATORIS","SPECIAL","BJ","35.13.20260809.26","10568163","8,000"
"182106","YOGA MATORIS","REGULER","BR","U35.10.20260809.3","10687868","25,500"
"182106","YOGA MATORIS","SPECIAL","BJ","35.4.20260813.7","10708020","25,000"
"182106","YOGA MATORIS","REGULER","BB","U35.7.20260813.5","10629144","20,000"
"182106","YOGA MATORIS","REGULER","BB","U35.7.20260813.5","10571021","9,000"
"182106","YOGA MATORIS","REGULER","BD","U35.7.20260813.8","","16,000"
"182106","YOGA MATORIS","SPECIAL","BL","U35.7.20260813.9","10690167","50,000"
"182106","YOGA MATORIS","SPECIAL","BL","U35.7.20260813.9","10541161","70,000"
"182106","YOGA MATORIS","BOOSTER AGT 2026 - ACCS","BL","U35.7.20260813.9","10541161",""
"182106","YOGA MATORIS","BOOSTER AGT 2026 - ACCS","BL","U35.7.20260813.9","10690167",""
"182106","YOGA MATORIS","REGULER","BA","U35.10.20260815.17","10680604","65,000"
"182106","YOGA MATORIS","REGULER","BQ","U35.13.20260815.2","10666132","8,000"
"182106","YOGA MATORIS","REGULER","BN","35.8.20260816.1","10491327","1,000"
"182106","YOGA MATORIS","REGULER","BN","35.8.20260816.1","10541400","0"
"182106","YOGA MATORIS","REGULER","BK","35.8.20260816.14","10668028","4,800"
"182106","YOGA MATORIS","SPECIAL","BL","35.8.20260816.14","10645393","50,000"
"182106","YOGA MATORIS","BOOSTER AGT 2026 - ACCS","BK","35.8.20260816.14","10614516",""
"182106","YOGA MATORIS","BOOSTER AGT 2026 - ACCS","BK","35.8.20260816.14","10644747",""
"182106","YOGA MATORIS","BOOSTER AGT 2026 - ACCS","BK","35.8.20260816.14","10668028",""
"182106","YOGA MATORIS","BOOSTER AGT 2026 - ACCS","BL","35.8.20260816.14","10645393","75,000"
"182106","YOGA MATORIS","SPECIAL","BD","U35.6.20260816.11","10631190","200,000"
"182106","YOGA MATORIS","SPECIAL","BN","35.10.20260818.8","10556641","5,000"
"182106","YOGA MATORIS","REGULER","BC","U35.3.20260818.1","10703043","55,000"
"182106","YOGA MATORIS","REGULER","BQ","U35.3.20260818.1","10666132","8,000"
"182106","YOGA MATORIS","KHUSUS","BB","U35.3.20260818.1","10624740","18,914"
"182106","YOGA MATORIS","REGULER","BD","U35.3.20260818.2","10580041","15,000"
"182106","YOGA MATORIS","REGULER","BD","U35.7.20260818.3","10580041","15,000"
"182106","YOGA MATORIS","REGULER","BK","35.6.20260821.8","10607412","2,400"
"182106","YOGA MATORIS","BOOSTER AGT 2026 - ACCS","BK","35.6.20260821.8","10567262",""
"182106","YOGA MATORIS","BOOSTER AGT 2026 - ACCS","BK","35.6.20260821.8","10607412",""
"182106","YOGA MATORIS","BOOSTER AGT 2026 - ACCS","BK","35.6.20260821.8","",""
"182106","YOGA MATORIS","BOOSTER AGT 2026 - ACCS","BK","35.6.20260821.8","",""
"182106","YOGA MATORIS","BOOSTER AGT 2026 - ACCS","BK","35.6.20260821.8","",""
"182106","YOGA MATORIS","BOOSTER AGT 2026 - ACCS","BK","35.6.20260821.8","",""
"182106","YOGA MATORIS","REGULER","BI","U35.3.20260821.6","10568437","30,000"
"182106","YOGA MATORIS","BOOSTER AGT 2026 - FURNI","BI","U35.3.20260821.6","10563816","35,000"
"182106","YOGA MATORIS","REGULER","BM","U35.7.20260821.3","10631403","4,000"
"182106","YOGA MATORIS","SPECIAL","BB","U35.7.20260821.3","10553101","100,000"
"182106","YOGA MATORIS","BOOSTER AGT 2026 - ACCS","BM","U35.7.20260821.3","10631403",""
"182106","YOGA MATORIS","BOOSTER AGT 2026 - ACCS","BM","U35.7.20260821.3","10631405",""
"182106","YOGA MATORIS","REGULER","BN","35.8.20260822.5","10127526","2,000"
"182106","YOGA MATORIS","SPECIAL","BN","35.8.20260822.5","10158111","20,000"
"182106","YOGA MATORIS","SPECIAL","BN","35.8.20260822.5","10555914","5,000"
"182106","YOGA MATORIS","REGULER","BC","U35.8.20260822.2","10588598","95,000"
"182106","YOGA MATORIS","REGULER","BN","35.6.20260823.31","10489761","4,000"
"182106","YOGA MATORIS","REGULER","BN","35.6.20260823.31","10117162","6,000"
"182106","YOGA MATORIS","BOOSTER AGT 2026 - ACCS","BL","35.6.20260823.33","10150083",""
"182106","YOGA MATORIS","BOOSTER AGT 2026 - ACCS","BL","35.6.20260823.33","10689581",""
"182106","YOGA MATORIS","REGULER","BK","U35.6.20260823.9","10541972","24,000"
"182106","YOGA MATORIS","REGULER","BC","U35.6.20260823.9","10559280","100,000"
"182106","YOGA MATORIS","BOOSTER AGT 2026 - ACCS","BK","U35.6.20260823.9","10541972","75,000"
"182106","YOGA MATORIS","REGULER","BL","U35.10.20260825.18","10699627","19,000"
"182106","YOGA MATORIS","BOOSTER AGT 2026 - ACCS","BL","U35.10.20260825.18","10699627","50,000"
"182106","YOGA MATORIS","SPECIAL","BD","U35.3.20260825.14","10568811","200,000"
"182106","YOGA MATORIS","SPECIAL","BD","U35.3.20260825.19","10148355","900,000"
"182106","YOGA MATORIS","BOOSTER AGT 2026 - FURNI","BD","U35.3.20260825.19","10148355","100,000"
"182106","YOGA MATORIS","BOOSTER AGT 2026 - ACCS","BO","U35.3.20260825.20","10562269","120,000"
"182106","YOGA MATORIS","REGULER","BC","U35.7.20260825.1","10632846","30,000"
"182106","YOGA MATORIS","REGULER","BC","U35.7.20260825.2","10701084","25,000"
"182106","YOGA MATORIS","REGULER","BL","35.8.20260827.9","10503172","6,000"
"182106","YOGA MATORIS","REGULER","BL","35.8.20260827.9","10701491","12,000"
"182106","YOGA MATORIS","SPECIAL","BL","35.8.20260827.9","10625050","20,000"
"182106","YOGA MATORIS","BOOSTER AGT 2026 - ACCS","BL","35.8.20260827.9","10503172",""
"182106","YOGA MATORIS","BOOSTER AGT 2026 - ACCS","BL","35.8.20260827.9","10625050",""
"182106","YOGA MATORIS","BOOSTER AGT 2026 - ACCS","BL","35.8.20260827.9","10701491",""
"182106","YOGA MATORIS","REGULER","BR","U35.10.20260827.1","10300744","67,500"
"182106","YOGA MATORIS","REGULER","BR","U35.10.20260827.1","10177599","27,000"
"182106","YOGA MATORIS","REGULER","BA","U35.6.20260829.1","10521415","80,000"
"182106","YOGA MATORIS","REGULER","BK","U35.8.20260829.7","10668033","12,000"
"182106","YOGA MATORIS","BOOSTER AGT 2026 - ACCS","BK","U35.8.20260829.7","10668033","25,000"
"168289","GABRIEL SEBASTIAN JAMES UMBOH","KHUSUS - JULI 2026","BA","U35.6.20260707.4","10682734","682,297"
"168289","GABRIEL SEBASTIAN JAMES UMBOH","KHUSUS - JULI 2026","BA","U35.7.20260708.7","10681497","361,194"
"168289","GABRIEL SEBASTIAN JAMES UMBOH","KHUSUS - JULI 2026","BA","U35.13.20260724.7","10578759","175,662"
"168289","GABRIEL SEBASTIAN JAMES UMBOH","REGULER","BO","35.6.20260801.35","10523704","0"
"168289","GABRIEL SEBASTIAN JAMES UMBOH","REGULER","BO","35.6.20260801.35","10569260","3,000"
"168289","GABRIEL SEBASTIAN JAMES UMBOH","SPECIAL","BJ","35.6.20260801.35","10610088","3,000"
"168289","GABRIEL SEBASTIAN JAMES UMBOH","SPECIAL","BJ","35.6.20260801.35","10610056","8,000"
"168289","GABRIEL SEBASTIAN JAMES UMBOH","SPECIAL","BJ","35.6.20260801.35","10610080","3,000"
"168289","GABRIEL SEBASTIAN JAMES UMBOH","REGULER","BK","35.6.20260802.42","10467116","0"
"168289","GABRIEL SEBASTIAN JAMES UMBOH","REGULER","BK","35.8.20260802.6","10453975","2,400"
"168289","GABRIEL SEBASTIAN JAMES UMBOH","REGULER","BK","U35.6.20260802.9","10487038","15,600"
"168289","GABRIEL SEBASTIAN JAMES UMBOH","REGULER","BK","U35.6.20260802.9","10488658","14,400"
"168289","GABRIEL SEBASTIAN JAMES UMBOH","REGULER","BB","U35.6.20260802.9","10622141","25,000"
"168289","GABRIEL SEBASTIAN JAMES UMBOH","SPECIAL","BB","U35.6.20260802.9","10553101","100,000"
"168289","GABRIEL SEBASTIAN JAMES UMBOH","BOOSTER AGT 2026 - ACCS","BK","U35.6.20260802.9","10487038",""
"168289","GABRIEL SEBASTIAN JAMES UMBOH","BOOSTER AGT 2026 - ACCS","BK","U35.6.20260802.9","10488658",""
"168289","GABRIEL SEBASTIAN JAMES UMBOH","REGULER","BK","35.8.20260804.8","10641841","6,000"
"168289","GABRIEL SEBASTIAN JAMES UMBOH","REGULER","BM","35.7.20260806.5","10052703","6,000"
"168289","GABRIEL SEBASTIAN JAMES UMBOH","BOOSTER AGT 2026 - ACCS","BK","35.7.20260807.6","",""
"168289","GABRIEL SEBASTIAN JAMES UMBOH","BOOSTER AGT 2026 - ACCS","BK","35.7.20260807.6","",""
"168289","GABRIEL SEBASTIAN JAMES UMBOH","BOOSTER AGT 2026 - ACCS","BK","35.7.20260807.6","",""
"168289","GABRIEL SEBASTIAN JAMES UMBOH","BOOSTER AGT 2026 - ACCS","BK","35.7.20260807.6","",""
"168289","GABRIEL SEBASTIAN JAMES UMBOH","REGULER","BK","U35.7.20260807.1","10545975","8,400"
"168289","GABRIEL SEBASTIAN JAMES UMBOH","REGULER","BK","U35.7.20260807.1","10639321","7,200"
"168289","GABRIEL SEBASTIAN JAMES UMBOH","REGULER","BK","U35.7.20260807.1","10260014","14,400"
"168289","GABRIEL SEBASTIAN JAMES UMBOH","REGULER","BK","U35.7.20260807.1","10604491","3,600"
"168289","GABRIEL SEBASTIAN JAMES UMBOH","REGULER","BD","U35.7.20260807.1","10612732","3,000"
"168289","GABRIEL SEBASTIAN JAMES UMBOH","REGULER","BK","U35.7.20260807.1","10707253","24,000"
"168289","GABRIEL SEBASTIAN JAMES UMBOH","REGULER","BK","U35.7.20260807.1","10209143","8,400"
"168289","GABRIEL SEBASTIAN JAMES UMBOH","BOOSTER AGT 2026 - ACCS","BK","U35.7.20260807.1","10209143",""
"168289","GABRIEL SEBASTIAN JAMES UMBOH","BOOSTER AGT 2026 - ACCS","BK","U35.7.20260807.1","10260014",""
"168289","GABRIEL SEBASTIAN JAMES UMBOH","BOOSTER AGT 2026 - ACCS","BK","U35.7.20260807.1","10349948",""
"168289","GABRIEL SEBASTIAN JAMES UMBOH","BOOSTER AGT 2026 - ACCS","BK","U35.7.20260807.1","10542773",""
"168289","GABRIEL SEBASTIAN JAMES UMBOH","BOOSTER AGT 2026 - ACCS","BK","U35.7.20260807.1","10545975",""
"168289","GABRIEL SEBASTIAN JAMES UMBOH","BOOSTER AGT 2026 - ACCS","BK","U35.7.20260807.1","10604491",""
"168289","GABRIEL SEBASTIAN JAMES UMBOH","BOOSTER AGT 2026 - ACCS","BK","U35.7.20260807.1","10636516",""
"168289","GABRIEL SEBASTIAN JAMES UMBOH","BOOSTER AGT 2026 - ACCS","BK","U35.7.20260807.1","10639321",""
"168289","GABRIEL SEBASTIAN JAMES UMBOH","BOOSTER AGT 2026 - ACCS","BK","U35.7.20260807.1","10707253",""
"168289","GABRIEL SEBASTIAN JAMES UMBOH","BOOSTER AGT 2026 - ACCS","BM","U35.7.20260807.1","10599299","50,000"
"168289","GABRIEL SEBASTIAN JAMES UMBOH","SPECIAL","BJ","35.13.20260811.6","10603212","75,000"
"168289","GABRIEL SEBASTIAN JAMES UMBOH","SPECIAL","BJ","35.13.20260811.8","10664231","30,000"
"168289","GABRIEL SEBASTIAN JAMES UMBOH","REGULER","BI","U35.13.20260811.2","10643798","0"
"168289","GABRIEL SEBASTIAN JAMES UMBOH","KHUSUS","BB","35.7.20260814.4","10594196","20,939"
"168289","GABRIEL SEBASTIAN JAMES UMBOH","REGULER","BP","U35.3.20260814.3","10509697","20,400"
"168289","GABRIEL SEBASTIAN JAMES UMBOH","SPECIAL","BJ","35.4.20260815.25","10560057","6,000"
"168289","GABRIEL SEBASTIAN JAMES UMBOH","SPECIAL","BJ","35.4.20260815.25","10560078","7,000"
"168289","GABRIEL SEBASTIAN JAMES UMBOH","REGULER","BQ","U35.13.20260815.13","10666133","10,000"
"168289","GABRIEL SEBASTIAN JAMES UMBOH","REGULER","BK","35.6.20260816.55","10212798","2,400"
"168289","GABRIEL SEBASTIAN JAMES UMBOH","REGULER","BO","35.6.20260816.55","10599266","1,000"
"168289","GABRIEL SEBASTIAN JAMES UMBOH","REGULER","BB","U35.10.20260816.13","10583274","35,000"
"168289","GABRIEL SEBASTIAN JAMES UMBOH","REGULER","BK","35.6.20260819.20","10566528","3,600"
"168289","GABRIEL SEBASTIAN JAMES UMBOH","BOOSTER AGT 2026 - ACCS","BK","35.6.20260819.20","10566528",""
"168289","GABRIEL SEBASTIAN JAMES UMBOH","BOOSTER AGT 2026 - ACCS","BK","35.6.20260819.20","",""
"168289","GABRIEL SEBASTIAN JAMES UMBOH","BOOSTER AGT 2026 - ACCS","BK","35.6.20260819.20","",""
"168289","GABRIEL SEBASTIAN JAMES UMBOH","BOOSTER AGT 2026 - ACCS","BK","35.6.20260819.20","",""
"168289","GABRIEL SEBASTIAN JAMES UMBOH","BOOSTER AGT 2026 - ACCS","BK","35.6.20260819.20","",""
"168289","GABRIEL SEBASTIAN JAMES UMBOH","KHUSUS","BA","U35.6.20260819.8","10662945","45,036"
"168289","GABRIEL SEBASTIAN JAMES UMBOH","REGULER","BI","U35.13.20260820.6","10676347","21,600"
"168289","GABRIEL SEBASTIAN JAMES UMBOH","SPECIAL","BJ","35.4.20260821.6","10647660","30,000"
"168289","GABRIEL SEBASTIAN JAMES UMBOH","SPECIAL","BJ","35.4.20260821.8","","3,000"
"168289","GABRIEL SEBASTIAN JAMES UMBOH","REGULER","BD","U35.4.20260821.3","10203632","25,000"
"168289","GABRIEL SEBASTIAN JAMES UMBOH","REGULER","BD","U35.7.20260822.10","10705601","55,000"
"168289","GABRIEL SEBASTIAN JAMES UMBOH","SPECIAL","BD","U35.7.20260822.10","10567423","200,000"
"168289","GABRIEL SEBASTIAN JAMES UMBOH","REGULER","BM","35.8.20260823.10","10594886","2,000"
"168289","GABRIEL SEBASTIAN JAMES UMBOH","KHUSUS","BA","U35.6.20260823.13","10637585","113,505"
"168289","GABRIEL SEBASTIAN JAMES UMBOH","REGULER","BK","35.10.20260825.11","10491819","2,400"
"168289","GABRIEL SEBASTIAN JAMES UMBOH","REGULER","BK","35.10.20260825.11","10547588","2,400"
"168289","GABRIEL SEBASTIAN JAMES UMBOH","BOOSTER AGT 2026 - ACCS","BK","35.10.20260825.11","10491819",""
"168289","GABRIEL SEBASTIAN JAMES UMBOH","BOOSTER AGT 2026 - ACCS","BK","35.10.20260825.11","10547588",""
"168289","GABRIEL SEBASTIAN JAMES UMBOH","BOOSTER AGT 2026 - ACCS","BK","35.10.20260825.11","10568712",""
"168289","GABRIEL SEBASTIAN JAMES UMBOH","BOOSTER AGT 2026 - ACCS","BK","35.10.20260825.11","",""
"168289","GABRIEL SEBASTIAN JAMES UMBOH","BOOSTER AGT 2026 - ACCS","BK","35.10.20260825.11","",""
"168289","GABRIEL SEBASTIAN JAMES UMBOH","BOOSTER AGT 2026 - ACCS","BK","35.10.20260825.11","",""
"168289","GABRIEL SEBASTIAN JAMES UMBOH","BOOSTER AGT 2026 - ACCS","BK","35.10.20260825.11","",""
"168289","GABRIEL SEBASTIAN JAMES UMBOH","SPECIAL","BJ","35.10.20260825.37","10647657","30,000"
"168289","GABRIEL SEBASTIAN JAMES UMBOH","SPECIAL","BJ","35.10.20260825.37","10628991","100,000"
"168289","GABRIEL SEBASTIAN JAMES UMBOH","SPECIAL","BJ","35.10.20260825.37","10515575","0"
"168289","GABRIEL SEBASTIAN JAMES UMBOH","SPECIAL","BJ","35.10.20260825.37","10191231","0"
"168289","GABRIEL SEBASTIAN JAMES UMBOH","SPECIAL","BJ","35.10.20260825.37","10603214","75,000"
"168289","GABRIEL SEBASTIAN JAMES UMBOH","SPECIAL","BJ","35.10.20260825.37","10689141","30,000"
"168289","GABRIEL SEBASTIAN JAMES UMBOH","REGULER","BO","35.10.20260825.38","10541141","5,000"
"168289","GABRIEL SEBASTIAN JAMES UMBOH","REGULER","BB","35.7.20260825.11","10606556","12,000"
"168289","GABRIEL SEBASTIAN JAMES UMBOH","REGULER","BC","U35.10.20260825.15","10698303","85,000"
"168289","GABRIEL SEBASTIAN JAMES UMBOH","REGULER","BD","U35.10.20260825.15","10700750","25,000"
"168289","GABRIEL SEBASTIAN JAMES UMBOH","REGULER","BD","U35.10.20260825.15","10583425","85,000"
"168289","GABRIEL SEBASTIAN JAMES UMBOH","SPECIAL","BB","U35.10.20260825.15","10553214","100,000"
"168289","GABRIEL SEBASTIAN JAMES UMBOH","SPECIAL","BB","U35.10.20260825.15","10578762","100,000"
"168289","GABRIEL SEBASTIAN JAMES UMBOH","REGULER","BA","U35.10.20260825.16","10680606","40,000"
"168289","GABRIEL SEBASTIAN JAMES UMBOH","KHUSUS","BA","U35.10.20260825.16","10680602","238,354"
"168289","GABRIEL SEBASTIAN JAMES UMBOH","SPECIAL","BD","U35.10.20260825.16","10571549","700,000"
"168289","GABRIEL SEBASTIAN JAMES UMBOH","BOOSTER AGT 2026 - FURNI","BG","U35.10.20260825.17","10613340","60,000"
"168289","GABRIEL SEBASTIAN JAMES UMBOH","REGULER","BK","35.6.20260828.25","10663747","1,200"
"168289","GABRIEL SEBASTIAN JAMES UMBOH","REGULER","BK","35.6.20260828.25","10664355","3,600"
"168289","GABRIEL SEBASTIAN JAMES UMBOH","SPECIAL","BL","U35.8.20260830.8","10625053","20,000"
"168289","GABRIEL SEBASTIAN JAMES UMBOH","BOOSTER AGT 2026 - ACCS","BL","U35.8.20260830.8","10625053","25,000"
"154035","MOCHAMMAD SANWANI","KHUSUS - JULI 2026","BA","U35.6.20260725.9","10321710","108,095"
"154035","MOCHAMMAD SANWANI","KHUSUS - JULI 2026","BA","U35.10.20260729.10","10664546","30,623"
"154035","MOCHAMMAD SANWANI","KHUSUS - JULI 2026","BA","U35.10.20260729.10","10682675","444,129"
"154035","MOCHAMMAD SANWANI","REGULER","BR","U35.13.20260801.8","","75,000"
"154035","MOCHAMMAD SANWANI","SPECIAL","BJ","35.13.20260802.22","10572370","17,000"
"154035","MOCHAMMAD SANWANI","SPECIAL","BJ","35.13.20260802.22","10572388","4,000"
"154035","MOCHAMMAD SANWANI","SPECIAL","BJ","35.13.20260802.22","10572381","4,000"
"154035","MOCHAMMAD SANWANI","SPECIAL","BJ","35.13.20260802.22","10572029","10,000"
"154035","MOCHAMMAD SANWANI","REGULER","BR","35.13.20260802.3","10561987","9,000"
"154035","MOCHAMMAD SANWANI","REGULER","BI","35.13.20260802.44","","2,400"
"154035","MOCHAMMAD SANWANI","REGULER","BQ","U35.13.20260802.11","10699335","20,000"
"154035","MOCHAMMAD SANWANI","REGULER","BP","U35.4.20260802.10","10671356","66,000"
"154035","MOCHAMMAD SANWANI","REGULER","BP","U35.4.20260802.10","10671359","66,000"
"154035","MOCHAMMAD SANWANI","REGULER","BG","U35.4.20260802.11","10566221","20,000"
"154035","MOCHAMMAD SANWANI","REGULER","BP","U35.13.20260804.5","10678589","42,000"
"154035","MOCHAMMAD SANWANI","BOOSTER AGT 2026 - FURNI","BP","U35.13.20260804.5","10678589","50,000"
"154035","MOCHAMMAD SANWANI","REGULER","BQ","U35.13.20260804.6","10637185","600,000"
"154035","MOCHAMMAD SANWANI","REGULER","BD","U35.6.20260804.3","10587666","1,000"
"154035","MOCHAMMAD SANWANI","KHUSUS","BB","U35.6.20260804.4","10521064","12,122"
"154035","MOCHAMMAD SANWANI","BOOSTER AGT 2026 - ACCS","BM","U35.6.20260804.4","10227187",""
"154035","MOCHAMMAD SANWANI","BOOSTER AGT 2026 - ACCS","BM","U35.6.20260804.4","10540074",""
"154035","MOCHAMMAD SANWANI","BOOSTER AGT 2026 - ACCS","BM","U35.6.20260804.4","10555768",""
"154035","MOCHAMMAD SANWANI","BOOSTER AGT 2026 - ACCS","BM","U35.6.20260804.4","10571953",""
"154035","MOCHAMMAD SANWANI","BOOSTER AGT 2026 - ACCS","BM","U35.6.20260804.4","10579812",""
"154035","MOCHAMMAD SANWANI","BOOSTER AGT 2026 - ACCS","BM","U35.6.20260804.4","10583694",""
"154035","MOCHAMMAD SANWANI","BOOSTER AGT 2026 - ACCS","BM","U35.6.20260804.4","10631405",""
"154035","MOCHAMMAD SANWANI","BOOSTER AGT 2026 - ACCS","BM","U35.6.20260804.4","10683549",""
"154035","MOCHAMMAD SANWANI","BOOSTER AGT 2026 - ACCS","BM","U35.6.20260804.4","10683850",""
"154035","MOCHAMMAD SANWANI","BOOSTER AGT 2026 - ACCS","BM","U35.6.20260804.4","10697009",""
"154035","MOCHAMMAD SANWANI","REGULER","BI","U35.4.20260806.6","10595439","114,000"
"154035","MOCHAMMAD SANWANI","REGULER","BP","35.4.20260807.23","10591805","18,000"
"154035","MOCHAMMAD SANWANI","SPECIAL","BJ","35.8.20260808.45","10666985","10,000"
"154035","MOCHAMMAD SANWANI","SPECIAL","BJ","35.8.20260808.45","10249385","4,000"
"154035","MOCHAMMAD SANWANI","REGULER","BQ","35.13.20260809.24","10564050","35,000"
"154035","MOCHAMMAD SANWANI","BOOSTER AGT 2026 - FURNI","BQ","35.13.20260809.24","10564050","50,000"
"154035","MOCHAMMAD SANWANI","REGULER","BP","U35.13.20260811.1","10590525","66,000"
"154035","MOCHAMMAD SANWANI","REGULER","BQ","U35.13.20260811.14","10666133","10,000"
"154035","MOCHAMMAD SANWANI","REGULER","BK","35.8.20260813.6","10452549","0"
"154035","MOCHAMMAD SANWANI","BOOSTER AGT 2026 - ACCS","BK","35.8.20260813.6","10377486",""
"154035","MOCHAMMAD SANWANI","BOOSTER AGT 2026 - ACCS","BK","35.8.20260813.6","10452549",""
"154035","MOCHAMMAD SANWANI","BOOSTER AGT 2026 - ACCS","BK","35.8.20260813.6","10568708",""
"154035","MOCHAMMAD SANWANI","BOOSTER AGT 2026 - ACCS","BK","35.8.20260813.6","10595942",""
"154035","MOCHAMMAD SANWANI","BOOSTER AGT 2026 - ACCS","BK","35.8.20260813.6","10595944",""
"154035","MOCHAMMAD SANWANI","BOOSTER AGT 2026 - ACCS","BK","35.8.20260813.6","10595945",""
"154035","MOCHAMMAD SANWANI","REGULER","BB","U35.8.20260813.1","10627727","25,000"
"154035","MOCHAMMAD SANWANI","REGULER","BB","U35.8.20260813.1","10611309","19,000"
"154035","MOCHAMMAD SANWANI","REGULER","BM","U35.8.20260813.2","10605638","3,000"
"154035","MOCHAMMAD SANWANI","REGULER","BP","U35.8.20260813.2","10498206","18,000"
"154035","MOCHAMMAD SANWANI","REGULER","BP","U35.13.20260814.5","10549677","54,000"
"154035","MOCHAMMAD SANWANI","REGULER","BI","35.13.20260816.17","","1,200"
"154035","MOCHAMMAD SANWANI","REGULER","BI","35.13.20260816.17","10569971","1,200"
"154035","MOCHAMMAD SANWANI","SPECIAL","BJ","35.13.20260816.28","10221898","20,000"
"154035","MOCHAMMAD SANWANI","REGULER","BP","U35.13.20260816.17","10590531","180,000"
"154035","MOCHAMMAD SANWANI","REGULER","BR","U35.13.20260816.18","10275775","37,500"
"154035","MOCHAMMAD SANWANI","SPECIAL","BJ","35.13.20260817.15","10603211","75,000"
"154035","MOCHAMMAD SANWANI","SPECIAL","BJ","35.4.20260817.35","","3,000"
"154035","MOCHAMMAD SANWANI","REGULER","BK","35.78.20260817.29","10212796","2,400"
"154035","MOCHAMMAD SANWANI","SPECIAL","BJ","35.78.20260817.33","10609645","11,000"
"154035","MOCHAMMAD SANWANI","REGULER","BO","35.78.20260817.35","10567934","0"
"154035","MOCHAMMAD SANWANI","REGULER","BM","35.78.20260817.37","10095999","0"
"154035","MOCHAMMAD SANWANI","SPECIAL","BN","35.78.20260817.38","10675111","10,000"
"154035","MOCHAMMAD SANWANI","REGULER","BM","35.78.20260817.39","10659342","1,000"
"154035","MOCHAMMAD SANWANI","REGULER","BM","35.78.20260817.42","10659342","1,000"
"154035","MOCHAMMAD SANWANI","SPECIAL","BN","35.78.20260817.43","10349988","15,000"
"154035","MOCHAMMAD SANWANI","REGULER","BJ","35.78.20260817.48","10603617","7,000"
"154035","MOCHAMMAD SANWANI","REGULER","BN","35.78.20260817.49","10664245","2,000"
"154035","MOCHAMMAD SANWANI","REGULER","BJ","35.78.20260817.50","10695143","8,000"
"154035","MOCHAMMAD SANWANI","REGULER","BK","35.78.20260817.53","10462451","2,400"
"154035","MOCHAMMAD SANWANI","SPECIAL","BJ","35.78.20260817.54","10190612","5,000"
"154035","MOCHAMMAD SANWANI","REGULER","BL","35.78.20260817.57","10113993","2,000"
"154035","MOCHAMMAD SANWANI","REGULER","BN","35.78.20260817.58","10687033","2,000"
"154035","MOCHAMMAD SANWANI","REGULER","BJ","35.78.20260817.59","10668279","2,000"
"154035","MOCHAMMAD SANWANI","REGULER","DB","35.78.20260817.62","10630934","7,500"
"154035","MOCHAMMAD SANWANI","SPECIAL","BN","35.78.20260817.63","10361595","5,000"
"154035","MOCHAMMAD SANWANI","REGULER","BP","U35.13.20260818.5","10581768","84,000"
"154035","MOCHAMMAD SANWANI","BOOSTER AGT 2026 - FURNI","BP","U35.13.20260818.5","10581768","100,000"
"154035","MOCHAMMAD SANWANI","REGULER","BK","U35.6.20260819.7","10435239","30,000"
"154035","MOCHAMMAD SANWANI","REGULER","BK","U35.6.20260819.7","10399203","102,000"
"154035","MOCHAMMAD SANWANI","REGULER","BO","U35.6.20260819.7","10653338","18,000"
"154035","MOCHAMMAD SANWANI","REGULER","BK","U35.6.20260819.7","10667040","48,000"
"154035","MOCHAMMAD SANWANI","REGULER","BK","U35.6.20260819.7","10698139","21,600"
"154035","MOCHAMMAD SANWANI","REGULER","BK","U35.6.20260819.7","10699147","4,800"
"154035","MOCHAMMAD SANWANI","BOOSTER AGT 2026 - ACCS","BK","U35.6.20260819.7","10399203",""
"154035","MOCHAMMAD SANWANI","BOOSTER AGT 2026 - ACCS","BK","U35.6.20260819.7","10435239",""
"154035","MOCHAMMAD SANWANI","BOOSTER AGT 2026 - ACCS","BK","U35.6.20260819.7","10667040","199,085"
"154035","MOCHAMMAD SANWANI","BOOSTER AGT 2026 - ACCS","BK","U35.6.20260819.7","10698139",""
"154035","MOCHAMMAD SANWANI","BOOSTER AGT 2026 - ACCS","BK","U35.6.20260819.7","10699147","16,560"
"154035","MOCHAMMAD SANWANI","BOOSTER AGT 2026 - ACCS","BO","U35.6.20260819.7","10653338","30,000"
"154035","MOCHAMMAD SANWANI","REGULER","BP","35.0.20260821.2","10549677","-54,000"
"154035","MOCHAMMAD SANWANI","REGULER","BP","U35.4.20260821.10","10657344","54,000"
"154035","MOCHAMMAD SANWANI","BOOSTER AGT 2026 - FURNI","BP","U35.4.20260821.10","10657344","60,000"
"154035","MOCHAMMAD SANWANI","REGULER","BP","U35.4.20260821.9","10590525","102,000"
"154035","MOCHAMMAD SANWANI","REGULER","BP","U35.7.20260821.2","10098767","102,000"
"154035","MOCHAMMAD SANWANI","REGULER","BQ","U35.13.20260822.10","10607957","20,000"
"154035","MOCHAMMAD SANWANI","REGULER","BP","U35.13.20260827.2","10678589","42,000"
"154035","MOCHAMMAD SANWANI","REGULER","BP","U35.13.20260827.2","10678590","42,000"
"154035","MOCHAMMAD SANWANI","BOOSTER AGT 2026 - FURNI","BP","U35.13.20260827.2","10678589","50,000"
"154035","MOCHAMMAD SANWANI","BOOSTER AGT 2026 - FURNI","BP","U35.13.20260827.2","10678590","50,000"
"154035","MOCHAMMAD SANWANI","REGULER","BP","U35.4.20260827.10","10590525","30,000"
"154035","MOCHAMMAD SANWANI","REGULER","BQ","U35.4.20260827.10","10607957","10,000"
"154035","MOCHAMMAD SANWANI","REGULER","BQ","U35.10.20260830.6","10606864","50,000"
"154035","MOCHAMMAD SANWANI","BOOSTER AGT 2026 - FURNI","BQ","U35.10.20260830.6","10606864","100,000"
"154035","MOCHAMMAD SANWANI","SPECIAL","BF","U35.4.20260831.13","10490261","25,000"
"177065","VANNY ERIYANI","KHUSUS - JULI 2026","BA","U35.8.20260719.17","10321710","108,095"
"177065","VANNY ERIYANI","REGULER","BK","U35.3.20260801.10","10187617","15,600"
"177065","VANNY ERIYANI","REGULER","BM","U35.3.20260801.10","10594886","2,000"
"177065","VANNY ERIYANI","REGULER","BP","U35.3.20260801.10","10060253","60,000"
"177065","VANNY ERIYANI","REGULER","BK","U35.3.20260801.10","10458864","24,000"
"177065","VANNY ERIYANI","REGULER","BM","U35.3.20260801.10","10594888","6,000"
"177065","VANNY ERIYANI","REGULER","BM","U35.3.20260801.10","10021016","7,000"
"177065","VANNY ERIYANI","BOOSTER AGT 2026 - ACCS","BK","U35.3.20260801.10","10187617",""
"177065","VANNY ERIYANI","BOOSTER AGT 2026 - ACCS","BK","U35.3.20260801.10","10458864",""
"177065","VANNY ERIYANI","BOOSTER AGT 2026 - ACCS","BM","U35.3.20260801.10","10021016",""
"177065","VANNY ERIYANI","BOOSTER AGT 2026 - ACCS","BM","U35.3.20260801.10","10571953",""
"177065","VANNY ERIYANI","BOOSTER AGT 2026 - ACCS","BM","U35.3.20260801.10","10593573",""
"177065","VANNY ERIYANI","BOOSTER AGT 2026 - ACCS","BM","U35.3.20260801.10","10594886",""
"177065","VANNY ERIYANI","BOOSTER AGT 2026 - ACCS","BM","U35.3.20260801.10","10594888",""
"177065","VANNY ERIYANI","BOOSTER AGT 2026 - ACCS","DA","U35.3.20260801.10","10567717",""
"177065","VANNY ERIYANI","BOOSTER AGT 2026 - ACCS","DB","U35.3.20260801.10","10487084",""
"177065","VANNY ERIYANI","REGULER","BM","U35.3.20260801.11","10021016","7,000"
"177065","VANNY ERIYANI","REGULER","BK","U35.3.20260801.11","10187617","21,600"
"177065","VANNY ERIYANI","REGULER","BK","U35.3.20260801.11","10458864","30,000"
"177065","VANNY ERIYANI","REGULER","BM","U35.3.20260801.11","10594888","6,000"
"177065","VANNY ERIYANI","BOOSTER AGT 2026 - ACCS","BK","U35.3.20260801.11","10187617",""
"177065","VANNY ERIYANI","BOOSTER AGT 2026 - ACCS","BK","U35.3.20260801.11","10458864",""
"177065","VANNY ERIYANI","BOOSTER AGT 2026 - ACCS","BM","U35.3.20260801.11","10021016",""
"177065","VANNY ERIYANI","BOOSTER AGT 2026 - ACCS","BM","U35.3.20260801.11","10594888",""
"177065","VANNY ERIYANI","REGULER","BP","U35.3.20260801.12","10698113","144,000"
"177065","VANNY ERIYANI","REGULER","BM","U35.3.20260801.12","10594886","2,000"
"177065","VANNY ERIYANI","REGULER","BK","U35.3.20260801.12","10458864","8,400"
"177065","VANNY ERIYANI","REGULER","BM","U35.3.20260801.12","10594888","6,000"
"177065","VANNY ERIYANI","REGULER","BK","U35.3.20260801.12","10187617","10,800"
"177065","VANNY ERIYANI","REGULER","BF","U35.3.20260801.12","10536000","7,000"
"177065","VANNY ERIYANI","BOOSTER AGT 2026 - ACCS","BK","U35.3.20260801.12","10187617",""
"177065","VANNY ERIYANI","BOOSTER AGT 2026 - ACCS","BK","U35.3.20260801.12","10458864",""
"177065","VANNY ERIYANI","BOOSTER AGT 2026 - ACCS","BM","U35.3.20260801.12","10571953",""
"177065","VANNY ERIYANI","BOOSTER AGT 2026 - ACCS","BM","U35.3.20260801.12","10593573",""
"177065","VANNY ERIYANI","BOOSTER AGT 2026 - ACCS","BM","U35.3.20260801.12","10594886",""
"177065","VANNY ERIYANI","BOOSTER AGT 2026 - ACCS","BM","U35.3.20260801.12","10594888",""
"177065","VANNY ERIYANI","BOOSTER AGT 2026 - ACCS","DA","U35.3.20260801.12","10567717",""
"177065","VANNY ERIYANI","BOOSTER AGT 2026 - ACCS","DB","U35.3.20260801.12","10487084",""
"177065","VANNY ERIYANI","REGULER","BB","U35.3.20260801.9","10442073","8,000"
"177065","VANNY ERIYANI","REGULER","BK","U35.3.20260801.9","10187617","24,000"
"177065","VANNY ERIYANI","REGULER","BM","U35.3.20260801.9","10594888","9,000"
"177065","VANNY ERIYANI","REGULER","BK","U35.3.20260801.9","10458864","36,000"
"177065","VANNY ERIYANI","REGULER","BB","U35.3.20260801.9","10442074","12,000"
"177065","VANNY ERIYANI","BOOSTER AGT 2026 - ACCS","BK","U35.3.20260801.9","10187617",""
"177065","VANNY ERIYANI","BOOSTER AGT 2026 - ACCS","BK","U35.3.20260801.9","10458864",""
"177065","VANNY ERIYANI","BOOSTER AGT 2026 - ACCS","BM","U35.3.20260801.9","10594888","25,000"
"177065","VANNY ERIYANI","BOOSTER AGT 2026 - ACCS","DA","U35.3.20260801.9","10567717",""
"177065","VANNY ERIYANI","BOOSTER AGT 2026 - ACCS","DB","U35.3.20260801.9","10487084",""
"177065","VANNY ERIYANI","REGULER","BR","U35.4.20260801.6","","10,500"
"177065","VANNY ERIYANI","SPECIAL","BE","U35.4.20260801.6","10574543","105,000"
"177065","VANNY ERIYANI","REGULER","BN","35.3.20260802.6","10431165","0"
"177065","VANNY ERIYANI","REGULER","BN","35.3.20260802.6","10431166","0"
"177065","VANNY ERIYANI","REGULER","BN","35.3.20260802.6","10434302","0"
"177065","VANNY ERIYANI","REGULER","BG","U35.8.20260804.5","10502873","10,000"
"177065","VANNY ERIYANI","REGULER","BD","U35.10.20260805.4","10121926","270,000"
"177065","VANNY ERIYANI","SPECIAL","BD","U35.10.20260805.4","10148355","900,000"
"177065","VANNY ERIYANI","BOOSTER AGT 2026 - FURNI","BD","U35.10.20260805.4","10148355","100,000"
"177065","VANNY ERIYANI","SPECIAL","BJ","U35.10.20260805.5","10444666","15,000"
"177065","VANNY ERIYANI","REGULER","DB","35.7.20260806.3","10571117","7,500"
"177065","VANNY ERIYANI","REGULER","BM","U35.13.20260806.10","10102966","3,000"
"177065","VANNY ERIYANI","REGULER","BK","U35.13.20260806.10","10458864","8,400"
"177065","VANNY ERIYANI","BOOSTER AGT 2026 - ACCS","BK","U35.13.20260806.10","10458864","25,000"
"177065","VANNY ERIYANI","SPECIAL","BN","35.7.20260808.35","10406066","10,000"
"177065","VANNY ERIYANI","BOOSTER AGT 2026 - ACCS","DB","35.7.20260808.35","10495712","120,000"
"177065","VANNY ERIYANI","REGULER","BN","35.7.20260808.36","10547542","1,000"
"177065","VANNY ERIYANI","REGULER","BN","35.7.20260808.6","10554023","2,000"
"177065","VANNY ERIYANI","REGULER","BF","U35.13.20260808.7","10313415","10,000"
"177065","VANNY ERIYANI","REGULER","BD","U35.13.20260808.7","10685787","14,000"
"177065","VANNY ERIYANI","REGULER","BF","U35.13.20260808.7","10571552","18,000"
"177065","VANNY ERIYANI","SPECIAL","BD","U35.13.20260808.7","10542556","150,000"
"177065","VANNY ERIYANI","REGULER","BO","35.7.20260809.3","10666065","1,000"
"177065","VANNY ERIYANI","REGULER","BO","35.7.20260809.3","10599263","1,000"
"177065","VANNY ERIYANI","REGULER","BN","35.7.20260809.3","10540066","0"
"177065","VANNY ERIYANI","REGULER","BN","35.7.20260809.3","10540067","0"
"177065","VANNY ERIYANI","SPECIAL","BD","U35.7.20260809.3","10564569","300,000"
"177065","VANNY ERIYANI","REGULER","BQ","U35.7.20260810.1","10499725","25,000"
"177065","VANNY ERIYANI","REGULER","BM","35.6.20260814.8","10466704","1,000"
"177065","VANNY ERIYANI","REGULER","BD","U35.8.20260815.13","10546013","110,000"
"177065","VANNY ERIYANI","REGULER","BB","U35.8.20260815.13","10664160","25,000"
"177065","VANNY ERIYANI","REGULER","BF","U35.8.20260815.14","10624240","17,000"
"177065","VANNY ERIYANI","BOOSTER AGT 2026 - ACCS","DB","35.3.20260816.38","10547544","240,000"
"177065","VANNY ERIYANI","REGULER","BO","U35.6.20260816.13","10565006","5,000"
"177065","VANNY ERIYANI","SPECIAL","BF","U35.6.20260816.13","10332809","75,000"
"177065","VANNY ERIYANI","REGULER","BN","35.7.20260817.26","10627565","2,000"
"177065","VANNY ERIYANI","REGULER","BN","35.7.20260817.26","10515626","1,000"
"177065","VANNY ERIYANI","REGULER","BA","U35.10.20260817.2","10681533","55,000"
"177065","VANNY ERIYANI","SPECIAL","BE","U35.7.20260817.9","10416462","125,000"
"177065","VANNY ERIYANI","REGULER","BN","35.10.20260818.3","10688657","3,000"
"177065","VANNY ERIYANI","REGULER","BN","35.6.20260821.5","10537800","2,000"
"177065","VANNY ERIYANI","SPECIAL","BG","U35.0.20260821.1","10422456","-50,000"
"177065","VANNY ERIYANI","SPECIAL","BG","U35.10.20260821.3","10422456","50,000"
"177065","VANNY ERIYANI","SPECIAL","BG","U35.3.20260821.3","10422456","50,000"
"177065","VANNY ERIYANI","REGULER","BN","35.3.20260823.1","10547542","1,000"
"177065","VANNY ERIYANI","REGULER","BM","35.6.20260825.12","10216754","3,000"
"177065","VANNY ERIYANI","REGULER","BN","35.7.20260825.23","10508194","1,000"
"177065","VANNY ERIYANI","REGULER","BN","35.7.20260825.23","10508195","7,000"
"177065","VANNY ERIYANI","SPECIAL","BN","35.13.20260827.11","10630555","5,000"
"177065","VANNY ERIYANI","SPECIAL","BJ","35.13.20260828.8","10572375","18,000"
"177065","VANNY ERIYANI","SPECIAL","BJ","35.13.20260828.8","10572034","11,000"
"177065","VANNY ERIYANI","SPECIAL","BJ","35.13.20260828.8","10572390","4,000"
"177065","VANNY ERIYANI","SPECIAL","BJ","35.13.20260828.8","10572383","4,000"
"177065","VANNY ERIYANI","REGULER","BD","35.7.20260830.19","10592534","4,000"
"177065","VANNY ERIYANI","BOOSTER AGT 2026 - ACCS","BL","35.6.20260831.15","10065081",""
"177065","VANNY ERIYANI","BOOSTER AGT 2026 - ACCS","BL","35.6.20260831.15","10474257",""
"177065","VANNY ERIYANI","BOOSTER AGT 2026 - ACCS","BL","35.6.20260831.15","10632136",""
"101172","RIZKY BUDI PRASTYA","KHUSUS - JULI 2026","BA","U35.10.20260727.6","10514059","304,886"
"101172","RIZKY BUDI PRASTYA","KHUSUS - JULI 2026","BA","U35.3.20260727.3","10677974","490,075"
"101172","RIZKY BUDI PRASTYA","REGULER","BQ","U35.3.20260802.11","10490463","30,000"
"101172","RIZKY BUDI PRASTYA","REGULER","BP","U35.3.20260802.11","10485313","24,000"
"101172","RIZKY BUDI PRASTYA","REGULER","BR","U35.4.20260802.3","10275775","37,500"
"101172","RIZKY BUDI PRASTYA","REGULER","BR","U35.4.20260804.5","","157,500"
"101172","RIZKY BUDI PRASTYA","REGULER","BQ","U35.13.20260805.12","10499721","16,000"
"101172","RIZKY BUDI PRASTYA","REGULER","BQ","U35.13.20260805.12","10499727","18,000"
"101172","RIZKY BUDI PRASTYA","REGULER","BD","U35.4.20260805.1","10580876","6,000"
"101172","RIZKY BUDI PRASTYA","REGULER","BQ","U35.4.20260805.1","10666137","25,000"
"101172","RIZKY BUDI PRASTYA","REGULER","BB","U35.4.20260805.1","10680206","18,000"
"101172","RIZKY BUDI PRASTYA","REGULER","BL","35.10.20260807.13","10659548","9,000"
"101172","RIZKY BUDI PRASTYA","REGULER","BN","35.10.20260807.13","10364609","1,000"
"101172","RIZKY BUDI PRASTYA","REGULER","BL","35.10.20260807.13","10676248","7,000"
"101172","RIZKY BUDI PRASTYA","REGULER","BL","35.10.20260807.13","10624945","5,000"
"101172","RIZKY BUDI PRASTYA","REGULER","BK","35.10.20260807.13","10453979","0"
"101172","RIZKY BUDI PRASTYA","REGULER","BK","35.10.20260807.13","10604495","3,600"
"101172","RIZKY BUDI PRASTYA","SPECIAL","BN","35.10.20260807.13","10550336","10,000"
"101172","RIZKY BUDI PRASTYA","SPECIAL","BJ","35.10.20260807.13","10700489","30,000"
"101172","RIZKY BUDI PRASTYA","SPECIAL","BN","35.10.20260807.13","10666234","10,000"
"101172","RIZKY BUDI PRASTYA","BOOSTER AGT 2026 - ACCS","BL","35.10.20260807.13","10624945",""
"101172","RIZKY BUDI PRASTYA","BOOSTER AGT 2026 - ACCS","BL","35.10.20260807.13","10659548",""
"101172","RIZKY BUDI PRASTYA","BOOSTER AGT 2026 - ACCS","BL","35.10.20260807.13","10676248",""
"101172","RIZKY BUDI PRASTYA","REGULER","BJ","35.13.20260807.8","10664236","4,000"
"101172","RIZKY BUDI PRASTYA","REGULER","BL","U35.10.20260807.7","10488933","10,000"
"101172","RIZKY BUDI PRASTYA","REGULER","BL","U35.10.20260807.7","10677727","4,000"
"101172","RIZKY BUDI PRASTYA","SPECIAL","BD","U35.10.20260807.7","10626720","100,000"
"101172","RIZKY BUDI PRASTYA","BOOSTER AGT 2026 - ACCS","BL","U35.10.20260807.7","10488933",""
"101172","RIZKY BUDI PRASTYA","BOOSTER AGT 2026 - ACCS","BL","U35.10.20260807.7","10677727",""
"101172","RIZKY BUDI PRASTYA","REGULER","BP","U35.4.20260807.3","10647093","54,000"
"101172","RIZKY BUDI PRASTYA","REGULER","BR","U35.4.20260807.3","10656491","45,000"
"101172","RIZKY BUDI PRASTYA","REGULER","BR","35.13.20260808.17","10494604","4,500"
"101172","RIZKY BUDI PRASTYA","REGULER","BR","35.13.20260808.17","10593926","15,000"
"101172","RIZKY BUDI PRASTYA","REGULER","BN","35.3.20260808.21","10426498","2,000"
"101172","RIZKY BUDI PRASTYA","REGULER","BD","U35.0.20260808.2","10148087","-18,000"
"101172","RIZKY BUDI PRASTYA","REGULER","BP","U35.13.20260808.11","10637183","24,000"
"101172","RIZKY BUDI PRASTYA","REGULER","BO","U35.13.20260808.11","10697002","4,000"
"101172","RIZKY BUDI PRASTYA","REGULER","BO","U35.13.20260808.11","10215365","7,000"
"101172","RIZKY BUDI PRASTYA","BOOSTER AGT 2026 - ACCS","BO","U35.13.20260808.11","10215365",""
"101172","RIZKY BUDI PRASTYA","BOOSTER AGT 2026 - ACCS","BO","U35.13.20260808.11","10697002",""
"101172","RIZKY BUDI PRASTYA","REGULER","BD","U35.3.20260808.8","10618480","6,000"
"101172","RIZKY BUDI PRASTYA","REGULER","BD","U35.3.20260808.8","10606869","7,000"
"101172","RIZKY BUDI PRASTYA","REGULER","BP","U35.13.20260809.26","10581857","20,400"
"101172","RIZKY BUDI PRASTYA","REGULER","BQ","U35.3.20260809.2","10410105","35,000"
"101172","RIZKY BUDI PRASTYA","REGULER","BP","U35.13.20260810.6","10625057","19,200"
"101172","RIZKY BUDI PRASTYA","REGULER","BD","U35.13.20260810.6","10602303","19,000"
"101172","RIZKY BUDI PRASTYA","REGULER","BL","35.6.20260811.6","10503171","4,000"
"101172","RIZKY BUDI PRASTYA","REGULER","BL","35.6.20260811.6","10488929","4,000"
"101172","RIZKY BUDI PRASTYA","REGULER","BL","35.6.20260811.6","10701496","12,000"
"101172","RIZKY BUDI PRASTYA","BOOSTER AGT 2026 - ACCS","BL","35.6.20260811.6","10488929",""
"101172","RIZKY BUDI PRASTYA","BOOSTER AGT 2026 - ACCS","BL","35.6.20260811.6","10503171",""
"101172","RIZKY BUDI PRASTYA","BOOSTER AGT 2026 - ACCS","BL","35.6.20260811.6","10701496",""
"101172","RIZKY BUDI PRASTYA","REGULER","BQ","U35.3.20260812.2","10410105","20,000"
"101172","RIZKY BUDI PRASTYA","REGULER","BP","U35.13.20260815.3","10581855","60,000"
"101172","RIZKY BUDI PRASTYA","REGULER","BQ","U35.13.20260815.3","10666141","25,000"
"101172","RIZKY BUDI PRASTYA","REGULER","BP","U35.13.20260815.3","10581754","114,000"
"101172","RIZKY BUDI PRASTYA","REGULER","BP","U35.13.20260815.3","10581764","66,000"
"101172","RIZKY BUDI PRASTYA","REGULER","BP","U35.13.20260815.3","10581760","456,000"
"101172","RIZKY BUDI PRASTYA","BOOSTER AGT 2026 - FURNI","BP","U35.13.20260815.3","10581855","80,000"
"101172","RIZKY BUDI PRASTYA","REGULER","BP","U35.13.20260816.12","10485313","22,800"
"101172","RIZKY BUDI PRASTYA","REGULER","BQ","U35.13.20260816.12","10591339","14,000"
"101172","RIZKY BUDI PRASTYA","REGULER","BP","U35.4.20260816.2","10583341","10,800"
"101172","RIZKY BUDI PRASTYA","SPECIAL","BF","U35.4.20260816.2","10607910","45,000"
"101172","RIZKY BUDI PRASTYA","REGULER","BQ","U35.13.20260817.26","10629048","14,000"
"101172","RIZKY BUDI PRASTYA","REGULER","BO","35.13.20260819.14","10697002","7,000"
"101172","RIZKY BUDI PRASTYA","REGULER","BR","U35.10.20260819.3","10565291","67,500"
"101172","RIZKY BUDI PRASTYA","REGULER","BP","U35.13.20260819.10","10549676","30,000"
"101172","RIZKY BUDI PRASTYA","REGULER","BP","U35.6.20260821.7","10621509","9,600"
"101172","RIZKY BUDI PRASTYA","REGULER","BQ","U35.6.20260821.7","10468600","12,000"
"101172","RIZKY BUDI PRASTYA","REGULER","BL","35.13.20260822.33","10109589","0"
"101172","RIZKY BUDI PRASTYA","REGULER","BQ","35.13.20260822.33","10666141","14,000"
"101172","RIZKY BUDI PRASTYA","REGULER","DB","35.13.20260823.12","10574052","9,000"
"101172","RIZKY BUDI PRASTYA","REGULER","BB","U35.10.20260823.13","10591162","11,000"
"101172","RIZKY BUDI PRASTYA","REGULER","BQ","U35.3.20260823.4","10410104","110,000"
"101172","RIZKY BUDI PRASTYA","REGULER","BQ","U35.4.20260823.13","10507190","16,000"
"101172","RIZKY BUDI PRASTYA","REGULER","BJ","35.13.20260825.14","10668281","2,000"
"101172","RIZKY BUDI PRASTYA","REGULER","BQ","35.13.20260825.20","10368595","16,000"
"101172","RIZKY BUDI PRASTYA","REGULER","BI","35.4.20260825.28","10702670","6,000"
"101172","RIZKY BUDI PRASTYA","REGULER","BI","35.4.20260825.40","10702668","6,000"
"101172","RIZKY BUDI PRASTYA","REGULER","BN","35.7.20260825.34","10675293","60,000"
"101172","RIZKY BUDI PRASTYA","REGULER","BN","35.78.20260825.54","10612063","1,000"
"101172","RIZKY BUDI PRASTYA","REGULER","BJ","35.78.20260825.56","10627725","2,000"
"101172","RIZKY BUDI PRASTYA","REGULER","BN","35.78.20260825.57","10291595","2,000"
"101172","RIZKY BUDI PRASTYA","REGULER","BK","35.78.20260825.58","10212797","2,400"
"101172","RIZKY BUDI PRASTYA","REGULER","BR","U35.13.20260825.19","10090425","21,000"
"101172","RIZKY BUDI PRASTYA","REGULER","BR","U35.13.20260825.9","10514290","45,000"
"101172","RIZKY BUDI PRASTYA","REGULER","BI","U35.13.20260825.9","","7,200"
"101172","RIZKY BUDI PRASTYA","REGULER","BE","U35.8.20260825.1","10709290","30,000"
"101172","RIZKY BUDI PRASTYA","REGULER","BM","35.6.20260826.4","10216754","2,000"
"101172","RIZKY BUDI PRASTYA","REGULER","BL","35.78.20260826.82","10490482","2,000"
"101172","RIZKY BUDI PRASTYA","REGULER","BO","35.78.20260826.83","10567936","0"
"101172","RIZKY BUDI PRASTYA","SPECIAL","BJ","35.78.20260826.86","10572022","14,000"
"101172","RIZKY BUDI PRASTYA","REGULER","BN","35.78.20260827.10","10127526","2,000"
"101172","RIZKY BUDI PRASTYA","REGULER","BN","35.78.20260827.11","10081812","12,000"
"101172","RIZKY BUDI PRASTYA","REGULER","BN","35.78.20260827.11","10081814","15,000"
"101172","RIZKY BUDI PRASTYA","REGULER","BN","35.78.20260827.12","10612063","1,000"
"101172","RIZKY BUDI PRASTYA","REGULER","BO","35.78.20260827.15","10523704","0"
"101172","RIZKY BUDI PRASTYA","REGULER","BO","35.78.20260827.16","10570203","1,000"
"101172","RIZKY BUDI PRASTYA","REGULER","BN","35.78.20260827.9","10550648","3,000"
"101172","RIZKY BUDI PRASTYA","REGULER","BM","35.8.20260827.16","10593568","2,000"
"101172","RIZKY BUDI PRASTYA","REGULER","BD","U35.3.20260827.3","","45,000"
"101172","RIZKY BUDI PRASTYA","REGULER","BD","U35.3.20260827.3","10596620","275,000"
"101172","RIZKY BUDI PRASTYA","REGULER","BD","U35.3.20260827.3","","85,000"
"101172","RIZKY BUDI PRASTYA","REGULER","BL","35.10.20260828.11","10657012","2,000"
"101172","RIZKY BUDI PRASTYA","REGULER","BM","35.3.20260828.2","10477919","2,000"
"101172","RIZKY BUDI PRASTYA","REGULER","BK","35.10.20260829.15","10664351","2,400"
"101172","RIZKY BUDI PRASTYA","REGULER","BL","35.6.20260829.21","10071316","18,000"
"101172","RIZKY BUDI PRASTYA","BOOSTER AGT 2026 - ACCS","BL","35.6.20260829.21","10071316","50,000"
"101172","RIZKY BUDI PRASTYA","REGULER","BL","35.6.20260829.4","10532045","2,000"
"101172","RIZKY BUDI PRASTYA","REGULER","BK","35.6.20260829.7","10453979","0"
"101172","RIZKY BUDI PRASTYA","REGULER","BD","U35.7.20260830.19","10705602","155,000"
"101172","RIZKY BUDI PRASTYA","REGULER","BP","U35.7.20260830.19","10590531","180,000"
"101172","RIZKY BUDI PRASTYA","SPECIAL","BD","U35.7.20260830.19","10568811","200,000"
"186986","HERDIANSYAH FARHAN TRI SAPUTRA","KHUSUS - JULI 2026","BA","35.6.20260701.24","10682738","88,063"
"186986","HERDIANSYAH FARHAN TRI SAPUTRA","KHUSUS - JULI 2026","BA","35.6.20260701.24","10682740","88,063"
"186986","HERDIANSYAH FARHAN TRI SAPUTRA","KHUSUS - JULI 2026","BA","U35.6.20260701.5","10682733","682,297"
"186986","HERDIANSYAH FARHAN TRI SAPUTRA","KHUSUS - JULI 2026","BA","U35.6.20260718.13","10558710","810,793"
"186986","HERDIANSYAH FARHAN TRI SAPUTRA","KHUSUS - JULI 2026","BA","U35.7.20260729.7","10589016","38,281"
"186986","HERDIANSYAH FARHAN TRI SAPUTRA","KHUSUS - JULI 2026","BA","U35.7.20260729.7","10677974","490,075"
"186986","HERDIANSYAH FARHAN TRI SAPUTRA","REGULER","BM","35.3.20260801.15","10550870","5,000"
"186986","HERDIANSYAH FARHAN TRI SAPUTRA","REGULER","BM","35.3.20260801.15","10582557","2,000"
"186986","HERDIANSYAH FARHAN TRI SAPUTRA","BOOSTER AGT 2026 - ACCS","BM","35.3.20260801.15","10550870",""
"186986","HERDIANSYAH FARHAN TRI SAPUTRA","BOOSTER AGT 2026 - ACCS","BM","35.3.20260801.15","10582557",""
"186986","HERDIANSYAH FARHAN TRI SAPUTRA","REGULER","BM","35.6.20260801.12","10420957","2,000"
"186986","HERDIANSYAH FARHAN TRI SAPUTRA","REGULER","BA","U35.3.20260801.3","10525413","35,000"
"186986","HERDIANSYAH FARHAN TRI SAPUTRA","SPECIAL","BD","U35.4.20260801.14","10596627","150,000"
"186986","HERDIANSYAH FARHAN TRI SAPUTRA","KHUSUS","BA","U35.6.20260801.11","10545471","130,622"
"186986","HERDIANSYAH FARHAN TRI SAPUTRA","REGULER","BM","35.13.20260802.32","10421980","2,000"
"186986","HERDIANSYAH FARHAN TRI SAPUTRA","SPECIAL","BJ","35.13.20260802.32","10610080","4,000"
"186986","HERDIANSYAH FARHAN TRI SAPUTRA","SPECIAL","BJ","35.13.20260802.32","10610088","4,000"
"186986","HERDIANSYAH FARHAN TRI SAPUTRA","REGULER","BM","35.6.20260802.17","10659343","1,000"
"186986","HERDIANSYAH FARHAN TRI SAPUTRA","REGULER","BM","35.8.20260802.22","10477920","2,000"
"186986","HERDIANSYAH FARHAN TRI SAPUTRA","REGULER","BB","U35.3.20260802.1","10446726","17,000"
"186986","HERDIANSYAH FARHAN TRI SAPUTRA","REGULER","BM","U35.8.20260802.6","10477920","2,000"
"186986","HERDIANSYAH FARHAN TRI SAPUTRA","REGULER","BB","U35.8.20260802.6","10571021","9,000"
"186986","HERDIANSYAH FARHAN TRI SAPUTRA","REGULER","BK","35.6.20260803.10","10616484","4,800"
"186986","HERDIANSYAH FARHAN TRI SAPUTRA","KHUSUS","BA","U35.6.20260806.5","10691374","63,045"
"186986","HERDIANSYAH FARHAN TRI SAPUTRA","BOOSTER AGT 2026 - ACCS","BM","35.8.20260808.57","10576556","25,000"
"186986","HERDIANSYAH FARHAN TRI SAPUTRA","REGULER","BQ","U35.6.20260808.15","10699331","15,000"
"186986","HERDIANSYAH FARHAN TRI SAPUTRA","REGULER","BP","U35.6.20260808.15","10453090","21,600"
"186986","HERDIANSYAH FARHAN TRI SAPUTRA","BOOSTER AGT 2026 - ACCS","BK","35.10.20260809.21","10491806",""
"186986","HERDIANSYAH FARHAN TRI SAPUTRA","BOOSTER AGT 2026 - ACCS","BK","35.10.20260809.21","10491817",""
"186986","HERDIANSYAH FARHAN TRI SAPUTRA","BOOSTER AGT 2026 - ACCS","BK","35.10.20260809.21","10542772",""
"186986","HERDIANSYAH FARHAN TRI SAPUTRA","BOOSTER AGT 2026 - ACCS","BK","35.10.20260809.21","10554249",""
"186986","HERDIANSYAH FARHAN TRI SAPUTRA","BOOSTER AGT 2026 - ACCS","BK","35.10.20260809.21","10567266",""
"186986","HERDIANSYAH FARHAN TRI SAPUTRA","BOOSTER AGT 2026 - ACCS","BK","35.10.20260809.21","10567267",""
"186986","HERDIANSYAH FARHAN TRI SAPUTRA","BOOSTER AGT 2026 - ACCS","BK","35.10.20260809.21","10603467",""
"186986","HERDIANSYAH FARHAN TRI SAPUTRA","BOOSTER AGT 2026 - ACCS","BK","35.10.20260809.21","10636516",""
"186986","HERDIANSYAH FARHAN TRI SAPUTRA","BOOSTER AGT 2026 - ACCS","BK","35.10.20260809.21","10636519",""
"186986","HERDIANSYAH FARHAN TRI SAPUTRA","BOOSTER AGT 2026 - ACCS","BK","35.10.20260809.21","10636520",""
"186986","HERDIANSYAH FARHAN TRI SAPUTRA","BOOSTER AGT 2026 - ACCS","BK","35.10.20260809.21","10664240",""
"186986","HERDIANSYAH FARHAN TRI SAPUTRA","REGULER","BF","U35.10.20260809.12","10601784","9,000"
"186986","HERDIANSYAH FARHAN TRI SAPUTRA","REGULER","BR","U35.10.20260809.12","10641430","24,000"
"186986","HERDIANSYAH FARHAN TRI SAPUTRA","REGULER","BQ","U35.3.20260809.4","10499724","19,000"
"186986","HERDIANSYAH FARHAN TRI SAPUTRA","REGULER","BP","U35.3.20260809.4","10488767","21,600"
"186986","HERDIANSYAH FARHAN TRI SAPUTRA","REGULER","BB","U35.3.20260809.5","10604362","5,000"
"186986","HERDIANSYAH FARHAN TRI SAPUTRA","REGULER","BB","U35.3.20260809.5","10573844","7,000"
"186986","HERDIANSYAH FARHAN TRI SAPUTRA","REGULER","BB","U35.3.20260809.5","10199865","20,000"
"186986","HERDIANSYAH FARHAN TRI SAPUTRA","REGULER","BC","U35.6.20260809.22","10619246","35,000"
"186986","HERDIANSYAH FARHAN TRI SAPUTRA","REGULER","BI","35.8.20260810.7","10376557","0"
"186986","HERDIANSYAH FARHAN TRI SAPUTRA","REGULER","A","35.0.20260812.6","10514059","-140,000"
"186986","HERDIANSYAH FARHAN TRI SAPUTRA","REGULER","BL","35.6.20260812.7","10457012","2,000"
"186986","HERDIANSYAH FARHAN TRI SAPUTRA","REGULER","BL","35.6.20260812.7","10457020","7,000"
"186986","HERDIANSYAH FARHAN TRI SAPUTRA","REGULER","BL","35.6.20260812.7","10457023","7,000"
"186986","HERDIANSYAH FARHAN TRI SAPUTRA","BOOSTER AGT 2026 - ACCS","BL","35.6.20260812.7","10457012",""
"186986","HERDIANSYAH FARHAN TRI SAPUTRA","BOOSTER AGT 2026 - ACCS","BL","35.6.20260812.7","10457020",""
"186986","HERDIANSYAH FARHAN TRI SAPUTRA","BOOSTER AGT 2026 - ACCS","BL","35.6.20260812.7","10457023",""
"186986","HERDIANSYAH FARHAN TRI SAPUTRA","KHUSUS","BA","U35.6.20260812.5","10664852","43,234"
"186986","HERDIANSYAH FARHAN TRI SAPUTRA","SPECIAL","BD","U35.3.20260814.1","10655961","0"
"186986","HERDIANSYAH FARHAN TRI SAPUTRA","REGULER","BK","35.6.20260815.25","10411585","4,800"
"186986","HERDIANSYAH FARHAN TRI SAPUTRA","REGULER","BH","U35.6.20260815.7","10426856","30,000"
"186986","HERDIANSYAH FARHAN TRI SAPUTRA","KHUSUS","BA","U35.7.20260815.11","10641787","102,162"
"186986","HERDIANSYAH FARHAN TRI SAPUTRA","KHUSUS","BA","U35.7.20260815.11","10641791","102,162"
"186986","HERDIANSYAH FARHAN TRI SAPUTRA","SPECIAL","BL","U35.7.20260815.12","10690159","70,000"
"186986","HERDIANSYAH FARHAN TRI SAPUTRA","BOOSTER AGT 2026 - ACCS","BL","U35.7.20260815.12","10690159","100,000"
"186986","HERDIANSYAH FARHAN TRI SAPUTRA","SPECIAL","BJ","35.3.20260816.18","","3,000"
"186986","HERDIANSYAH FARHAN TRI SAPUTRA","SPECIAL","BD","U35.0.20260817.2","10655961","-200,000"
"186986","HERDIANSYAH FARHAN TRI SAPUTRA","REGULER","BD","U35.3.20260817.24","10716524","60,000"
"186986","HERDIANSYAH FARHAN TRI SAPUTRA","SPECIAL","BD","U35.3.20260817.24","10655961","200,000"
"186986","HERDIANSYAH FARHAN TRI SAPUTRA","REGULER","BM","35.10.20260822.2","10659343","1,000"
"186986","HERDIANSYAH FARHAN TRI SAPUTRA","REGULER","BN","35.3.20260822.17","10688658","3,000"
"186986","HERDIANSYAH FARHAN TRI SAPUTRA","REGULER","BM","35.3.20260822.17","10477919","2,000"
"186986","HERDIANSYAH FARHAN TRI SAPUTRA","REGULER","BB","U35.10.20260822.5","10622187","18,000"
"186986","HERDIANSYAH FARHAN TRI SAPUTRA","REGULER","BN","35.3.20260823.25","10513431","6,000"
"186986","HERDIANSYAH FARHAN TRI SAPUTRA","REGULER","BN","35.3.20260823.25","10704386","3,000"
"186986","HERDIANSYAH FARHAN TRI SAPUTRA","REGULER","BD","35.3.20260824.8","10589423","4,000"
"186986","HERDIANSYAH FARHAN TRI SAPUTRA","REGULER","BL","35.7.20260824.8","10466858","4,000"
"186986","HERDIANSYAH FARHAN TRI SAPUTRA","REGULER","BM","35.21.20260825.1","10513907","2,000"
"186986","HERDIANSYAH FARHAN TRI SAPUTRA","BOOSTER AGT 2026 - ACCS","BM","35.6.20260825.7","10576557","25,000"
"186986","HERDIANSYAH FARHAN TRI SAPUTRA","REGULER","BP","U35.13.20260825.24","10428754","24,000"
"186986","HERDIANSYAH FARHAN TRI SAPUTRA","REGULER","BB","U35.3.20260825.26","10625928","20,000"
"186986","HERDIANSYAH FARHAN TRI SAPUTRA","REGULER","BM","35.13.20260827.4","10467125","2,000"
"186986","HERDIANSYAH FARHAN TRI SAPUTRA","REGULER","BM","35.13.20260827.4","10459847","3,000"
"186986","HERDIANSYAH FARHAN TRI SAPUTRA","BOOSTER AGT 2026 - ACCS","BM","35.13.20260827.4","10459847",""
"186986","HERDIANSYAH FARHAN TRI SAPUTRA","BOOSTER AGT 2026 - ACCS","BM","35.13.20260827.4","10467125",""
"186986","HERDIANSYAH FARHAN TRI SAPUTRA","BOOSTER AGT 2026 - ACCS","BM","35.13.20260827.4","10544976",""
"186986","HERDIANSYAH FARHAN TRI SAPUTRA","REGULER","BK","35.4.20260827.13","10684066","3,600"
"186986","HERDIANSYAH FARHAN TRI SAPUTRA","BOOSTER AGT 2026 - ACCS","BL","35.4.20260827.13","10077494",""
"186986","HERDIANSYAH FARHAN TRI SAPUTRA","BOOSTER AGT 2026 - ACCS","BL","35.4.20260827.13","10221255",""
"186986","HERDIANSYAH FARHAN TRI SAPUTRA","BOOSTER AGT 2026 - ACCS","BL","35.4.20260827.13","10474257",""
"186986","HERDIANSYAH FARHAN TRI SAPUTRA","BOOSTER AGT 2026 - ACCS","BL","35.4.20260827.13","10488559",""
"186986","HERDIANSYAH FARHAN TRI SAPUTRA","BOOSTER AGT 2026 - ACCS","BL","35.4.20260827.13","10499274",""
"186986","HERDIANSYAH FARHAN TRI SAPUTRA","BOOSTER AGT 2026 - ACCS","BL","35.4.20260827.13","10558517",""
"186986","HERDIANSYAH FARHAN TRI SAPUTRA","BOOSTER AGT 2026 - ACCS","BL","35.4.20260827.13","10658649",""
"186986","HERDIANSYAH FARHAN TRI SAPUTRA","BOOSTER AGT 2026 - ACCS","BL","35.4.20260827.13","10676243",""
"186986","HERDIANSYAH FARHAN TRI SAPUTRA","REGULER","BN","35.8.20260827.5","10412635","2,000"
"186986","HERDIANSYAH FARHAN TRI SAPUTRA","REGULER","BM","35.10.20260829.29","10554523","2,000"
"186986","HERDIANSYAH FARHAN TRI SAPUTRA","REGULER","BM","35.6.20260829.48","10595794","1,000"
"186986","HERDIANSYAH FARHAN TRI SAPUTRA","REGULER","BO","35.8.20260829.42","10644520","7,000"
"186986","HERDIANSYAH FARHAN TRI SAPUTRA","REGULER","BO","35.8.20260829.42","10506858","0"
"186986","HERDIANSYAH FARHAN TRI SAPUTRA","REGULER","BO","35.8.20260829.42","10682385","0"
"186986","HERDIANSYAH FARHAN TRI SAPUTRA","BOOSTER AGT 2026 - ACCS","BO","35.8.20260829.42","10506858",""
"186986","HERDIANSYAH FARHAN TRI SAPUTRA","BOOSTER AGT 2026 - ACCS","BO","35.8.20260829.42","10637797","11,830"
"186986","HERDIANSYAH FARHAN TRI SAPUTRA","BOOSTER AGT 2026 - ACCS","BO","35.8.20260829.42","10644520",""
"186986","HERDIANSYAH FARHAN TRI SAPUTRA","BOOSTER AGT 2026 - ACCS","BO","35.8.20260829.42","10682385",""
"186986","HERDIANSYAH FARHAN TRI SAPUTRA","REGULER","BB","U35.8.20260829.12","10625928","20,000"
"186986","HERDIANSYAH FARHAN TRI SAPUTRA","REGULER","BB","U35.8.20260829.12","10573844","6,000"
"186986","HERDIANSYAH FARHAN TRI SAPUTRA","REGULER","BQ","U35.8.20260829.12","10499721","20,000"
"186986","HERDIANSYAH FARHAN TRI SAPUTRA","REGULER","BR","U35.8.20260829.12","10472018","21,000"
"186986","HERDIANSYAH FARHAN TRI SAPUTRA","REGULER","BQ","U35.8.20260829.12","10499720","20,000"
"186986","HERDIANSYAH FARHAN TRI SAPUTRA","REGULER","BR","U35.8.20260829.12","10538931","60,000"
"186986","HERDIANSYAH FARHAN TRI SAPUTRA","REGULER","BF","U35.8.20260829.12","10518673","35,000"
"186986","HERDIANSYAH FARHAN TRI SAPUTRA","REGULER","BM","U35.8.20260829.13","10593569","2,000"
"186986","HERDIANSYAH FARHAN TRI SAPUTRA","BOOSTER AGT 2026 - ACCS","BM","U35.8.20260829.13","10593567",""
"186986","HERDIANSYAH FARHAN TRI SAPUTRA","BOOSTER AGT 2026 - ACCS","BM","U35.8.20260829.13","10593569",""
"186986","HERDIANSYAH FARHAN TRI SAPUTRA","KHUSUS","BA","U35.8.20260829.3","10664851","63,784"
"186986","HERDIANSYAH FARHAN TRI SAPUTRA","REGULER","BM","35.3.20260830.38","10216754","2,000"
"186986","HERDIANSYAH FARHAN TRI SAPUTRA","REGULER","BL","35.6.20260830.10","10680483","3,000"
"186986","HERDIANSYAH FARHAN TRI SAPUTRA","REGULER","BM","35.7.20260830.36","10582557","2,000"
"186986","HERDIANSYAH FARHAN TRI SAPUTRA","SPECIAL","BN","35.8.20260830.33","10667683","6,000"
"186986","HERDIANSYAH FARHAN TRI SAPUTRA","REGULER","BK","35.8.20260830.37","10509903","1,200"
"186986","HERDIANSYAH FARHAN TRI SAPUTRA","REGULER","BK","35.8.20260830.37","10509901","3,600"
"186986","HERDIANSYAH FARHAN TRI SAPUTRA","KHUSUS","BA","U35.10.20260830.10","10519117","178,370"
"186986","HERDIANSYAH FARHAN TRI SAPUTRA","REGULER","BD","U35.7.20260830.4","10616595","60,000"
"186986","HERDIANSYAH FARHAN TRI SAPUTRA","REGULER","BO","35.10.20260831.4","10552478","1,000"
"186986","HERDIANSYAH FARHAN TRI SAPUTRA","REGULER","BR","35.10.20260831.4","10678025","6,000"
"186986","HERDIANSYAH FARHAN TRI SAPUTRA","REGULER","BO","35.6.20260831.25","10682385","0"
"186986","HERDIANSYAH FARHAN TRI SAPUTRA","REGULER","BO","35.6.20260831.25","10565166","5,000"
"186986","HERDIANSYAH FARHAN TRI SAPUTRA","REGULER","BO","35.6.20260831.6","10629695","4,000"
"186986","HERDIANSYAH FARHAN TRI SAPUTRA","BOOSTER AGT 2026 - ACCS","BK","35.6.20260831.6","",""
"186986","HERDIANSYAH FARHAN TRI SAPUTRA","BOOSTER AGT 2026 - ACCS","BK","35.6.20260831.6","",""
"186986","HERDIANSYAH FARHAN TRI SAPUTRA","BOOSTER AGT 2026 - ACCS","BK","35.6.20260831.6","",""
"186986","HERDIANSYAH FARHAN TRI SAPUTRA","BOOSTER AGT 2026 - ACCS","BK","35.6.20260831.6","",""
"186986","HERDIANSYAH FARHAN TRI SAPUTRA","BOOSTER AGT 2026 - ACCS","BK","35.6.20260831.6","",""
"186986","HERDIANSYAH FARHAN TRI SAPUTRA","REGULER","BK","35.8.20260831.19","10491819","2,400"
"186986","HERDIANSYAH FARHAN TRI SAPUTRA","REGULER","BM","35.8.20260831.27","10550871","3,000"
"186986","HERDIANSYAH FARHAN TRI SAPUTRA","REGULER","BM","35.8.20260831.27","10216754","2,000"
"186986","HERDIANSYAH FARHAN TRI SAPUTRA","SPECIAL","BJ","35.8.20260831.27","10568164","4,000"
"186986","HERDIANSYAH FARHAN TRI SAPUTRA","SPECIAL","BJ","35.8.20260831.27","10643627","30,000"
"186986","HERDIANSYAH FARHAN TRI SAPUTRA","SPECIAL","BJ","35.8.20260831.27","","3,000"
"186986","HERDIANSYAH FARHAN TRI SAPUTRA","SPECIAL","BJ","35.8.20260831.27","","3,000"
"186986","HERDIANSYAH FARHAN TRI SAPUTRA","BOOSTER AGT 2026 - ACCS","BM","35.8.20260831.27","10216754",""
"186986","HERDIANSYAH FARHAN TRI SAPUTRA","BOOSTER AGT 2026 - ACCS","BM","35.8.20260831.27","10550871",""
"186986","HERDIANSYAH FARHAN TRI SAPUTRA","BOOSTER AGT 2026 - ACCS","BM","35.8.20260831.27","10697012",""
"186986","HERDIANSYAH FARHAN TRI SAPUTRA","REGULER","BM","35.8.20260831.30","10132199","2,000"
"186986","HERDIANSYAH FARHAN TRI SAPUTRA","SPECIAL","BN","35.8.20260831.30","10608393","10,000"
"186986","HERDIANSYAH FARHAN TRI SAPUTRA","REGULER","BO","35.8.20260831.8","10565009","1,000"
"186986","HERDIANSYAH FARHAN TRI SAPUTRA","REGULER","BB","U35.3.20260831.8","10648058","25,000"
"186986","HERDIANSYAH FARHAN TRI SAPUTRA","REGULER","BB","U35.3.20260831.8","10593093","25,000"
"179965","MUHAMAD AGUNG","KHUSUS - JULI 2026","BA","U35.3.20260705.10","10681538","405,223"
"179965","MUHAMAD AGUNG","KHUSUS - JULI 2026","BA","U35.10.20260710.2","10681535","162,153"
"179965","MUHAMAD AGUNG","KHUSUS - JULI 2026","BA","U35.3.20260712.12","10664546","36,027"
"179965","MUHAMAD AGUNG","KHUSUS - JULI 2026","BA","U35.3.20260712.12","10682672","306,288"
"179965","MUHAMAD AGUNG","KHUSUS - JULI 2026","BA","U35.8.20260726.22","10562032","216,203"
"179965","MUHAMAD AGUNG","REGULER","BD","U35.7.20260802.2","10422558","75,000"
"179965","MUHAMAD AGUNG","SPECIAL","BE","U35.7.20260802.2","10604098","215,000"
"179965","MUHAMAD AGUNG","SPECIAL","BL","U35.7.20260802.2","10632131","70,000"
"179965","MUHAMAD AGUNG","SPECIAL","BD","U35.7.20260802.2","10445245","150,000"
"179965","MUHAMAD AGUNG","BOOSTER AGT 2026 - FURNI","BD","U35.7.20260802.2","10445245","50,000"
"179965","MUHAMAD AGUNG","BOOSTER AGT 2026 - ACCS","BL","U35.7.20260802.2","10632131","75,000"
"179965","MUHAMAD AGUNG","SPECIAL","BL","U35.7.20260802.3","10694052","110,000"
"179965","MUHAMAD AGUNG","BOOSTER AGT 2026 - ACCS","BL","U35.7.20260802.3","10694052","150,000"
"179965","MUHAMAD AGUNG","REGULER","BK","35.10.20260804.3","10669973","8,400"
"179965","MUHAMAD AGUNG","BOOSTER AGT 2026 - ACCS","BK","35.10.20260804.3","10201595",""
"179965","MUHAMAD AGUNG","BOOSTER AGT 2026 - ACCS","BK","35.10.20260804.3","10487396",""
"179965","MUHAMAD AGUNG","BOOSTER AGT 2026 - ACCS","BK","35.10.20260804.3","10568706",""
"179965","MUHAMAD AGUNG","BOOSTER AGT 2026 - ACCS","BK","35.10.20260804.3","10669973",""
"179965","MUHAMAD AGUNG","REGULER","BK","35.10.20260804.9","10209143","8,400"
"179965","MUHAMAD AGUNG","REGULER","BK","35.10.20260804.9","10433866","2,400"
"179965","MUHAMAD AGUNG","BOOSTER AGT 2026 - ACCS","BK","35.10.20260804.9","10209143",""
"179965","MUHAMAD AGUNG","BOOSTER AGT 2026 - ACCS","BK","35.10.20260804.9","10433866",""
"179965","MUHAMAD AGUNG","BOOSTER AGT 2026 - ACCS","BK","35.10.20260804.9","10700475",""
"179965","MUHAMAD AGUNG","REGULER","BR","U35.10.20260804.3","10553964","82,500"
"179965","MUHAMAD AGUNG","REGULER","BQ","U35.10.20260804.3","10468600","25,000"
"179965","MUHAMAD AGUNG","KHUSUS","BB","U35.10.20260804.3","10624891","14,747"
"179965","MUHAMAD AGUNG","BOOSTER AGT 2026 - FURNI","BR","U35.10.20260804.3","10553964","60,000"
"179965","MUHAMAD AGUNG","REGULER","BN","35.8.20260807.20","10513431","6,000"
"179965","MUHAMAD AGUNG","SPECIAL","BN","35.8.20260807.20","10449626","9,000"
"179965","MUHAMAD AGUNG","SPECIAL","BN","35.8.20260807.20","10349993","7,000"
"179965","MUHAMAD AGUNG","SPECIAL","BN","35.8.20260807.20","10567960","7,000"
"179965","MUHAMAD AGUNG","REGULER","BN","35.8.20260807.6","10704386","15,000"
"179965","MUHAMAD AGUNG","SPECIAL","BN","35.8.20260807.6","10642403","25,000"
"179965","MUHAMAD AGUNG","SPECIAL","BB","U35.8.20260807.7","10505304","80,000"
"179965","MUHAMAD AGUNG","REGULER","BN","35.8.20260808.1","10687033","3,000"
"179965","MUHAMAD AGUNG","REGULER","BA","U35.8.20260808.15","10681505","90,000"
"179965","MUHAMAD AGUNG","REGULER","BL","35.10.20260809.9","10657012","3,000"
"179965","MUHAMAD AGUNG","REGULER","BL","35.10.20260809.9","10460125","2,000"
"179965","MUHAMAD AGUNG","REGULER","BA","U35.13.20260809.8","10514058","120,000"
"179965","MUHAMAD AGUNG","SPECIAL","BL","U35.13.20260809.9","10694054","120,000"
"179965","MUHAMAD AGUNG","BOOSTER AGT 2026 - ACCS","BL","U35.13.20260809.9","10694054","175,000"
"179965","MUHAMAD AGUNG","REGULER","BN","35.7.20260813.11","10659031","3,000"
"179965","MUHAMAD AGUNG","REGULER","BL","35.6.20260815.49","10109589","0"
"179965","MUHAMAD AGUNG","REGULER","BL","35.10.20260817.4","10680480","3,000"
"179965","MUHAMAD AGUNG","REGULER","BD","U35.3.20260817.18","10564573","40,000"
"179965","MUHAMAD AGUNG","KHUSUS","BA","U35.6.20260817.22","10553775","45,036"
"179965","MUHAMAD AGUNG","REGULER","BK","35.6.20260820.10","10463226","2,400"
"179965","MUHAMAD AGUNG","REGULER","BL","35.6.20260821.19","10680485","5,000"
"179965","MUHAMAD AGUNG","REGULER","BO","35.10.20260825.40","10543814","2,000"
"179965","MUHAMAD AGUNG","SPECIAL","BJ","35.8.20260825.23","10642996","25,000"
"179965","MUHAMAD AGUNG","KHUSUS","BA","U35.8.20260825.9","10682728","168,459"
"179965","MUHAMAD AGUNG","REGULER","BK","35.10.20260829.13","10433867","2,400"
"179965","MUHAMAD AGUNG","BOOSTER AGT 2026 - ACCS","BK","35.10.20260829.13","10208866",""
"179965","MUHAMAD AGUNG","BOOSTER AGT 2026 - ACCS","BK","35.10.20260829.13","10433867",""
"179965","MUHAMAD AGUNG","BOOSTER AGT 2026 - ACCS","BK","35.10.20260829.13","",""
"179965","MUHAMAD AGUNG","BOOSTER AGT 2026 - ACCS","BK","35.10.20260829.13","",""
"179965","MUHAMAD AGUNG","BOOSTER AGT 2026 - ACCS","BK","35.10.20260829.13","",""
"179965","MUHAMAD AGUNG","REGULER","BL","35.10.20260830.3","10516807","1,000"
"179965","MUHAMAD AGUNG","BOOSTER AGT 2026 - ACCS","BL","35.10.20260830.3","10077494",""
"179965","MUHAMAD AGUNG","BOOSTER AGT 2026 - ACCS","BL","35.10.20260830.3","10257906",""
"179965","MUHAMAD AGUNG","BOOSTER AGT 2026 - ACCS","BL","35.10.20260830.3","10450396",""
"179965","MUHAMAD AGUNG","BOOSTER AGT 2026 - ACCS","BL","35.10.20260830.3","10488567",""
"179965","MUHAMAD AGUNG","BOOSTER AGT 2026 - ACCS","BL","35.10.20260830.3","10516807",""
"179965","MUHAMAD AGUNG","BOOSTER AGT 2026 - ACCS","BL","35.10.20260830.3","10520497",""
"179965","MUHAMAD AGUNG","BOOSTER AGT 2026 - ACCS","BL","35.10.20260830.3","10525575",""
"179965","MUHAMAD AGUNG","SPECIAL","BJ","35.13.20260830.21","10209134","0"
"179965","MUHAMAD AGUNG","SPECIAL","BJ","35.13.20260830.21","10665061","75,000"
"179965","MUHAMAD AGUNG","REGULER","BL","35.6.20260830.12","10698330","30,000"
"179965","MUHAMAD AGUNG","SPECIAL","BL","35.6.20260830.12","10633454","40,000"
"179965","MUHAMAD AGUNG","BOOSTER AGT 2026 - ACCS","BL","35.6.20260830.12","10633454",""
"179965","MUHAMAD AGUNG","BOOSTER AGT 2026 - ACCS","BL","35.6.20260830.12","10698330",""
"179965","MUHAMAD AGUNG","SPECIAL","BJ","35.6.20260830.64","10700491","30,000"
"179965","MUHAMAD AGUNG","SPECIAL","BJ","35.6.20260830.64","10705260","10,000"
"179965","MUHAMAD AGUNG","REGULER","BP","U35.6.20260830.23","10649519","60,000"
"179965","MUHAMAD AGUNG","REGULER","BA","U35.8.20260830.11","10095764","30,000"
"179965","MUHAMAD AGUNG","REGULER","BF","U35.8.20260830.11","10507800","8,000"
"179965","MUHAMAD AGUNG","REGULER","BF","U35.8.20260830.11","10602900","16,000"
"179965","MUHAMAD AGUNG","REGULER","BF","U35.8.20260830.11","10602895","10,000"
"179965","MUHAMAD AGUNG","REGULER","BF","U35.8.20260830.11","10507808","12,000"
"179965","MUHAMAD AGUNG","KHUSUS","BA","U35.8.20260830.11","10680470","131,072"
"179965","MUHAMAD AGUNG","SPECIAL","BG","U35.8.20260830.11","10558583","100,000"
"179965","MUHAMAD AGUNG","BOOSTER AGT 2026 - FURNI","BA","U35.8.20260830.11","10680470","150,000"
"148068","ZAM ZAM SALEHUDIN AHMADI","KHUSUS - JULI 2026","BA","U35.10.20260718.5","10659559","72,063"
"148068","ZAM ZAM SALEHUDIN AHMADI","KHUSUS - JULI 2026","BA","U35.8.20260723.6","10634167","170,257"
"148068","ZAM ZAM SALEHUDIN AHMADI","KHUSUS - JULI 2026","BA","U35.6.20260725.15","10681538","405,223"
"148068","ZAM ZAM SALEHUDIN AHMADI","KHUSUS - JULI 2026","BA","U35.6.20260725.16","10680470","153,144"
"148068","ZAM ZAM SALEHUDIN AHMADI","REGULER","BK","35.4.20260801.9","10212798","2,400"
"148068","ZAM ZAM SALEHUDIN AHMADI","REGULER","BB","U35.8.20260801.14","10350225","10,000"
"148068","ZAM ZAM SALEHUDIN AHMADI","REGULER","DB","U35.8.20260801.27","10622148","6,000"
"148068","ZAM ZAM SALEHUDIN AHMADI","REGULER","BM","U35.8.20260801.27","10493989","2,000"
"148068","ZAM ZAM SALEHUDIN AHMADI","REGULER","BI","35.10.20260802.3","10705771","3,600"
"148068","ZAM ZAM SALEHUDIN AHMADI","REGULER","BI","35.10.20260802.3","10702672","6,000"
"148068","ZAM ZAM SALEHUDIN AHMADI","REGULER","BI","35.10.20260802.3","10705768","3,600"
"148068","ZAM ZAM SALEHUDIN AHMADI","REGULER","BI","35.10.20260802.3","10702674","6,000"
"148068","ZAM ZAM SALEHUDIN AHMADI","REGULER","BM","35.10.20260802.34","10423377","1,000"
"148068","ZAM ZAM SALEHUDIN AHMADI","REGULER","BO","35.10.20260802.34","10568759","7,000"
"148068","ZAM ZAM SALEHUDIN AHMADI","REGULER","BM","35.10.20260802.34","10624849","2,000"
"148068","ZAM ZAM SALEHUDIN AHMADI","REGULER","BK","35.6.20260802.46","10453567","6,000"
"148068","ZAM ZAM SALEHUDIN AHMADI","REGULER","BM","35.6.20260802.50","10420957","2,000"
"148068","ZAM ZAM SALEHUDIN AHMADI","REGULER","BK","35.6.20260802.50","10212796","2,400"
"148068","ZAM ZAM SALEHUDIN AHMADI","REGULER","BO","35.8.20260802.44","10666066","2,000"
"148068","ZAM ZAM SALEHUDIN AHMADI","REGULER","BK","35.8.20260802.44","10349946","2,400"
"148068","ZAM ZAM SALEHUDIN AHMADI","REGULER","BK","35.8.20260802.44","10467898","2,400"
"148068","ZAM ZAM SALEHUDIN AHMADI","REGULER","BI","U35.10.20260802.1","10623885","15,600"
"148068","ZAM ZAM SALEHUDIN AHMADI","REGULER","BI","U35.10.20260802.1","10623886","15,600"
"148068","ZAM ZAM SALEHUDIN AHMADI","REGULER","BR","U35.10.20260802.1","10560711","30,000"
"148068","ZAM ZAM SALEHUDIN AHMADI","REGULER","BC","U35.8.20260802.11","10559280","45,000"
"148068","ZAM ZAM SALEHUDIN AHMADI","REGULER","BC","U35.8.20260802.11","10562891","105,000"
"148068","ZAM ZAM SALEHUDIN AHMADI","REGULER","BC","U35.8.20260802.11","10588596","35,000"
"148068","ZAM ZAM SALEHUDIN AHMADI","KHUSUS","BC","U35.8.20260802.11","10559280","133,333"
"148068","ZAM ZAM SALEHUDIN AHMADI","KHUSUS","BC","U35.8.20260802.11","10562891","133,333"
"148068","ZAM ZAM SALEHUDIN AHMADI","KHUSUS","BC","U35.8.20260802.11","10588596","133,333"
"148068","ZAM ZAM SALEHUDIN AHMADI","REGULER","BK","U35.8.20260802.12","10575252","10,800"
"148068","ZAM ZAM SALEHUDIN AHMADI","BOOSTER AGT 2026 - ACCS","BK","U35.8.20260802.12","10575252","25,000"
"148068","ZAM ZAM SALEHUDIN AHMADI","REGULER","BN","35.7.20260803.4","10187944","3,000"
"148068","ZAM ZAM SALEHUDIN AHMADI","SPECIAL","BD","U35.7.20260803.1","10631190","200,000"
"148068","ZAM ZAM SALEHUDIN AHMADI","REGULER","BL","35.6.20260804.12","10680480","3,000"
"148068","ZAM ZAM SALEHUDIN AHMADI","REGULER","BO","35.6.20260804.6","10515760","7,000"
"148068","ZAM ZAM SALEHUDIN AHMADI","REGULER","BN","35.6.20260806.19","10556635","2,000"
"148068","ZAM ZAM SALEHUDIN AHMADI","SPECIAL","BD","U35.6.20260806.6","10606155","200,000"
"148068","ZAM ZAM SALEHUDIN AHMADI","REGULER","BD","U35.6.20260806.7","10621902","35,000"
"148068","ZAM ZAM SALEHUDIN AHMADI","REGULER","BP","U35.6.20260806.8","10538493","72,000"
"148068","ZAM ZAM SALEHUDIN AHMADI","REGULER","BO","35.10.20260808.24","10088267","2,000"
"148068","ZAM ZAM SALEHUDIN AHMADI","REGULER","BO","35.6.20260808.21","10088266","2,000"
"148068","ZAM ZAM SALEHUDIN AHMADI","REGULER","BB","35.8.20260808.43","10573849","5,000"
"148068","ZAM ZAM SALEHUDIN AHMADI","REGULER","BQ","U35.4.20260808.18","10507192","16,000"
"148068","ZAM ZAM SALEHUDIN AHMADI","BOOSTER AGT 2026 - FURNI","BI","U35.4.20260808.18","10500628","15,000"
"148068","ZAM ZAM SALEHUDIN AHMADI","REGULER","BO","U35.8.20260808.13","10682944","9,000"
"148068","ZAM ZAM SALEHUDIN AHMADI","BOOSTER AGT 2026 - ACCS","BO","U35.8.20260808.13","10562269",""
"148068","ZAM ZAM SALEHUDIN AHMADI","BOOSTER AGT 2026 - ACCS","BO","U35.8.20260808.13","10682944",""
"148068","ZAM ZAM SALEHUDIN AHMADI","SPECIAL","BN","35.10.20260809.14","10609942","10,000"
"148068","ZAM ZAM SALEHUDIN AHMADI","REGULER","BD","35.7.20260809.8","10606866","5,000"
"148068","ZAM ZAM SALEHUDIN AHMADI","KHUSUS","BA","U35.10.20260809.8","10553775","45,036"
"148068","ZAM ZAM SALEHUDIN AHMADI","KHUSUS","BA","U35.10.20260809.8","10662945","45,036"
"148068","ZAM ZAM SALEHUDIN AHMADI","REGULER","BB","U35.8.20260809.2","10574599","14,000"
"148068","ZAM ZAM SALEHUDIN AHMADI","REGULER","BK","35.8.20260810.6","10212798","2,400"
"148068","ZAM ZAM SALEHUDIN AHMADI","REGULER","BL","35.8.20260810.6","10706237","1,000"
"148068","ZAM ZAM SALEHUDIN AHMADI","BOOSTER AGT 2026 - ACCS","BK","35.8.20260810.6","10212798",""
"148068","ZAM ZAM SALEHUDIN AHMADI","BOOSTER AGT 2026 - ACCS","BK","35.8.20260810.6","10433865",""
"148068","ZAM ZAM SALEHUDIN AHMADI","BOOSTER AGT 2026 - ACCS","BK","35.8.20260810.6","10487393",""
"148068","ZAM ZAM SALEHUDIN AHMADI","BOOSTER AGT 2026 - ACCS","BK","35.8.20260810.6","10644747",""
"148068","ZAM ZAM SALEHUDIN AHMADI","BOOSTER AGT 2026 - ACCS","BK","35.8.20260810.6","10700476",""
"148068","ZAM ZAM SALEHUDIN AHMADI","REGULER","BG","35.8.20260813.21","10508199","7,000"
"148068","ZAM ZAM SALEHUDIN AHMADI","REGULER","BM","35.10.20260814.11","10599301","2,000"
"148068","ZAM ZAM SALEHUDIN AHMADI","REGULER","BK","35.10.20260815.48","10697864","2,400"
"148068","ZAM ZAM SALEHUDIN AHMADI","REGULER","BN","35.10.20260815.6","10127526","2,000"
"148068","ZAM ZAM SALEHUDIN AHMADI","REGULER","BM","35.78.20260815.55","10410875","4,000"
"148068","ZAM ZAM SALEHUDIN AHMADI","REGULER","BC","U35.10.20260815.13","10684470","55,000"
"148068","ZAM ZAM SALEHUDIN AHMADI","REGULER","BA","U35.6.20260815.4","10632181","50,000"
"148068","ZAM ZAM SALEHUDIN AHMADI","KHUSUS","BA","U35.6.20260815.5","10648608","276,057"
"148068","ZAM ZAM SALEHUDIN AHMADI","SPECIAL","BB","U35.6.20260815.6","10206538","100,000"
"148068","ZAM ZAM SALEHUDIN AHMADI","SPECIAL","BG","U35.8.20260815.18","10577268","160,000"
"148068","ZAM ZAM SALEHUDIN AHMADI","REGULER","BC","U35.8.20260815.6","10701084","25,000"
"148068","ZAM ZAM SALEHUDIN AHMADI","SPECIAL","BJ","35.8.20260817.30","10221896","20,000"
"148068","ZAM ZAM SALEHUDIN AHMADI","SPECIAL","BJ","35.8.20260817.30","10572041","14,000"
"148068","ZAM ZAM SALEHUDIN AHMADI","SPECIAL","BL","35.8.20260817.30","10541152","20,000"
"148068","ZAM ZAM SALEHUDIN AHMADI","BOOSTER AGT 2026 - ACCS","BL","35.8.20260817.30","10541152","50,000"
"148068","ZAM ZAM SALEHUDIN AHMADI","REGULER","BD","U35.3.20260817.12","10562482","12,000"
"148068","ZAM ZAM SALEHUDIN AHMADI","REGULER","BB","U35.7.20260817.15","10615047","10,000"
"148068","ZAM ZAM SALEHUDIN AHMADI","REGULER","BM","35.10.20260825.17","10132199","2,000"
"148068","ZAM ZAM SALEHUDIN AHMADI","REGULER","BO","35.10.20260825.3","10523704","0"
"148068","ZAM ZAM SALEHUDIN AHMADI","BOOSTER AGT 2026 - ACCS","BK","35.13.20260825.32","10491800",""
"148068","ZAM ZAM SALEHUDIN AHMADI","BOOSTER AGT 2026 - ACCS","BK","35.13.20260825.32","",""
"148068","ZAM ZAM SALEHUDIN AHMADI","BOOSTER AGT 2026 - ACCS","BK","35.13.20260825.32","",""
"148068","ZAM ZAM SALEHUDIN AHMADI","BOOSTER AGT 2026 - ACCS","BK","35.13.20260825.32","",""
"148068","ZAM ZAM SALEHUDIN AHMADI","BOOSTER AGT 2026 - ACCS","BK","35.13.20260825.32","",""
"148068","ZAM ZAM SALEHUDIN AHMADI","SPECIAL","BJ","35.13.20260825.37","10559844","8,000"
"148068","ZAM ZAM SALEHUDIN AHMADI","SPECIAL","BJ","35.13.20260825.37","10560068","9,000"
"148068","ZAM ZAM SALEHUDIN AHMADI","REGULER","BA","U35.10.20260825.14","10560291","35,000"
"148068","ZAM ZAM SALEHUDIN AHMADI","SPECIAL","BL","U35.10.20260825.14","10501860","20,000"
"148068","ZAM ZAM SALEHUDIN AHMADI","BOOSTER AGT 2026 - ACCS","BL","U35.10.20260825.14","10501860","25,000"
"148068","ZAM ZAM SALEHUDIN AHMADI","SPECIAL","BD","U35.10.20260825.5","10564569","300,000"
"148068","ZAM ZAM SALEHUDIN AHMADI","REGULER","BP","U35.13.20260825.27","10679428","24,000"
"148068","ZAM ZAM SALEHUDIN AHMADI","REGULER","BF","U35.6.20260825.8","10604750","10,000"
"148068","ZAM ZAM SALEHUDIN AHMADI","REGULER","BF","U35.6.20260825.8","10624237","18,000"
"148068","ZAM ZAM SALEHUDIN AHMADI","REGULER","BK","U35.7.20260825.9","10643820","24,000"
"148068","ZAM ZAM SALEHUDIN AHMADI","BOOSTER AGT 2026 - ACCS","BK","U35.7.20260825.9","10643820","50,000"
"148068","ZAM ZAM SALEHUDIN AHMADI","REGULER","BB","35.6.20260826.19","10350221","9,000"
"148068","ZAM ZAM SALEHUDIN AHMADI","REGULER","BF","35.6.20260826.19","10536000","20,000"
"148068","ZAM ZAM SALEHUDIN AHMADI","REGULER","BF","35.6.20260826.19","10535998","8,000"
"148068","ZAM ZAM SALEHUDIN AHMADI","REGULER","DB","35.3.20260828.14","10622148","6,000"
"148068","ZAM ZAM SALEHUDIN AHMADI","REGULER","BM","35.6.20260828.9","10628699","7,000"
"148068","ZAM ZAM SALEHUDIN AHMADI","REGULER","BM","35.6.20260828.9","10499582","2,000"
"148068","ZAM ZAM SALEHUDIN AHMADI","REGULER","BM","35.6.20260828.9","10547010","4,000"
"148068","ZAM ZAM SALEHUDIN AHMADI","REGULER","BM","35.6.20260828.9","10693932","2,000"
"148068","ZAM ZAM SALEHUDIN AHMADI","BOOSTER AGT 2026 - ACCS","BM","35.6.20260828.9","10499582",""
"148068","ZAM ZAM SALEHUDIN AHMADI","BOOSTER AGT 2026 - ACCS","BM","35.6.20260828.9","10547010",""
"148068","ZAM ZAM SALEHUDIN AHMADI","BOOSTER AGT 2026 - ACCS","BM","35.6.20260828.9","10628699",""
"148068","ZAM ZAM SALEHUDIN AHMADI","BOOSTER AGT 2026 - ACCS","BM","35.6.20260828.9","10693932",""
"148068","ZAM ZAM SALEHUDIN AHMADI","REGULER","BA","U35.6.20260828.5","10601011","11,000"
"148068","ZAM ZAM SALEHUDIN AHMADI","REGULER","BM","U35.6.20260828.5","10599300","12,000"
"148068","ZAM ZAM SALEHUDIN AHMADI","REGULER","BM","U35.6.20260828.5","10613394","9,000"
"148068","ZAM ZAM SALEHUDIN AHMADI","BOOSTER AGT 2026 - ACCS","BM","U35.6.20260828.5","10599299",""
"148068","ZAM ZAM SALEHUDIN AHMADI","BOOSTER AGT 2026 - ACCS","BM","U35.6.20260828.5","10599300",""
"148068","ZAM ZAM SALEHUDIN AHMADI","BOOSTER AGT 2026 - ACCS","BM","U35.6.20260828.5","10613394",""
"148068","ZAM ZAM SALEHUDIN AHMADI","REGULER","BI","35.78.20260829.40","10679354","1,200"
"148068","ZAM ZAM SALEHUDIN AHMADI","SPECIAL","BE","U35.10.20260831.9","10617983","155,000"
"195855","BAGUS PRAKOSO","REGULER","BN","35.3.20260801.10","10661889","3,000"
"195855","BAGUS PRAKOSO","REGULER","BK","35.3.20260801.10","10631394","2,400"
"195855","BAGUS PRAKOSO","REGULER","BM","35.3.20260801.10","10628201","2,000"
"195855","BAGUS PRAKOSO","BOOSTER AGT 2026 - ACCS","BK","35.3.20260801.10","10547020","6,250"
"195855","BAGUS PRAKOSO","BOOSTER AGT 2026 - ACCS","BK","35.3.20260801.10","10547021","6,250"
"195855","BAGUS PRAKOSO","BOOSTER AGT 2026 - ACCS","BK","35.3.20260801.10","10631394",""
"195855","BAGUS PRAKOSO","BOOSTER AGT 2026 - ACCS","BK","35.3.20260801.10","10631395",""
"195855","BAGUS PRAKOSO","BOOSTER AGT 2026 - ACCS","BM","35.3.20260801.10","10442068",""
"195855","BAGUS PRAKOSO","BOOSTER AGT 2026 - ACCS","BM","35.3.20260801.10","10573828",""
"195855","BAGUS PRAKOSO","BOOSTER AGT 2026 - ACCS","BM","35.3.20260801.10","10628201",""
"195855","BAGUS PRAKOSO","BOOSTER AGT 2026 - ACCS","BM","35.3.20260801.10","10628207",""
"195855","BAGUS PRAKOSO","BOOSTER AGT 2026 - ACCS","BM","35.3.20260801.10","10628208",""
"195855","BAGUS PRAKOSO","BOOSTER AGT 2026 - ACCS","BM","35.3.20260801.10","10663907",""
"195855","BAGUS PRAKOSO","REGULER","BM","35.3.20260801.11","10657103","5,000"
"195855","BAGUS PRAKOSO","REGULER","BO","35.7.20260801.36","10666060","2,000"
"195855","BAGUS PRAKOSO","REGULER","BO","35.7.20260801.60","10604554","4,000"
"195855","BAGUS PRAKOSO","BOOSTER AGT 2026 - ACCS","BO","35.7.20260801.60","10604554",""
"195855","BAGUS PRAKOSO","BOOSTER AGT 2026 - ACCS","BO","35.7.20260801.60","10637798",""
"195855","BAGUS PRAKOSO","KHUSUS","BB","U35.7.20260801.6","10581413","22,697"
"195855","BAGUS PRAKOSO","SPECIAL","BF","U35.7.20260801.6","10449452","25,000"
"195855","BAGUS PRAKOSO","REGULER","BO","U35.8.20260801.21","10697003","10,000"
"195855","BAGUS PRAKOSO","SPECIAL","BB","U35.8.20260801.21","10679061","30,000"
"195855","BAGUS PRAKOSO","BOOSTER AGT 2026 - ACCS","BO","U35.8.20260801.21","10697003","30,000"
"195855","BAGUS PRAKOSO","REGULER","BN","35.3.20260802.36","10263752","1,000"
"195855","BAGUS PRAKOSO","REGULER","BN","35.3.20260802.36","10551823","3,000"
"195855","BAGUS PRAKOSO","REGULER","BD","U35.3.20260802.19","10612729","3,000"
"195855","BAGUS PRAKOSO","REGULER","BD","U35.3.20260802.5","10108183","20,000"
"195855","BAGUS PRAKOSO","REGULER","BB","U35.6.20260802.19","10583275","19,000"
"195855","BAGUS PRAKOSO","REGULER","BB","U35.3.20260803.2","10571023","16,000"
"195855","BAGUS PRAKOSO","SPECIAL","BB","U35.3.20260803.2","10679061","30,000"
"195855","BAGUS PRAKOSO","SPECIAL","BE","U35.3.20260808.3","10617983","160,000"
"195855","BAGUS PRAKOSO","SPECIAL","BE","U35.3.20260808.4","10416463","125,000"
"195855","BAGUS PRAKOSO","REGULER","BK","35.10.20260813.12","10600995","6,000"
"195855","BAGUS PRAKOSO","BOOSTER AGT 2026 - ACCS","BK","35.10.20260813.12","10488972",""
"195855","BAGUS PRAKOSO","BOOSTER AGT 2026 - ACCS","BK","35.10.20260813.12","10600995",""
"195855","BAGUS PRAKOSO","SPECIAL","BJ","35.4.20260813.2","10602643","10,000"
"195855","BAGUS PRAKOSO","REGULER","DB","35.7.20260813.6","10680471","16,500"
"195855","BAGUS PRAKOSO","BOOSTER AGT 2026 - ACCS","DB","35.7.20260813.6","10487083",""
"195855","BAGUS PRAKOSO","BOOSTER AGT 2026 - ACCS","DB","35.7.20260813.6","10680471",""
"195855","BAGUS PRAKOSO","REGULER","BD","U35.6.20260813.10","10685787","30,000"
"195855","BAGUS PRAKOSO","REGULER","BD","U35.7.20260815.15","10705602","55,000"
"195855","BAGUS PRAKOSO","REGULER","DB","35.0.20260816.2","10680471","-16,500"
"195855","BAGUS PRAKOSO","BOOSTER AGT 2026 - ACCS","DB","35.0.20260816.2","10680471","-30,000"
"195855","BAGUS PRAKOSO","REGULER","DB","35.7.20260816.33","10556168","18,000"
"195855","BAGUS PRAKOSO","BOOSTER AGT 2026 - ACCS","DB","35.7.20260816.33","10556168","30,000"
"195855","BAGUS PRAKOSO","REGULER","BN","35.7.20260817.19","10686585","2,000"
"195855","BAGUS PRAKOSO","REGULER","BK","35.8.20260817.1","10467780","8,400"
"195855","BAGUS PRAKOSO","BOOSTER AGT 2026 - ACCS","BK","35.8.20260817.1","10467780","25,000"
"195855","BAGUS PRAKOSO","REGULER","BG","U35.10.20260817.1","10559895","12,000"
"195855","BAGUS PRAKOSO","SPECIAL","BG","U35.10.20260817.1","10607761","10,000"
"195855","BAGUS PRAKOSO","REGULER","BB","U35.3.20260817.7","10717870","12,000"
"195855","BAGUS PRAKOSO","SPECIAL","BG","U35.4.20260817.18","10653979","50,000"
"195855","BAGUS PRAKOSO","REGULER","BP","U35.7.20260817.7","10672450","21,600"
"195855","BAGUS PRAKOSO","REGULER","BR","U35.10.20260818.1","10509568","7,500"
"195855","BAGUS PRAKOSO","REGULER","BQ","U35.13.20260818.3","10636489","30,000"
"195855","BAGUS PRAKOSO","SPECIAL","BG","U35.4.20260818.5","10577267","50,000"
"195855","BAGUS PRAKOSO","REGULER","BL","35.10.20260820.14","10556152","5,000"
"195855","BAGUS PRAKOSO","REGULER","BO","35.6.20260820.15","10666062","1,000"
"195855","BAGUS PRAKOSO","REGULER","BN","35.3.20260822.35","10540066","0"
"195855","BAGUS PRAKOSO","SPECIAL","BB","U35.10.20260822.10","10522189","100,000"
"195855","BAGUS PRAKOSO","REGULER","BD","U35.10.20260822.9","10705598","100,000"
"195855","BAGUS PRAKOSO","REGULER","BQ","U35.3.20260822.2","10636494","11,000"
"195855","BAGUS PRAKOSO","REGULER","BL","35.7.20260823.20","10490472","2,000"
"195855","BAGUS PRAKOSO","REGULER","BD","U35.10.20260823.10","10704749","0"
"195855","BAGUS PRAKOSO","INSENTIF MANUAL PROJECT","BD","U35.10.20260823.10","10704749","1,155,000"
"195855","BAGUS PRAKOSO","REGULER","BD","U35.10.20260823.11","10704749","250,000"
"195855","BAGUS PRAKOSO","REGULER","BD","U35.10.20260823.11","10578755","30,000"
"195855","BAGUS PRAKOSO","SPECIAL","BF","U35.4.20260823.8","10490258","25,000"
"195855","BAGUS PRAKOSO","REGULER","BK","35.10.20260824.5","10604495","3,600"
"195855","BAGUS PRAKOSO","REGULER","BK","35.10.20260824.5","10684067","3,600"
"195855","BAGUS PRAKOSO","REGULER","BK","35.10.20260824.5","10684064","3,600"
"195855","BAGUS PRAKOSO","BOOSTER AGT 2026 - ACCS","BK","35.10.20260824.5","10604495",""
"195855","BAGUS PRAKOSO","BOOSTER AGT 2026 - ACCS","BK","35.10.20260824.5","10684064",""
"195855","BAGUS PRAKOSO","BOOSTER AGT 2026 - ACCS","BK","35.10.20260824.5","10684067",""
"195855","BAGUS PRAKOSO","REGULER","BN","35.3.20260824.10","10704386","3,000"
"195855","BAGUS PRAKOSO","SPECIAL","BN","35.3.20260824.10","10608392","10,000"
"195855","BAGUS PRAKOSO","REGULER","BD","35.6.20260825.3","10564725","8,000"
"195855","BAGUS PRAKOSO","REGULER","BM","35.8.20260825.51","10657103","2,000"
"195855","BAGUS PRAKOSO","REGULER","BK","35.6.20260828.9","10467899","2,400"
"195855","BAGUS PRAKOSO","REGULER","BK","35.6.20260828.9","10663746","3,600"
"195855","BAGUS PRAKOSO","REGULER","BK","35.6.20260828.9","10467898","3,600"
"195855","BAGUS PRAKOSO","REGULER","BK","35.6.20260828.9","10467896","3,600"
"195855","BAGUS PRAKOSO","REGULER","BK","35.6.20260828.9","10663747","3,600"
"195855","BAGUS PRAKOSO","REGULER","BK","35.6.20260828.9","10667451","2,400"
"195855","BAGUS PRAKOSO","REGULER","BK","35.6.20260828.9","10554239","10,800"
"195855","BAGUS PRAKOSO","REGULER","BK","35.6.20260828.9","10701102","3,600"
"195855","BAGUS PRAKOSO","REGULER","BK","35.6.20260828.9","10667452","2,400"
"195855","BAGUS PRAKOSO","REGULER","BL","35.6.20260828.9","10698780","30,000"
"195855","BAGUS PRAKOSO","REGULER","BK","35.6.20260828.9","10522284","3,600"
"195855","BAGUS PRAKOSO","REGULER","BK","35.6.20260828.9","10664355","3,600"
"195855","BAGUS PRAKOSO","REGULER","BK","35.6.20260828.9","10667454","2,400"
"195855","BAGUS PRAKOSO","SPECIAL","BL","35.6.20260828.9","10694051","140,000"
"195855","BAGUS PRAKOSO","BOOSTER AGT 2026 - ACCS","BK","35.6.20260828.9","10467896",""
"195855","BAGUS PRAKOSO","BOOSTER AGT 2026 - ACCS","BK","35.6.20260828.9","10467897",""
"195855","BAGUS PRAKOSO","BOOSTER AGT 2026 - ACCS","BK","35.6.20260828.9","10467898",""
"195855","BAGUS PRAKOSO","BOOSTER AGT 2026 - ACCS","BK","35.6.20260828.9","10467899",""
"195855","BAGUS PRAKOSO","BOOSTER AGT 2026 - ACCS","BK","35.6.20260828.9","10522284",""
"195855","BAGUS PRAKOSO","BOOSTER AGT 2026 - ACCS","BK","35.6.20260828.9","10554239","32,655"
"195855","BAGUS PRAKOSO","BOOSTER AGT 2026 - ACCS","BK","35.6.20260828.9","10554245",""
"195855","BAGUS PRAKOSO","BOOSTER AGT 2026 - ACCS","BK","35.6.20260828.9","10554246",""
"195855","BAGUS PRAKOSO","BOOSTER AGT 2026 - ACCS","BK","35.6.20260828.9","10663746",""
"195855","BAGUS PRAKOSO","BOOSTER AGT 2026 - ACCS","BK","35.6.20260828.9","10663747",""
"195855","BAGUS PRAKOSO","BOOSTER AGT 2026 - ACCS","BK","35.6.20260828.9","10664355",""
"195855","BAGUS PRAKOSO","BOOSTER AGT 2026 - ACCS","BK","35.6.20260828.9","10665054",""
"195855","BAGUS PRAKOSO","BOOSTER AGT 2026 - ACCS","BK","35.6.20260828.9","10665055",""
"195855","BAGUS PRAKOSO","BOOSTER AGT 2026 - ACCS","BK","35.6.20260828.9","10665614",""
"195855","BAGUS PRAKOSO","BOOSTER AGT 2026 - ACCS","BK","35.6.20260828.9","10665615",""
"195855","BAGUS PRAKOSO","BOOSTER AGT 2026 - ACCS","BK","35.6.20260828.9","10667451",""
"195855","BAGUS PRAKOSO","BOOSTER AGT 2026 - ACCS","BK","35.6.20260828.9","10667452",""
"195855","BAGUS PRAKOSO","BOOSTER AGT 2026 - ACCS","BK","35.6.20260828.9","10667454",""
"195855","BAGUS PRAKOSO","BOOSTER AGT 2026 - ACCS","BK","35.6.20260828.9","10670588",""
"195855","BAGUS PRAKOSO","BOOSTER AGT 2026 - ACCS","BK","35.6.20260828.9","10670589",""
"195855","BAGUS PRAKOSO","BOOSTER AGT 2026 - ACCS","BK","35.6.20260828.9","10674949",""
"195855","BAGUS PRAKOSO","BOOSTER AGT 2026 - ACCS","BK","35.6.20260828.9","10675050",""
"195855","BAGUS PRAKOSO","BOOSTER AGT 2026 - ACCS","BK","35.6.20260828.9","10701076",""
"195855","BAGUS PRAKOSO","BOOSTER AGT 2026 - ACCS","BK","35.6.20260828.9","10701078",""
"195855","BAGUS PRAKOSO","BOOSTER AGT 2026 - ACCS","BK","35.6.20260828.9","10701079",""
"195855","BAGUS PRAKOSO","BOOSTER AGT 2026 - ACCS","BK","35.6.20260828.9","10701102",""
"195855","BAGUS PRAKOSO","BOOSTER AGT 2026 - ACCS","BL","35.6.20260828.9","10694051",""
"195855","BAGUS PRAKOSO","BOOSTER AGT 2026 - ACCS","BL","35.6.20260828.9","10698780",""
"195855","BAGUS PRAKOSO","REGULER","BN","35.78.20260828.50","10515626","2,000"
"195855","BAGUS PRAKOSO","SPECIAL","BJ","35.78.20260828.52","10456059","6,000"
"195855","BAGUS PRAKOSO","REGULER","BO","35.78.20260829.10","10565506","1,000"
"195855","BAGUS PRAKOSO","REGULER","BN","35.78.20260829.2","10117161","2,000"
"195855","BAGUS PRAKOSO","REGULER","BN","35.78.20260829.20","10551823","3,000"
"195855","BAGUS PRAKOSO","REGULER","BO","35.78.20260829.24","10552477","1,000"
"195855","BAGUS PRAKOSO","REGULER","BM","35.78.20260829.25","10604375","8,000"
"195855","BAGUS PRAKOSO","BOOSTER AGT 2026 - ACCS","BM","35.78.20260829.25","10604375","25,000"
"195855","BAGUS PRAKOSO","REGULER","BI","35.78.20260829.29","10376564","0"
"195855","BAGUS PRAKOSO","REGULER","BI","35.78.20260829.29","10376563","0"
"195855","BAGUS PRAKOSO","REGULER","BI","35.78.20260829.29","10376557","0"
"195855","BAGUS PRAKOSO","REGULER","BI","35.78.20260829.29","10376561","0"
"195855","BAGUS PRAKOSO","REGULER","BO","35.78.20260829.30","10606854","8,000"
"195855","BAGUS PRAKOSO","SPECIAL","BN","35.78.20260829.7","10103386","1,000"
"195855","BAGUS PRAKOSO","KHUSUS","BA","U35.10.20260830.12","10654749","243,225"
"195855","BAGUS PRAKOSO","REGULER","BD","U35.10.20260830.13","10684267","35,000"
"195855","BAGUS PRAKOSO","SPECIAL","BD","U35.3.20260831.12","10445932","0"
"195855","BAGUS PRAKOSO","BOOSTER AGT 2026 - FURNI","BD","U35.3.20260831.12","10445932","100,000"
"193310","RIFKI JULIAN","REGULER","BK","35.10.20260801.5","10597286","10,800"
"193310","RIFKI JULIAN","REGULER","BK","35.10.20260801.5","10209141","7,200"
"193310","RIFKI JULIAN","SPECIAL","BL","35.10.20260801.5","10474292","20,000"
"193310","RIFKI JULIAN","BOOSTER AGT 2026 - ACCS","BK","35.10.20260801.5","10209141",""
"193310","RIFKI JULIAN","BOOSTER AGT 2026 - ACCS","BK","35.10.20260801.5","10597286",""
"193310","RIFKI JULIAN","BOOSTER AGT 2026 - ACCS","BL","35.10.20260801.5","10474292",""
"193310","RIFKI JULIAN","BOOSTER AGT 2026 - ACCS","BL","35.10.20260801.5","10566659",""
"193310","RIFKI JULIAN","BOOSTER AGT 2026 - ACCS","BL","35.10.20260801.5","10695149",""
"193310","RIFKI JULIAN","REGULER","BL","35.3.20260801.4","10706237","2,000"
"193310","RIFKI JULIAN","REGULER","BD","35.3.20260801.4","10564728","8,000"
"193310","RIFKI JULIAN","SPECIAL","BN","35.3.20260801.4","10667684","6,000"
"193310","RIFKI JULIAN","REGULER","BM","35.7.20260801.31","10423377","1,000"
"193310","RIFKI JULIAN","REGULER","BK","U35.7.20260801.13","10472376","9,600"
"193310","RIFKI JULIAN","BOOSTER AGT 2026 - ACCS","BK","U35.7.20260801.13","10472376","25,000"
"193310","RIFKI JULIAN","BOOSTER AGT 2026 - ACCS","BM","U35.7.20260801.13","10602901","25,000"
"193310","RIFKI JULIAN","SPECIAL","BL","35.3.20260803.14","10642173","100,000"
"193310","RIFKI JULIAN","BOOSTER AGT 2026 - ACCS","BL","35.3.20260803.14","10642173","125,000"
"193310","RIFKI JULIAN","REGULER","BN","35.7.20260803.11","10641557","3,000"
"193310","RIFKI JULIAN","REGULER","BM","35.7.20260803.8","10628699","2,000"
"193310","RIFKI JULIAN","SPECIAL","BN","35.7.20260803.8","10609942","10,000"
"193310","RIFKI JULIAN","SPECIAL","BL","35.7.20260803.8","10571379","70,000"
"193310","RIFKI JULIAN","BOOSTER AGT 2026 - ACCS","BL","35.7.20260803.8","10571379","100,000"
"193310","RIFKI JULIAN","BOOSTER AGT 2026 - ACCS","BM","35.7.20260803.8","10206812",""
"193310","RIFKI JULIAN","BOOSTER AGT 2026 - ACCS","BM","35.7.20260803.8","10216729",""
"193310","RIFKI JULIAN","BOOSTER AGT 2026 - ACCS","BM","35.7.20260803.8","10555902",""
"193310","RIFKI JULIAN","BOOSTER AGT 2026 - ACCS","BM","35.7.20260803.8","10628699",""
"193310","RIFKI JULIAN","REGULER","BM","35.10.20260805.23","10021016","2,000"
"193310","RIFKI JULIAN","REGULER","BM","35.10.20260805.23","10593570","2,000"
"193310","RIFKI JULIAN","REGULER","BL","35.6.20260807.21","10151606","5,000"
"193310","RIFKI JULIAN","REGULER","BM","35.7.20260807.2","10566549","2,000"
"193310","RIFKI JULIAN","REGULER","BQ","U35.13.20260807.7","10468600","25,000"
"193310","RIFKI JULIAN","REGULER","BO","35.10.20260808.30","10599264","1,000"
"193310","RIFKI JULIAN","REGULER","BK","35.8.20260808.56","10616483","4,800"
"193310","RIFKI JULIAN","REGULER","BD","35.8.20260808.65","","8,000"
"193310","RIFKI JULIAN","REGULER","BB","U35.10.20260808.10","10421634","15,000"
"193310","RIFKI JULIAN","KHUSUS","BA","U35.10.20260808.9","10636213","198,189"
"193310","RIFKI JULIAN","REGULER","BO","35.3.20260809.39","10599266","1,000"
"193310","RIFKI JULIAN","REGULER","BN","35.7.20260809.17","10364609","1,000"
"193310","RIFKI JULIAN","REGULER","BQ","U35.3.20260809.10","10642396","9,000"
"193310","RIFKI JULIAN","REGULER","BR","U35.3.20260809.10","10132778","45,000"
"193310","RIFKI JULIAN","REGULER","BO","U35.3.20260809.10","10629694","3,000"
"193310","RIFKI JULIAN","REGULER","BO","U35.3.20260809.10","10689590","25,000"
"193310","RIFKI JULIAN","BOOSTER AGT 2026 - ACCS","BO","U35.3.20260809.10","10629694",""
"193310","RIFKI JULIAN","BOOSTER AGT 2026 - ACCS","BO","U35.3.20260809.10","10689590",""
"193310","RIFKI JULIAN","REGULER","BD","U35.6.20260809.19","10578760","25,000"
"193310","RIFKI JULIAN","KHUSUS","BA","U35.6.20260809.19","10701444","25,216"
"193310","RIFKI JULIAN","REGULER","BM","35.10.20260810.5","10149476","2,000"
"193310","RIFKI JULIAN","SPECIAL","BL","35.10.20260810.5","10632132","70,000"
"193310","RIFKI JULIAN","BOOSTER AGT 2026 - ACCS","BL","35.10.20260810.5","10632132","75,000"
"193310","RIFKI JULIAN","REGULER","BQ","U35.7.20260813.1","10410105","11,000"
"193310","RIFKI JULIAN","REGULER","BE","U35.7.20260813.1","10425982","25,000"
"193310","RIFKI JULIAN","REGULER","BB","U35.7.20260813.1","10627726","50,000"
"193310","RIFKI JULIAN","REGULER","BK","35.78.20260814.41","10467899","6,000"
"193310","RIFKI JULIAN","KHUSUS","BA","U35.8.20260815.2","10580935","999,324"
"193310","RIFKI JULIAN","BOOSTER AGT 2026 - FURNI","BA","U35.8.20260815.2","10580935","500,000"
"193310","RIFKI JULIAN","REGULER","BM","U35.8.20260815.3","10161713","3,000"
"193310","RIFKI JULIAN","SPECIAL","BL","U35.8.20260815.3","10571378","70,000"
"193310","RIFKI JULIAN","BOOSTER AGT 2026 - ACCS","BL","U35.8.20260815.3","10571378","100,000"
"193310","RIFKI JULIAN","REGULER","BQ","U35.4.20260818.3","10636495","25,000"
"193310","RIFKI JULIAN","REGULER","BO","35.7.20260820.1","10632607","2,000"
"193310","RIFKI JULIAN","REGULER","BN","35.3.20260822.44","10430858","2,000"
"193310","RIFKI JULIAN","REGULER","BD","35.3.20260822.46","10564725","5,000"
"193310","RIFKI JULIAN","REGULER","BK","35.3.20260822.48","10392722","1,200"
"193310","RIFKI JULIAN","REGULER","BJ","35.8.20260823.33","10603630","7,000"
"193310","RIFKI JULIAN","SPECIAL","BJ","35.8.20260823.33","10708016","25,000"
"193310","RIFKI JULIAN","SPECIAL","BG","U35.4.20260823.29","10558399","100,000"
"193310","RIFKI JULIAN","REGULER","BQ","U35.8.20260825.28","10499718","45,000"
"193310","RIFKI JULIAN","SPECIAL","BJ","35.13.20260827.21","10444666","15,000"
"193310","RIFKI JULIAN","SPECIAL","BJ","35.13.20260827.21","","3,000"
"193310","RIFKI JULIAN","SPECIAL","BJ","35.13.20260827.21","","3,000"
"193310","RIFKI JULIAN","REGULER","BE","35.6.20260827.12","10413540","8,000"
"193310","RIFKI JULIAN","REGULER","BD","U35.10.20260827.6","10700750","13,000"
"193310","RIFKI JULIAN","REGULER","BD","U35.10.20260827.6","10693317","8,000"
"193310","RIFKI JULIAN","REGULER","BD","U35.10.20260827.6","10693318","8,000"
"193310","RIFKI JULIAN","REGULER","BD","U35.10.20260827.6","10602302","19,000"
"193310","RIFKI JULIAN","REGULER","BD","U35.10.20260827.6","10562027","12,000"
"193310","RIFKI JULIAN","REGULER","BQ","U35.6.20260827.10","10684068","60,000"
"193310","RIFKI JULIAN","REGULER","BR","U35.6.20260827.2","10686592","18,000"
"193310","RIFKI JULIAN","REGULER","BD","U35.7.20260827.5","10410168","2,000"
"193310","RIFKI JULIAN","REGULER","BL","U35.7.20260827.5","10554219","7,000"
"193310","RIFKI JULIAN","REGULER","BD","U35.7.20260827.5","10410169","2,000"
"193310","RIFKI JULIAN","REGULER","BD","U35.7.20260827.5","10410167","2,000"
"193310","RIFKI JULIAN","REGULER","BE","U35.7.20260827.5","10646957","40,000"
"193310","RIFKI JULIAN","REGULER","BO","U35.7.20260827.5","10604536","12,000"
"193310","RIFKI JULIAN","REGULER","BD","U35.7.20260827.5","10693318","8,000"
"193310","RIFKI JULIAN","REGULER","BI","U35.7.20260827.5","10595439","10,800"
"193310","RIFKI JULIAN","REGULER","BD","U35.7.20260827.5","10410166","2,000"
"193310","RIFKI JULIAN","BOOSTER AGT 2026 - ACCS","BL","U35.7.20260827.5","10554219","25,000"
"193310","RIFKI JULIAN","BOOSTER AGT 2026 - ACCS","BO","U35.7.20260827.5","10604536","30,000"
"193310","RIFKI JULIAN","REGULER","BB","U35.7.20260827.7","10680206","18,000"
"193310","RIFKI JULIAN","REGULER","BB","35.6.20260830.58","10573848","10,000"
"193310","RIFKI JULIAN","SPECIAL","BL","35.6.20260830.58","10690161","70,000"
"193310","RIFKI JULIAN","BOOSTER AGT 2026 - ACCS","BL","35.6.20260830.58","10690161","100,000"
"193310","RIFKI JULIAN","REGULER","BD","U35.3.20260830.13","10708330","50,000"
"193310","RIFKI JULIAN","REGULER","BF","U35.4.20260831.9","10689227","25,000"
"192340","SALSA BILAHNURYUDA","REGULER","BN","35.10.20260801.23","10054133","2,000"
"192340","SALSA BILAHNURYUDA","REGULER","BL","35.6.20260801.33","10677726","4,000"
"192340","SALSA BILAHNURYUDA","REGULER","BM","35.8.20260801.38","10659343","1,000"
"192340","SALSA BILAHNURYUDA","REGULER","BM","35.8.20260801.5","10132201","2,000"
"192340","SALSA BILAHNURYUDA","REGULER","BK","35.8.20260801.5","10392721","1,200"
"192340","SALSA BILAHNURYUDA","KHUSUS","BA","U35.8.20260801.15","10655208","299,886"
"192340","SALSA BILAHNURYUDA","SPECIAL","BB","U35.8.20260801.16","10680529","100,000"
"192340","SALSA BILAHNURYUDA","SPECIAL","BL","35.10.20260802.27","10501639","50,000"
"192340","SALSA BILAHNURYUDA","SPECIAL","BL","35.10.20260802.27","10377029","50,000"
"192340","SALSA BILAHNURYUDA","BOOSTER AGT 2026 - ACCS","BL","35.10.20260802.27","10377029",""
"192340","SALSA BILAHNURYUDA","BOOSTER AGT 2026 - ACCS","BL","35.10.20260802.27","10501639",""
"192340","SALSA BILAHNURYUDA","REGULER","BB","35.10.20260803.6","10593354","6,000"
"192340","SALSA BILAHNURYUDA","REGULER","BL","35.3.20260803.1","10609793","3,000"
"192340","SALSA BILAHNURYUDA","REGULER","BN","35.3.20260803.1","10663037","3,000"
"192340","SALSA BILAHNURYUDA","REGULER","BL","35.3.20260803.1","10550398","3,000"
"192340","SALSA BILAHNURYUDA","REGULER","BE","35.3.20260803.1","10605269","11,000"
"192340","SALSA BILAHNURYUDA","REGULER","BN","35.3.20260803.1","10558505","2,000"
"192340","SALSA BILAHNURYUDA","BOOSTER AGT 2026 - ACCS","BL","35.3.20260803.1","10550398",""
"192340","SALSA BILAHNURYUDA","BOOSTER AGT 2026 - ACCS","BL","35.3.20260803.1","10556070",""
"192340","SALSA BILAHNURYUDA","BOOSTER AGT 2026 - ACCS","BL","35.3.20260803.1","10609793",""
"192340","SALSA BILAHNURYUDA","REGULER","BK","35.8.20260803.7","10663748","4,800"
"192340","SALSA BILAHNURYUDA","REGULER","BL","35.8.20260803.7","10588631","4,000"
"192340","SALSA BILAHNURYUDA","REGULER","BL","35.6.20260806.16","10588631","4,000"
"192340","SALSA BILAHNURYUDA","REGULER","BK","35.6.20260806.7","10667453","2,400"
"192340","SALSA BILAHNURYUDA","REGULER","BK","35.78.20260806.28","10453979","0"
"192340","SALSA BILAHNURYUDA","REGULER","BN","35.3.20260808.18","10513431","6,000"
"192340","SALSA BILAHNURYUDA","REGULER","BL","35.8.20260808.25","10706237","1,000"
"192340","SALSA BILAHNURYUDA","REGULER","BN","35.8.20260808.26","10634964","2,000"
"192340","SALSA BILAHNURYUDA","REGULER","BK","35.8.20260808.26","10245248","4,800"
"192340","SALSA BILAHNURYUDA","REGULER","BK","U35.10.20260808.11","10698139","16,800"
"192340","SALSA BILAHNURYUDA","REGULER","BK","U35.10.20260808.11","10698740","24,000"
"192340","SALSA BILAHNURYUDA","REGULER","BD","U35.10.20260808.11","10093443","110,000"
"192340","SALSA BILAHNURYUDA","BOOSTER AGT 2026 - ACCS","BK","U35.10.20260808.11","10698139","49,995"
"192340","SALSA BILAHNURYUDA","BOOSTER AGT 2026 - ACCS","BK","U35.10.20260808.11","10698740","75,005"
"192340","SALSA BILAHNURYUDA","REGULER","BB","U35.8.20260808.12","10574600","18,000"
"192340","SALSA BILAHNURYUDA","REGULER","BA","U35.8.20260808.24","10511955","0"
"192340","SALSA BILAHNURYUDA","KHUSUS","BA","U35.8.20260808.24","10553775","38,281"
"192340","SALSA BILAHNURYUDA","SPECIAL","BJ","35.13.20260809.9","10470621","5,000"
"192340","SALSA BILAHNURYUDA","BOOSTER AGT 2026 - ACCS","BL","35.6.20260809.2","10556068",""
"192340","SALSA BILAHNURYUDA","BOOSTER AGT 2026 - ACCS","BL","35.6.20260809.2","10676234",""
"192340","SALSA BILAHNURYUDA","BOOSTER AGT 2026 - ACCS","BL","35.6.20260809.2","10710492",""
"192340","SALSA BILAHNURYUDA","REGULER","BD","35.7.20260809.2","10612730","1,000"
"192340","SALSA BILAHNURYUDA","REGULER","BM","35.78.20260809.56","10659342","1,000"
"192340","SALSA BILAHNURYUDA","REGULER","BR","U35.10.20260810.9","","52,500"
"192340","SALSA BILAHNURYUDA","REGULER","BD","35.6.20260811.2","","5,000"
"192340","SALSA BILAHNURYUDA","REGULER","BD","35.6.20260811.2","10589423","2,000"
"192340","SALSA BILAHNURYUDA","REGULER","BQ","U35.13.20260812.5","10468600","12,000"
"192340","SALSA BILAHNURYUDA","SPECIAL","BL","U35.13.20260812.5","10501869","50,000"
"192340","SALSA BILAHNURYUDA","BOOSTER AGT 2026 - ACCS","BL","U35.13.20260812.5","10501869","75,000"
"192340","SALSA BILAHNURYUDA","SPECIAL","BJ","U35.13.20260813.6","10560351","2,000"
"192340","SALSA BILAHNURYUDA","SPECIAL","BJ","U35.13.20260813.6","10470621","10,000"
"192340","SALSA BILAHNURYUDA","SPECIAL","BJ","U35.13.20260813.6","","8,000"
"192340","SALSA BILAHNURYUDA","SPECIAL","BJ","U35.13.20260813.6","10572377","5,000"
"192340","SALSA BILAHNURYUDA","KHUSUS","BA","U35.6.20260813.4","10558713","437,809"
"192340","SALSA BILAHNURYUDA","REGULER","BD","U35.8.20260813.8","10633166","50,000"
"192340","SALSA BILAHNURYUDA","REGULER","BL","35.10.20260815.18","10457745","4,000"
"192340","SALSA BILAHNURYUDA","REGULER","BL","35.10.20260815.45","10151601","2,000"
"192340","SALSA BILAHNURYUDA","REGULER","BL","35.10.20260815.45","10676650","14,000"
"192340","SALSA BILAHNURYUDA","REGULER","BL","35.10.20260815.45","10677732","5,000"
"192340","SALSA BILAHNURYUDA","BOOSTER AGT 2026 - ACCS","BL","35.10.20260815.45","10151601",""
"192340","SALSA BILAHNURYUDA","BOOSTER AGT 2026 - ACCS","BL","35.10.20260815.45","10676650",""
"192340","SALSA BILAHNURYUDA","BOOSTER AGT 2026 - ACCS","BL","35.10.20260815.45","10677732",""
"192340","SALSA BILAHNURYUDA","REGULER","BL","35.6.20260815.40","10081545","1,000"
"192340","SALSA BILAHNURYUDA","REGULER","BM","35.8.20260815.7","10657104","2,000"
"192340","SALSA BILAHNURYUDA","REGULER","BK","35.8.20260815.7","10507013","4,800"
"192340","SALSA BILAHNURYUDA","REGULER","BM","35.8.20260815.7","10102966","3,000"
"192340","SALSA BILAHNURYUDA","REGULER","BK","35.8.20260815.7","10670663","36,000"
"192340","SALSA BILAHNURYUDA","REGULER","BM","35.8.20260815.7","10712144","5,000"
"192340","SALSA BILAHNURYUDA","REGULER","BK","35.8.20260815.7","10680927","13,200"
"192340","SALSA BILAHNURYUDA","SPECIAL","BL","35.8.20260815.7","10571378","70,000"
"192340","SALSA BILAHNURYUDA","BOOSTER AGT 2026 - ACCS","BK","35.8.20260815.7","10507013",""
"192340","SALSA BILAHNURYUDA","BOOSTER AGT 2026 - ACCS","BK","35.8.20260815.7","10670663",""
"192340","SALSA BILAHNURYUDA","BOOSTER AGT 2026 - ACCS","BK","35.8.20260815.7","10680927",""
"192340","SALSA BILAHNURYUDA","BOOSTER AGT 2026 - ACCS","BL","35.8.20260815.7","10571378","100,000"
"192340","SALSA BILAHNURYUDA","BOOSTER AGT 2026 - ACCS","BM","35.8.20260815.7","10102966",""
"192340","SALSA BILAHNURYUDA","BOOSTER AGT 2026 - ACCS","BM","35.8.20260815.7","10657104",""
"192340","SALSA BILAHNURYUDA","BOOSTER AGT 2026 - ACCS","BM","35.8.20260815.7","10712144",""
"192340","SALSA BILAHNURYUDA","SPECIAL","BL","35.8.20260815.8","10571377","70,000"
"192340","SALSA BILAHNURYUDA","BOOSTER AGT 2026 - ACCS","BL","35.8.20260815.8","10571377","100,000"
"192340","SALSA BILAHNURYUDA","REGULER","BO","35.10.20260817.5","10569258","1,000"
"192340","SALSA BILAHNURYUDA","REGULER","BM","35.6.20260817.28","10657103","2,000"
"192340","SALSA BILAHNURYUDA","REGULER","BL","35.8.20260817.24","10457012","4,000"
"192340","SALSA BILAHNURYUDA","REGULER","BL","35.8.20260817.28","10657012","3,000"
"192340","SALSA BILAHNURYUDA","REGULER","BL","35.8.20260817.41","10657012","3,000"
"192340","SALSA BILAHNURYUDA","REGULER","BD","U35.8.20260818.2","10410673","35,000"
"192340","SALSA BILAHNURYUDA","REGULER","BC","U35.8.20260818.2","","30,000"
"192340","SALSA BILAHNURYUDA","REGULER","BC","U35.8.20260818.2","10698310","55,000"
"192340","SALSA BILAHNURYUDA","KHUSUS","BB","U35.8.20260818.3","10667037","64,315"
"192340","SALSA BILAHNURYUDA","REGULER","BL","35.8.20260819.2","10515705","1,000"
"192340","SALSA BILAHNURYUDA","REGULER","BB","U35.7.20260819.2","10149049","25,000"
"192340","SALSA BILAHNURYUDA","REGULER","BI","U35.7.20260819.2","10505702","30,000"
"192340","SALSA BILAHNURYUDA","KHUSUS","BB","U35.7.20260819.2","10667038","64,315"
"192340","SALSA BILAHNURYUDA","REGULER","BL","35.6.20260822.29","10698321","2,000"
"192340","SALSA BILAHNURYUDA","REGULER","BI","35.6.20260822.29","","1,200"
"192340","SALSA BILAHNURYUDA","REGULER","BJ","35.4.20260823.22","10701401","5,000"
"192340","SALSA BILAHNURYUDA","REGULER","BP","U35.4.20260823.14","10542610","14,400"
"192340","SALSA BILAHNURYUDA","REGULER","BR","U35.4.20260823.14","10274780","16,500"
"192340","SALSA BILAHNURYUDA","REGULER","BR","U35.4.20260823.14","10667021","15,000"
"192340","SALSA BILAHNURYUDA","REGULER","BR","U35.4.20260823.15","10607954","21,000"
"192340","SALSA BILAHNURYUDA","REGULER","BL","35.8.20260825.16","10151606","3,000"
"192340","SALSA BILAHNURYUDA","REGULER","BD","35.0.20260826.6","10410673","-35,000"
"192340","SALSA BILAHNURYUDA","REGULER","BC","35.0.20260826.6","10698310","-55,000"
"192340","SALSA BILAHNURYUDA","REGULER","BC","35.0.20260826.6","","-30,000"
"192340","SALSA BILAHNURYUDA","REGULER","BC","35.3.20260826.7","10698310","55,000"
"192340","SALSA BILAHNURYUDA","REGULER","BC","35.3.20260826.7","","30,000"
"192340","SALSA BILAHNURYUDA","REGULER","BD","35.3.20260826.7","10410673","35,000"
"192340","SALSA BILAHNURYUDA","REGULER","BC","U35.3.20260826.3","10659773","160,000"
"192340","SALSA BILAHNURYUDA","KHUSUS","BC","U35.3.20260826.3","10659773","300,000"
"192340","SALSA BILAHNURYUDA","SPECIAL","BL","U35.3.20260826.3","10541159","50,000"
"192340","SALSA BILAHNURYUDA","SPECIAL","BL","U35.3.20260826.3","10690160","70,000"
"192340","SALSA BILAHNURYUDA","BOOSTER AGT 2026 - ACCS","BL","U35.3.20260826.3","10541159",""
"192340","SALSA BILAHNURYUDA","BOOSTER AGT 2026 - ACCS","BL","U35.3.20260826.3","10690160",""
"192340","SALSA BILAHNURYUDA","SPECIAL","BL","U35.6.20260829.7","10474302","20,000"
"192340","SALSA BILAHNURYUDA","BOOSTER AGT 2026 - ACCS","BL","U35.6.20260829.7","10474302","25,000"
"192340","SALSA BILAHNURYUDA","REGULER","BF","U35.8.20260829.15","10495546","65,000"
"192340","SALSA BILAHNURYUDA","REGULER","BL","35.8.20260830.8","10701498","8,000"
"192340","SALSA BILAHNURYUDA","REGULER","BL","35.8.20260830.8","10676652","11,000"
"192340","SALSA BILAHNURYUDA","BOOSTER AGT 2026 - ACCS","BL","35.8.20260830.8","10676652",""
"192340","SALSA BILAHNURYUDA","BOOSTER AGT 2026 - ACCS","BL","35.8.20260830.8","10701498",""
"176556","HERRY YUSWAN","KHUSUS - JULI 2026","BA","U35.6.20260705.15","10553775","45,036"
"176556","HERRY YUSWAN","KHUSUS - JULI 2026","BA","U35.8.20260708.9","10616510","540,523"
"176556","HERRY YUSWAN","BOOSTER AGT 2026 - ACCS","BK","35.8.20260801.26","",""
"176556","HERRY YUSWAN","BOOSTER AGT 2026 - ACCS","BK","35.8.20260801.26","",""
"176556","HERRY YUSWAN","BOOSTER AGT 2026 - ACCS","BK","35.8.20260801.26","",""
"176556","HERRY YUSWAN","BOOSTER AGT 2026 - ACCS","BK","35.8.20260801.26","",""
"176556","HERRY YUSWAN","REGULER","BM","35.3.20260802.60","10657104","2,000"
"176556","HERRY YUSWAN","REGULER","BK","35.4.20260802.19","10192119","2,400"
"176556","HERRY YUSWAN","BOOSTER AGT 2026 - ACCS","BK","35.4.20260802.19","10192119",""
"176556","HERRY YUSWAN","BOOSTER AGT 2026 - ACCS","BK","35.4.20260802.19","",""
"176556","HERRY YUSWAN","BOOSTER AGT 2026 - ACCS","BK","35.4.20260802.19","",""
"176556","HERRY YUSWAN","BOOSTER AGT 2026 - ACCS","BK","35.4.20260802.19","",""
"176556","HERRY YUSWAN","REGULER","BC","U35.6.20260802.10","10701084","50,000"
"176556","HERRY YUSWAN","REGULER","BD","U35.7.20260802.12","","9,000"
"176556","HERRY YUSWAN","REGULER","BC","U35.7.20260802.12","10701084","25,000"
"176556","HERRY YUSWAN","REGULER","BM","35.10.20260804.14","10657103","8,000"
"176556","HERRY YUSWAN","BOOSTER AGT 2026 - ACCS","BM","35.10.20260804.14","10657103","25,000"
"176556","HERRY YUSWAN","REGULER","BK","35.6.20260805.11","10437788","6,000"
"176556","HERRY YUSWAN","REGULER","BM","35.8.20260807.14","10493991","5,000"
"176556","HERRY YUSWAN","REGULER","BM","35.8.20260807.14","10172886","4,000"
"176556","HERRY YUSWAN","BOOSTER AGT 2026 - ACCS","BM","35.8.20260807.14","10172886",""
"176556","HERRY YUSWAN","BOOSTER AGT 2026 - ACCS","BM","35.8.20260807.14","10493991",""
"176556","HERRY YUSWAN","REGULER","BM","35.8.20260807.21","10659342","1,000"
"176556","HERRY YUSWAN","REGULER","BB","U35.8.20260807.3","10374598","13,000"
"176556","HERRY YUSWAN","REGULER","BK","35.10.20260808.9","10631384","4,800"
"176556","HERRY YUSWAN","REGULER","BM","35.8.20260808.12","10493989","2,000"
"176556","HERRY YUSWAN","REGULER","BB","U35.4.20260809.5","10622188","20,000"
"176556","HERRY YUSWAN","REGULER","BD","U35.4.20260809.5","10578760","40,000"
"176556","HERRY YUSWAN","REGULER","BD","U35.4.20260809.5","10578761","14,000"
"176556","HERRY YUSWAN","KHUSUS","BA","U35.4.20260809.5","10679269","167,859"
"176556","HERRY YUSWAN","KHUSUS","BA","U35.4.20260809.5","10679270","167,859"
"176556","HERRY YUSWAN","KHUSUS","BA","U35.4.20260809.5","10679271","167,859"
"176556","HERRY YUSWAN","SPECIAL","BB","U35.4.20260809.5","10590181","100,000"
"176556","HERRY YUSWAN","SPECIAL","BB","U35.4.20260809.5","10588415","100,000"
"176556","HERRY YUSWAN","SPECIAL","BD","U35.4.20260809.5","10542556","150,000"
"176556","HERRY YUSWAN","SPECIAL","BF","U35.4.20260809.5","10601782","140,000"
"176556","HERRY YUSWAN","REGULER","BM","35.3.20260811.9","10161712","9,000"
"176556","HERRY YUSWAN","BOOSTER AGT 2026 - ACCS","BM","35.3.20260811.9","10161712","25,000"
"176556","HERRY YUSWAN","REGULER","BB","U35.13.20260811.4","10569120","11,000"
"176556","HERRY YUSWAN","REGULER","BB","U35.13.20260811.4","10680204","15,000"
"176556","HERRY YUSWAN","REGULER","BR","U35.13.20260811.4","10596626","13,500"
"176556","HERRY YUSWAN","REGULER","BL","35.78.20260812.56","10648701","3,000"
"176556","HERRY YUSWAN","REGULER","BM","35.78.20260812.60","10523859","2,000"
"176556","HERRY YUSWAN","REGULER","BN","35.78.20260812.69","10430885","3,000"
"176556","HERRY YUSWAN","SPECIAL","BJ","35.78.20260812.72","10580410","10,000"
"176556","HERRY YUSWAN","REGULER","BM","35.78.20260812.73","10132201","2,000"
"176556","HERRY YUSWAN","REGULER","BI","35.78.20260812.81","10670389","1,200"
"176556","HERRY YUSWAN","SPECIAL","BJ","35.78.20260812.82","10609637","9,000"
"176556","HERRY YUSWAN","REGULER","BJ","35.78.20260812.84","10603617","7,000"
"176556","HERRY YUSWAN","REGULER","BO","35.78.20260813.11","10599265","1,000"
"176556","HERRY YUSWAN","REGULER","BO","35.78.20260813.12","10632607","2,000"
"176556","HERRY YUSWAN","REGULER","BM","35.78.20260813.25","10506594","1,000"
"176556","HERRY YUSWAN","REGULER","BK","35.78.20260813.27","10664355","3,600"
"176556","HERRY YUSWAN","REGULER","BK","35.78.20260813.27","10463228","3,600"
"176556","HERRY YUSWAN","BOOSTER AGT 2026 - ACCS","BK","35.78.20260813.27","10463228",""
"176556","HERRY YUSWAN","BOOSTER AGT 2026 - ACCS","BK","35.78.20260813.27","10491271",""
"176556","HERRY YUSWAN","BOOSTER AGT 2026 - ACCS","BK","35.78.20260813.27","10580753",""
"176556","HERRY YUSWAN","BOOSTER AGT 2026 - ACCS","BK","35.78.20260813.27","10664355",""
"176556","HERRY YUSWAN","SPECIAL","BJ","35.78.20260813.3","10666982","2,000"
"176556","HERRY YUSWAN","SPECIAL","BJ","35.78.20260813.3","10666985","10,000"
"176556","HERRY YUSWAN","REGULER","BO","35.78.20260813.57","10632602","1,000"
"176556","HERRY YUSWAN","REGULER","BM","35.78.20260813.59","10102966","3,000"
"176556","HERRY YUSWAN","SPECIAL","BJ","35.78.20260813.60","10483818","30,000"
"176556","HERRY YUSWAN","REGULER","BO","35.78.20260813.62","10565507","1,000"
"176556","HERRY YUSWAN","REGULER","BO","35.78.20260813.68","10666305","1,000"
"176556","HERRY YUSWAN","REGULER","BM","35.78.20260813.69","10659343","1,000"
"176556","HERRY YUSWAN","REGULER","BM","35.78.20260813.7","10599300","3,000"
"176556","HERRY YUSWAN","REGULER","BM","35.78.20260813.7","10550870","6,000"
"176556","HERRY YUSWAN","BOOSTER AGT 2026 - ACCS","BM","35.78.20260813.7","10550870",""
"176556","HERRY YUSWAN","BOOSTER AGT 2026 - ACCS","BM","35.78.20260813.7","10599299",""
"176556","HERRY YUSWAN","BOOSTER AGT 2026 - ACCS","BM","35.78.20260813.7","10599300",""
"176556","HERRY YUSWAN","SPECIAL","BL","35.78.20260813.76","10625051","20,000"
"176556","HERRY YUSWAN","BOOSTER AGT 2026 - ACCS","BL","35.78.20260813.76","10625051","50,000"
"176556","HERRY YUSWAN","SPECIAL","BJ","35.78.20260813.77","10596035","50,000"
"176556","HERRY YUSWAN","SPECIAL","BN","35.3.20260814.13","10508192","5,000"
"176556","HERRY YUSWAN","SPECIAL","BJ","35.4.20260814.5","10643005","25,000"
"176556","HERRY YUSWAN","SPECIAL","BJ","35.4.20260814.5","10664230","30,000"
"176556","HERRY YUSWAN","REGULER","BL","35.10.20260816.5","10486409","2,000"
"176556","HERRY YUSWAN","REGULER","BK","35.8.20260816.20","10349954","2,400"
"176556","HERRY YUSWAN","REGULER","BL","35.8.20260816.20","10706235","2,000"
"176556","HERRY YUSWAN","REGULER","BL","35.8.20260816.20","10706234","1,000"
"176556","HERRY YUSWAN","BOOSTER AGT 2026 - ACCS","BK","35.8.20260816.20","10349949",""
"176556","HERRY YUSWAN","BOOSTER AGT 2026 - ACCS","BK","35.8.20260816.20","10349950",""
"176556","HERRY YUSWAN","BOOSTER AGT 2026 - ACCS","BK","35.8.20260816.20","10349952",""
"176556","HERRY YUSWAN","BOOSTER AGT 2026 - ACCS","BK","35.8.20260816.20","10349953",""
"176556","HERRY YUSWAN","BOOSTER AGT 2026 - ACCS","BK","35.8.20260816.20","10349954",""
"176556","HERRY YUSWAN","BOOSTER AGT 2026 - ACCS","BK","35.8.20260816.20","10601495",""
"176556","HERRY YUSWAN","BOOSTER AGT 2026 - ACCS","BK","35.8.20260816.20","10601496",""
"176556","HERRY YUSWAN","KHUSUS","BA","U35.8.20260816.6","10700016","1,033,742"
"176556","HERRY YUSWAN","REGULER","BK","U35.8.20260816.7","10627684","15,600"
"176556","HERRY YUSWAN","BOOSTER AGT 2026 - ACCS","BK","U35.8.20260816.7","10627684","25,000"
"176556","HERRY YUSWAN","REGULER","BR","U35.0.20260817.1","10641430","-24,000"
"176556","HERRY YUSWAN","REGULER","BA","U35.0.20260817.1","10616510","-160,000"
"176556","HERRY YUSWAN","REGULER","BA","U35.0.20260817.1","10581950","0"
"176556","HERRY YUSWAN","REGULER","BR","U35.8.20260817.11","10641430","24,000"
"176556","HERRY YUSWAN","REGULER","BA","U35.8.20260817.11","10616510","160,000"
"176556","HERRY YUSWAN","REGULER","BA","U35.8.20260817.11","10581950","0"
"176556","HERRY YUSWAN","REGULER","BQ","35.13.20260818.5","10508261","14,000"
"176556","HERRY YUSWAN","REGULER","BN","35.8.20260820.4","10187945","2,000"
"176556","HERRY YUSWAN","REGULER","BM","35.10.20260824.10","10594888","3,000"
"176556","HERRY YUSWAN","REGULER","BI","35.10.20260824.10","10604397","7,200"
"176556","HERRY YUSWAN","SPECIAL","BF","U35.13.20260824.2","10681575","45,000"
"176556","HERRY YUSWAN","REGULER","BB","U35.3.20260828.2","10576296","11,000"
"176556","HERRY YUSWAN","REGULER","BB","35.8.20260830.5","10648057","18,000"
"176556","HERRY YUSWAN","KHUSUS","BA","U35.8.20260830.7","10646592","171,162"
"176556","HERRY YUSWAN","SPECIAL","BF","U35.10.20260831.11","10681575","45,000"
"175833","AZIZ MIFTAHUL FAUZI","KHUSUS - JULI 2026","BA","U35.7.20260713.4","10433876","95,477"
"175833","AZIZ MIFTAHUL FAUZI","KHUSUS - JULI 2026","BA","U35.7.20260713.4","10589016","45,036"
"175833","AZIZ MIFTAHUL FAUZI","KHUSUS - JULI 2026","BA","U35.6.20260726.15","10681078","21,614"
"175833","AZIZ MIFTAHUL FAUZI","KHUSUS - JULI 2026","BA","U35.7.20260731.4","10679269","216,207"
"175833","AZIZ MIFTAHUL FAUZI","REGULER","BM","35.8.20260802.10","10466023","9,000"
"175833","AZIZ MIFTAHUL FAUZI","REGULER","BF","35.8.20260802.10","10495548","20,000"
"175833","AZIZ MIFTAHUL FAUZI","BOOSTER AGT 2026 - ACCS","BM","35.8.20260802.10","10466023","25,000"
"175833","AZIZ MIFTAHUL FAUZI","REGULER","BK","35.8.20260802.7","10699147","3,600"
"175833","AZIZ MIFTAHUL FAUZI","SPECIAL","BB","U35.7.20260802.13","10663736","0"
"175833","AZIZ MIFTAHUL FAUZI","BOOSTER AGT 2026 - FURNI","BA","U35.7.20260802.13","10580934","500,000"
"175833","AZIZ MIFTAHUL FAUZI","SPECIAL","BB","U35.0.20260803.2","10663736","-300,000"
"175833","AZIZ MIFTAHUL FAUZI","BOOSTER AGT 2026 - FURNI","BA","U35.0.20260803.2","10580934","-500,000"
"175833","AZIZ MIFTAHUL FAUZI","REGULER","BK","U35.10.20260803.3","10467783","8,400"
"175833","AZIZ MIFTAHUL FAUZI","REGULER","BA","U35.10.20260803.3","10155833","35,000"
"175833","AZIZ MIFTAHUL FAUZI","BOOSTER AGT 2026 - ACCS","BK","U35.10.20260803.3","10467783","25,000"
"175833","AZIZ MIFTAHUL FAUZI","SPECIAL","BN","U35.10.20260803.6","10566454","20,000"
"175833","AZIZ MIFTAHUL FAUZI","KHUSUS","BA","U35.7.20260803.5","10568395","117,117"
"175833","AZIZ MIFTAHUL FAUZI","KHUSUS","BA","U35.7.20260803.5","10580934","783,784"
"175833","AZIZ MIFTAHUL FAUZI","SPECIAL","BB","U35.7.20260803.5","10663736","300,000"
"175833","AZIZ MIFTAHUL FAUZI","BOOSTER AGT 2026 - FURNI","BA","U35.7.20260803.5","10580934","500,000"
"175833","AZIZ MIFTAHUL FAUZI","SPECIAL","BB","U35.7.20260803.6","10637818","200,000"
"175833","AZIZ MIFTAHUL FAUZI","REGULER","BC","U35.8.20260803.3","10573322","40,000"
"175833","AZIZ MIFTAHUL FAUZI","KHUSUS","BA","U35.8.20260803.3","10637101","238,365"
"175833","AZIZ MIFTAHUL FAUZI","REGULER","BP","U35.4.20260806.1","10692507","24,000"
"175833","AZIZ MIFTAHUL FAUZI","REGULER","BP","U35.4.20260806.1","10625057","19,200"
"175833","AZIZ MIFTAHUL FAUZI","BOOSTER AGT 2026 - FURNI","BP","U35.4.20260806.1","10692507","25,000"
"175833","AZIZ MIFTAHUL FAUZI","REGULER","BA","U35.8.20260806.7","10571913","11,000"
"175833","AZIZ MIFTAHUL FAUZI","REGULER","BL","35.7.20260808.21","10550396","3,000"
"175833","AZIZ MIFTAHUL FAUZI","REGULER","BB","35.8.20260808.18","10611305","25,000"
"175833","AZIZ MIFTAHUL FAUZI","REGULER","BK","35.8.20260808.19","10450458","16,800"
"175833","AZIZ MIFTAHUL FAUZI","BOOSTER AGT 2026 - ACCS","BK","35.8.20260808.19","10450458","50,000"
"175833","AZIZ MIFTAHUL FAUZI","REGULER","BM","35.8.20260808.52","10702722","2,000"
"175833","AZIZ MIFTAHUL FAUZI","REGULER","BL","35.7.20260809.27","10457018","6,000"
"175833","AZIZ MIFTAHUL FAUZI","REGULER","BK","35.6.20260811.7","10491810","4,800"
"175833","AZIZ MIFTAHUL FAUZI","REGULER","BK","35.6.20260811.7","10491809","2,400"
"175833","AZIZ MIFTAHUL FAUZI","BOOSTER AGT 2026 - ACCS","BK","35.6.20260811.7","10491809",""
"175833","AZIZ MIFTAHUL FAUZI","BOOSTER AGT 2026 - ACCS","BK","35.6.20260811.7","10491810",""
"175833","AZIZ MIFTAHUL FAUZI","BOOSTER AGT 2026 - ACCS","BK","35.6.20260811.7","10568708",""
"175833","AZIZ MIFTAHUL FAUZI","REGULER","BM","35.3.20260815.33","10702723","4,000"
"175833","AZIZ MIFTAHUL FAUZI","REGULER","BM","35.3.20260815.33","10702722","5,000"
"175833","AZIZ MIFTAHUL FAUZI","BOOSTER AGT 2026 - ACCS","BM","35.3.20260815.33","10702722","13,034"
"175833","AZIZ MIFTAHUL FAUZI","BOOSTER AGT 2026 - ACCS","BM","35.3.20260815.33","10702723","11,966"
"175833","AZIZ MIFTAHUL FAUZI","REGULER","BL","35.6.20260815.29","10698322","2,000"
"175833","AZIZ MIFTAHUL FAUZI","REGULER","BL","35.6.20260815.29","10680484","5,000"
"175833","AZIZ MIFTAHUL FAUZI","BOOSTER AGT 2026 - ACCS","BL","35.6.20260815.29","10558532",""
"175833","AZIZ MIFTAHUL FAUZI","BOOSTER AGT 2026 - ACCS","BL","35.6.20260815.29","10680484",""
"175833","AZIZ MIFTAHUL FAUZI","BOOSTER AGT 2026 - ACCS","BL","35.6.20260815.29","10698322",""
"175833","AZIZ MIFTAHUL FAUZI","REGULER","BN","35.6.20260815.7","10686584","3,000"
"175833","AZIZ MIFTAHUL FAUZI","REGULER","BN","35.6.20260815.7","10466677","1,000"
"175833","AZIZ MIFTAHUL FAUZI","SPECIAL","BL","35.6.20260815.7","10571379","70,000"
"175833","AZIZ MIFTAHUL FAUZI","BOOSTER AGT 2026 - ACCS","BL","35.6.20260815.7","10571379","100,000"
"175833","AZIZ MIFTAHUL FAUZI","REGULER","BK","35.6.20260815.8","10566735","2,400"
"175833","AZIZ MIFTAHUL FAUZI","REGULER","BK","35.6.20260815.8","10499502","12,000"
"175833","AZIZ MIFTAHUL FAUZI","REGULER","BK","35.6.20260815.8","10467783","8,400"
"175833","AZIZ MIFTAHUL FAUZI","BOOSTER AGT 2026 - ACCS","BK","35.6.20260815.8","10467783",""
"175833","AZIZ MIFTAHUL FAUZI","BOOSTER AGT 2026 - ACCS","BK","35.6.20260815.8","10478947",""
"175833","AZIZ MIFTAHUL FAUZI","BOOSTER AGT 2026 - ACCS","BK","35.6.20260815.8","10490274",""
"175833","AZIZ MIFTAHUL FAUZI","BOOSTER AGT 2026 - ACCS","BK","35.6.20260815.8","10499502",""
"175833","AZIZ MIFTAHUL FAUZI","BOOSTER AGT 2026 - ACCS","BK","35.6.20260815.8","10566735",""
"175833","AZIZ MIFTAHUL FAUZI","SPECIAL","BJ","35.4.20260816.5","10597131","4,000"
"175833","AZIZ MIFTAHUL FAUZI","SPECIAL","BJ","35.4.20260816.5","10188210","10,000"
"175833","AZIZ MIFTAHUL FAUZI","REGULER","BM","35.6.20260816.11","10582557","2,000"
"175833","AZIZ MIFTAHUL FAUZI","REGULER","BD","U35.13.20260816.4","10578761","14,000"
"175833","AZIZ MIFTAHUL FAUZI","REGULER","BK","U35.13.20260816.4","10182577","22,800"
"175833","AZIZ MIFTAHUL FAUZI","BOOSTER AGT 2026 - ACCS","BK","U35.13.20260816.4","10182577","50,000"
"175833","AZIZ MIFTAHUL FAUZI","REGULER","BB","U35.3.20260816.13","10629144","20,000"
"175833","AZIZ MIFTAHUL FAUZI","REGULER","BB","U35.3.20260816.13","10656897","13,000"
"175833","AZIZ MIFTAHUL FAUZI","REGULER","BB","U35.3.20260816.13","10583275","18,000"
"175833","AZIZ MIFTAHUL FAUZI","REGULER","BB","35.0.20260819.5","10583275","-18,000"
"175833","AZIZ MIFTAHUL FAUZI","REGULER","BD","35.7.20260819.2","10612731","3,000"
"175833","AZIZ MIFTAHUL FAUZI","REGULER","BD","35.7.20260819.2","10612729","1,000"
"175833","AZIZ MIFTAHUL FAUZI","REGULER","BL","35.8.20260819.13","10495871","3,000"
"175833","AZIZ MIFTAHUL FAUZI","REGULER","BO","U35.6.20260819.9","10594769","8,000"
"175833","AZIZ MIFTAHUL FAUZI","REGULER","BB","U35.7.20260819.10","10583274","18,000"
"175833","AZIZ MIFTAHUL FAUZI","REGULER","BK","35.6.20260821.3","10495325","2,400"
"175833","AZIZ MIFTAHUL FAUZI","REGULER","BL","35.6.20260821.3","10706052","11,000"
"175833","AZIZ MIFTAHUL FAUZI","BOOSTER AGT 2026 - ACCS","BL","35.6.20260821.3","10706052","25,000"
"175833","AZIZ MIFTAHUL FAUZI","REGULER","BM","35.10.20260822.11","10599301","2,000"
"175833","AZIZ MIFTAHUL FAUZI","REGULER","BN","35.3.20260822.30","10513430","4,000"
"175833","AZIZ MIFTAHUL FAUZI","REGULER","BK","35.6.20260822.21","10648276","2,400"
"175833","AZIZ MIFTAHUL FAUZI","SPECIAL","BL","35.8.20260822.12","10501632","20,000"
"175833","AZIZ MIFTAHUL FAUZI","BOOSTER AGT 2026 - ACCS","BL","35.8.20260822.12","10405009",""
"175833","AZIZ MIFTAHUL FAUZI","BOOSTER AGT 2026 - ACCS","BL","35.8.20260822.12","10501632",""
"175833","AZIZ MIFTAHUL FAUZI","REGULER","BK","35.10.20260823.21","10542781","4,800"
"175833","AZIZ MIFTAHUL FAUZI","REGULER","BK","35.10.20260823.21","10542780","2,400"
"175833","AZIZ MIFTAHUL FAUZI","REGULER","BK","U35.13.20260823.13","10648279","7,200"
"175833","AZIZ MIFTAHUL FAUZI","REGULER","BK","U35.13.20260823.13","10670013","3,600"
"175833","AZIZ MIFTAHUL FAUZI","BOOSTER AGT 2026 - ACCS","BK","U35.13.20260823.13","10648279",""
"175833","AZIZ MIFTAHUL FAUZI","BOOSTER AGT 2026 - ACCS","BK","U35.13.20260823.13","10670013",""
"175833","AZIZ MIFTAHUL FAUZI","REGULER","BF","35.13.20260824.13","10601786","9,000"
"175833","AZIZ MIFTAHUL FAUZI","SPECIAL","BJ","35.13.20260824.13","10614671","75,000"
"175833","AZIZ MIFTAHUL FAUZI","REGULER","BN","35.3.20260824.2","10547532","2,000"
"175833","AZIZ MIFTAHUL FAUZI","REGULER","BR","35.4.20260824.4","10412637","3,000"
"175833","AZIZ MIFTAHUL FAUZI","SPECIAL","BB","U35.13.20260826.2","10590181","100,000"
"175833","AZIZ MIFTAHUL FAUZI","REGULER","BM","35.8.20260828.12","10628204","5,000"
"175833","AZIZ MIFTAHUL FAUZI","REGULER","BK","35.8.20260828.12","10212798","2,400"
"175833","AZIZ MIFTAHUL FAUZI","BOOSTER AGT 2026 - ACCS","BM","35.8.20260828.12","10128296",""
"175833","AZIZ MIFTAHUL FAUZI","BOOSTER AGT 2026 - ACCS","BM","35.8.20260828.12","10628204",""
"175833","AZIZ MIFTAHUL FAUZI","REGULER","BC","U35.6.20260828.2","10663093","50,000"
"175833","AZIZ MIFTAHUL FAUZI","REGULER","BQ","U35.8.20260828.5","10499725","25,000"
"175833","AZIZ MIFTAHUL FAUZI","REGULER","BQ","U35.8.20260828.5","10499718","40,000"
"175833","AZIZ MIFTAHUL FAUZI","REGULER","BL","U35.8.20260828.5","10698332","25,000"
"175833","AZIZ MIFTAHUL FAUZI","BOOSTER AGT 2026 - ACCS","BL","U35.8.20260828.5","10698332","75,000"
"175833","AZIZ MIFTAHUL FAUZI","REGULER","BM","35.7.20260829.19","10132199","2,000"
"175833","AZIZ MIFTAHUL FAUZI","REGULER","BM","35.7.20260829.19","10657103","2,000"
"175833","AZIZ MIFTAHUL FAUZI","REGULER","BK","35.8.20260829.44","10667925","9,600"
"175833","AZIZ MIFTAHUL FAUZI","BOOSTER AGT 2026 - ACCS","BK","35.8.20260829.44","10667925","25,000"
"175833","AZIZ MIFTAHUL FAUZI","REGULER","BR","U35.13.20260829.21","10681484","12,000"
"175833","AZIZ MIFTAHUL FAUZI","REGULER","BB","U35.3.20260829.2","10350222","9,000"
"175833","AZIZ MIFTAHUL FAUZI","REGULER","BD","U35.3.20260829.2","10580404","25,000"
"175833","AZIZ MIFTAHUL FAUZI","REGULER","BD","U35.7.20260829.7","10564726","10,000"
"175833","AZIZ MIFTAHUL FAUZI","REGULER","BO","35.10.20260830.37","10402831","0"
"176649","PREDIANSYAH","KHUSUS - JULI 2026","BA","U35.10.20260705.18","10679258","198,550"
"176649","PREDIANSYAH","REGULER","BI","35.13.20260801.26","","1,200"
"176649","PREDIANSYAH","REGULER","BM","35.13.20260801.26","10161037","2,000"
"176649","PREDIANSYAH","REGULER","BI","35.13.20260801.31","10678100","10,800"
"176649","PREDIANSYAH","REGULER","BJ","35.13.20260801.46","10695145","7,000"
"176649","PREDIANSYAH","REGULER","BG","35.6.20260801.8","10502873","20,000"
"176649","PREDIANSYAH","BOOSTER AGT 2026 - FURNI","BI","U35.13.20260801.21","10675355","15,000"
"176649","PREDIANSYAH","REGULER","BG","35.4.20260802.25","10502873","10,000"
"176649","PREDIANSYAH","REGULER","BD","U35.8.20260802.2","10564573","25,000"
"176649","PREDIANSYAH","REGULER","BK","U35.8.20260802.2","10603460","15,600"
"176649","PREDIANSYAH","REGULER","BM","U35.8.20260802.2","10593569","2,000"
"176649","PREDIANSYAH","REGULER","BD","U35.8.20260802.2","10605784","25,000"
"176649","PREDIANSYAH","BOOSTER AGT 2026 - ACCS","BK","U35.8.20260802.2","10603460","50,000"
"176649","PREDIANSYAH","REGULER","BB","U35.8.20260802.8","10680204","15,000"
"176649","PREDIANSYAH","REGULER","BR","35.4.20260803.6","10111814","30,000"
"176649","PREDIANSYAH","REGULER","BM","U35.6.20260803.11","10493989","5,000"
"176649","PREDIANSYAH","SPECIAL","BB","U35.6.20260803.11","10597857","30,000"
"176649","PREDIANSYAH","REGULER","BK","35.6.20260806.25","10576115","8,400"
"176649","PREDIANSYAH","BOOSTER AGT 2026 - ACCS","BK","35.6.20260806.25","10576115",""
"176649","PREDIANSYAH","BOOSTER AGT 2026 - ACCS","BK","35.6.20260806.25","10600539",""
"176649","PREDIANSYAH","REGULER","BQ","U35.4.20260806.4","10687012","20,000"
"176649","PREDIANSYAH","REGULER","BA","U35.4.20260806.7","10665588","30,000"
"176649","PREDIANSYAH","REGULER","BA","U35.4.20260806.7","10665587","45,000"
"176649","PREDIANSYAH","REGULER","BR","U35.6.20260806.11","","10,500"
"176649","PREDIANSYAH","REGULER","BI","35.4.20260807.16","10702671","4,800"
"176649","PREDIANSYAH","REGULER","BK","35.6.20260807.18","10571013","2,400"
"176649","PREDIANSYAH","REGULER","BQ","U35.4.20260807.12","10507189","16,000"
"176649","PREDIANSYAH","REGULER","BQ","35.13.20260808.38","10410105","17,000"
"176649","PREDIANSYAH","SPECIAL","BJ","35.4.20260808.26","10572386","3,000"
"176649","PREDIANSYAH","REGULER","BR","35.4.20260810.10","10449843","37,500"
"176649","PREDIANSYAH","REGULER","BK","35.6.20260810.2","10457868","3,600"
"176649","PREDIANSYAH","REGULER","BN","35.7.20260810.11","10487179","4,000"
"176649","PREDIANSYAH","REGULER","BR","U35.4.20260810.2","10719334","7,500"
"176649","PREDIANSYAH","REGULER","BL","35.8.20260811.14","10676653","3,000"
"176649","PREDIANSYAH","REGULER","BL","35.8.20260811.14","10701492","11,000"
"176649","PREDIANSYAH","REGULER","BL","35.8.20260811.14","10503172","5,000"
"176649","PREDIANSYAH","REGULER","BL","35.8.20260811.14","10506532","4,000"
"176649","PREDIANSYAH","REGULER","BJ","35.8.20260811.14","10694990","8,000"
"176649","PREDIANSYAH","BOOSTER AGT 2026 - ACCS","BL","35.8.20260811.14","10503172",""
"176649","PREDIANSYAH","BOOSTER AGT 2026 - ACCS","BL","35.8.20260811.14","10506532",""
"176649","PREDIANSYAH","BOOSTER AGT 2026 - ACCS","BL","35.8.20260811.14","10676653",""
"176649","PREDIANSYAH","BOOSTER AGT 2026 - ACCS","BL","35.8.20260811.14","10701492",""
"176649","PREDIANSYAH","REGULER","BB","U35.4.20260812.1","10442074","13,000"
"176649","PREDIANSYAH","SPECIAL","BJ","35.4.20260813.11","10610050","8,000"
"176649","PREDIANSYAH","SPECIAL","BJ","35.4.20260813.11","10610079","3,000"
"176649","PREDIANSYAH","REGULER","BQ","U35.4.20260813.5","10591339","14,000"
"176649","PREDIANSYAH","REGULER","BP","U35.6.20260813.11","10532346","54,000"
"176649","PREDIANSYAH","BOOSTER AGT 2026 - FURNI","BP","U35.6.20260813.11","10532346","70,000"
"176649","PREDIANSYAH","REGULER","BQ","U35.6.20260814.2","10548352","185,000"
"176649","PREDIANSYAH","REGULER","BP","U35.6.20260814.2","10603396","36,000"
"176649","PREDIANSYAH","REGULER","BP","U35.6.20260814.2","10581854","66,000"
"176649","PREDIANSYAH","BOOSTER AGT 2026 - FURNI","BP","U35.6.20260814.2","10581854","80,000"
"176649","PREDIANSYAH","BOOSTER AGT 2026 - FURNI","BQ","U35.6.20260814.2","10548352","240,000"
"176649","PREDIANSYAH","REGULER","BM","U35.6.20260814.3","10593568","4,000"
"176649","PREDIANSYAH","SPECIAL","BB","U35.6.20260814.4","10505304","80,000"
"176649","PREDIANSYAH","REGULER","BL","35.4.20260815.6","10151630","8,000"
"176649","PREDIANSYAH","BOOSTER AGT 2026 - ACCS","BL","35.4.20260815.6","10151630","25,000"
"176649","PREDIANSYAH","REGULER","BR","U35.4.20260815.8","10672854","547,500"
"176649","PREDIANSYAH","SPECIAL","BJ","35.3.20260816.2","","3,000"
"176649","PREDIANSYAH","SPECIAL","BJ","35.4.20260816.2","10664230","30,000"
"176649","PREDIANSYAH","BOOSTER AGT 2026 - FURNI","BF","U35.4.20260816.21","10532454","50,000"
"176649","PREDIANSYAH","REGULER","BO","35.6.20260817.24","10632605","2,000"
"176649","PREDIANSYAH","REGULER","BK","35.8.20260817.12","10555452","2,400"
"176649","PREDIANSYAH","REGULER","BP","U35.13.20260817.13","10538940","14,400"
"176649","PREDIANSYAH","REGULER","BQ","U35.13.20260817.13","10588756","13,000"
"176649","PREDIANSYAH","REGULER","BP","U35.13.20260817.13","10538941","12,000"
"176649","PREDIANSYAH","REGULER","BQ","U35.13.20260817.14","10552413","12,000"
"176649","PREDIANSYAH","REGULER","BQ","U35.4.20260817.15","10588755","13,000"
"176649","PREDIANSYAH","REGULER","BR","U35.4.20260817.15","10593928","10,500"
"176649","PREDIANSYAH","REGULER","BR","U35.4.20260817.15","10593926","10,500"
"176649","PREDIANSYAH","REGULER","BP","U35.4.20260817.15","10589616","16,800"
"176649","PREDIANSYAH","REGULER","BM","U35.13.20260819.13","10052703","6,000"
"176649","PREDIANSYAH","REGULER","BM","U35.13.20260819.13","10594886","5,000"
"176649","PREDIANSYAH","REGULER","BM","U35.13.20260819.13","10599300","12,000"
"176649","PREDIANSYAH","SPECIAL","BJ","U35.13.20260819.13","10574673","2,000"
"176649","PREDIANSYAH","BOOSTER AGT 2026 - ACCS","BM","U35.13.20260819.13","10052703",""
"176649","PREDIANSYAH","BOOSTER AGT 2026 - ACCS","BM","U35.13.20260819.13","10370613",""
"176649","PREDIANSYAH","BOOSTER AGT 2026 - ACCS","BM","U35.13.20260819.13","10370614",""
"176649","PREDIANSYAH","BOOSTER AGT 2026 - ACCS","BM","U35.13.20260819.13","10462458",""
"176649","PREDIANSYAH","BOOSTER AGT 2026 - ACCS","BM","U35.13.20260819.13","10518994",""
"176649","PREDIANSYAH","BOOSTER AGT 2026 - ACCS","BM","U35.13.20260819.13","10553096",""
"176649","PREDIANSYAH","BOOSTER AGT 2026 - ACCS","BM","U35.13.20260819.13","10594886",""
"176649","PREDIANSYAH","BOOSTER AGT 2026 - ACCS","BM","U35.13.20260819.13","10599299",""
"176649","PREDIANSYAH","BOOSTER AGT 2026 - ACCS","BM","U35.13.20260819.13","10599300",""
"176649","PREDIANSYAH","BOOSTER AGT 2026 - ACCS","BM","U35.13.20260819.13","10622919",""
"176649","PREDIANSYAH","BOOSTER AGT 2026 - ACCS","BM","U35.13.20260819.13","10622921",""
"176649","PREDIANSYAH","REGULER","BR","U35.13.20260819.14","10275775","622,500"
"176649","PREDIANSYAH","SPECIAL","BJ","U35.4.20260821.5","10665232","100,000"
"176649","PREDIANSYAH","SPECIAL","BJ","35.13.20260822.40","10676759","30,000"
"176649","PREDIANSYAH","SPECIAL","BJ","35.4.20260822.15","10215872","12,000"
"176649","PREDIANSYAH","REGULER","BO","35.10.20260823.12","10689588","18,000"
"176649","PREDIANSYAH","BOOSTER AGT 2026 - ACCS","BO","35.10.20260823.12","10689588","30,000"
"176649","PREDIANSYAH","REGULER","BM","35.13.20260823.14","10420957","2,000"
"176649","PREDIANSYAH","SPECIAL","BJ","35.13.20260823.15","10597127","4,000"
"176649","PREDIANSYAH","SPECIAL","BJ","35.4.20260823.34","","4,000"
"176649","PREDIANSYAH","REGULER","BL","35.4.20260823.5","10151630","30,000"
"176649","PREDIANSYAH","BOOSTER AGT 2026 - ACCS","BL","35.4.20260823.5","10151630","100,000"
"176649","PREDIANSYAH","SPECIAL","BJ","35.6.20260823.17","10609633","8,000"
"176649","PREDIANSYAH","REGULER","BM","U35.10.20260823.5","10657104","2,000"
"176649","PREDIANSYAH","REGULER","BO","U35.10.20260823.5","10541141","5,000"
"176649","PREDIANSYAH","REGULER","BD","35.13.20260824.3","10612730","17,000"
"176649","PREDIANSYAH","REGULER","BQ","U35.3.20260824.8","10636490","25,000"
"176649","PREDIANSYAH","SPECIAL","BN","35.3.20260827.16","10567960","6,000"
"176649","PREDIANSYAH","REGULER","BQ","U35.4.20260830.27","10642396","9,000"
"176646","RIZKY FADHILLA","REGULER","BL","35.6.20260801.33","10457956","1,000"
"176646","RIZKY FADHILLA","SPECIAL","BJ","35.6.20260801.41","","3,000"
"176646","RIZKY FADHILLA","SPECIAL","BJ","35.6.20260801.41","","7,000"
"176646","RIZKY FADHILLA","SPECIAL","BN","35.7.20260802.24","10675111","10,000"
"176646","RIZKY FADHILLA","REGULER","BA","U35.10.20260802.3","10632181","50,000"
"176646","RIZKY FADHILLA","SPECIAL","BB","U35.10.20260802.3","10700155","50,000"
"176646","RIZKY FADHILLA","REGULER","BD","U35.7.20260802.5","10553025","90,000"
"176646","RIZKY FADHILLA","SPECIAL","BD","U35.7.20260802.5","10655961","200,000"
"176646","RIZKY FADHILLA","REGULER","BQ","U35.7.20260802.6","10468600","12,000"
"176646","RIZKY FADHILLA","BOOSTER AGT 2026 - ACCS","BO","U35.7.20260805.2","10666307","150,000"
"176646","RIZKY FADHILLA","REGULER","BI","U35.0.20260808.1","10569966","-9,600"
"176646","RIZKY FADHILLA","REGULER","BI","U35.0.20260808.1","10569971","-4,800"
"176646","RIZKY FADHILLA","REGULER","BB","U35.0.20260808.1","10696246","-25,000"
"176646","RIZKY FADHILLA","REGULER","BI","U35.6.20260808.4","10569971","4,800"
"176646","RIZKY FADHILLA","REGULER","BI","U35.6.20260808.4","10569966","9,600"
"176646","RIZKY FADHILLA","KHUSUS","BA","U35.6.20260808.4","10680607","578,891"
"176646","RIZKY FADHILLA","SPECIAL","BB","U35.6.20260808.4","10590181","100,000"
"176646","RIZKY FADHILLA","REGULER","BB","35.3.20260809.25","10622187","18,000"
"176646","RIZKY FADHILLA","SPECIAL","BJ","35.4.20260809.35","10559836","8,000"
"176646","RIZKY FADHILLA","SPECIAL","BJ","35.4.20260809.35","10560062","9,000"
"176646","RIZKY FADHILLA","REGULER","BK","35.6.20260809.20","10697865","4,800"
"176646","RIZKY FADHILLA","REGULER","BK","35.6.20260809.20","10701102","3,600"
"176646","RIZKY FADHILLA","REGULER","BK","35.6.20260809.20","10631389","2,400"
"176646","RIZKY FADHILLA","REGULER","BK","35.6.20260809.20","10437785","3,600"
"176646","RIZKY FADHILLA","REGULER","BK","35.6.20260809.20","10670582","2,400"
"176646","RIZKY FADHILLA","BOOSTER AGT 2026 - ACCS","BK","35.6.20260809.20","10437785",""
"176646","RIZKY FADHILLA","BOOSTER AGT 2026 - ACCS","BK","35.6.20260809.20","10490276",""
"176646","RIZKY FADHILLA","BOOSTER AGT 2026 - ACCS","BK","35.6.20260809.20","10491815",""
"176646","RIZKY FADHILLA","BOOSTER AGT 2026 - ACCS","BK","35.6.20260809.20","10491816",""
"176646","RIZKY FADHILLA","BOOSTER AGT 2026 - ACCS","BK","35.6.20260809.20","10567252",""
"176646","RIZKY FADHILLA","BOOSTER AGT 2026 - ACCS","BK","35.6.20260809.20","10567253",""
"176646","RIZKY FADHILLA","BOOSTER AGT 2026 - ACCS","BK","35.6.20260809.20","10631389",""
"176646","RIZKY FADHILLA","BOOSTER AGT 2026 - ACCS","BK","35.6.20260809.20","10631391",""
"176646","RIZKY FADHILLA","BOOSTER AGT 2026 - ACCS","BK","35.6.20260809.20","10631392",""
"176646","RIZKY FADHILLA","BOOSTER AGT 2026 - ACCS","BK","35.6.20260809.20","10631393",""
"176646","RIZKY FADHILLA","BOOSTER AGT 2026 - ACCS","BK","35.6.20260809.20","10670582",""
"176646","RIZKY FADHILLA","BOOSTER AGT 2026 - ACCS","BK","35.6.20260809.20","10697865",""
"176646","RIZKY FADHILLA","BOOSTER AGT 2026 - ACCS","BK","35.6.20260809.20","10701102",""
"176646","RIZKY FADHILLA","BOOSTER AGT 2026 - ACCS","BM","35.10.20260810.7","10034073",""
"176646","RIZKY FADHILLA","BOOSTER AGT 2026 - ACCS","BM","35.10.20260810.7","10098849",""
"176646","RIZKY FADHILLA","REGULER","BQ","U35.4.20260812.2","10499726","55,000"
"176646","RIZKY FADHILLA","REGULER","BQ","U35.4.20260812.2","","45,000"
"176646","RIZKY FADHILLA","REGULER","BQ","U35.4.20260812.2","10499725","25,000"
"176646","RIZKY FADHILLA","SPECIAL","BL","U35.4.20260812.2","10690162","150,000"
"176646","RIZKY FADHILLA","BOOSTER AGT 2026 - ACCS","BL","U35.4.20260812.2","10690162","250,000"
"176646","RIZKY FADHILLA","REGULER","BQ","U35.6.20260813.2","","45,000"
"176646","RIZKY FADHILLA","REGULER","BK","35.8.20260814.3","10669970","13,200"
"176646","RIZKY FADHILLA","REGULER","BM","35.8.20260814.3","10693932","2,000"
"176646","RIZKY FADHILLA","BOOSTER AGT 2026 - ACCS","BK","35.8.20260814.3","10668108",""
"176646","RIZKY FADHILLA","BOOSTER AGT 2026 - ACCS","BK","35.8.20260814.3","10669970",""
"176646","RIZKY FADHILLA","SPECIAL","BL","U35.8.20260814.1","10694052","110,000"
"176646","RIZKY FADHILLA","BOOSTER AGT 2026 - ACCS","BL","U35.8.20260814.1","10694052","150,000"
"176646","RIZKY FADHILLA","REGULER","BO","35.6.20260819.7","10552478","1,000"
"176646","RIZKY FADHILLA","REGULER","BO","35.6.20260819.7","10682385","0"
"176646","RIZKY FADHILLA","REGULER","BN","35.7.20260822.19","10549047","2,000"
"176646","RIZKY FADHILLA","REGULER","BD","35.3.20260823.32","10633167","20,000"
"176646","RIZKY FADHILLA","REGULER","BN","35.8.20260824.19","10445742","4,000"
"176646","RIZKY FADHILLA","REGULER","BB","U35.3.20260824.9","10088683","30,000"
"176646","RIZKY FADHILLA","REGULER","BD","U35.3.20260824.9","10410166","2,000"
"176646","RIZKY FADHILLA","KHUSUS","BA","U35.6.20260825.7","10655203","752,595"
"176646","RIZKY FADHILLA","BOOSTER AGT 2026 - ACCS","BL","35.10.20260826.12","10552426",""
"176646","RIZKY FADHILLA","BOOSTER AGT 2026 - ACCS","BL","35.10.20260826.12","10552430",""
"176646","RIZKY FADHILLA","BOOSTER AGT 2026 - ACCS","BL","35.10.20260826.12","10574666",""
"176646","RIZKY FADHILLA","REGULER","BO","35.10.20260826.13","10567936","0"
"176646","RIZKY FADHILLA","REGULER","BO","35.10.20260826.13","10506858","0"
"176646","RIZKY FADHILLA","REGULER","BK","35.10.20260826.8","10495323","6,000"
"176646","RIZKY FADHILLA","REGULER","BO","35.10.20260826.9","10599263","1,000"
"176646","RIZKY FADHILLA","REGULER","BO","35.10.20260826.9","10599267","1,000"
"176646","RIZKY FADHILLA","BOOSTER AGT 2026 - ACCS","BK","35.10.20260826.9","10527024",""
"176646","RIZKY FADHILLA","BOOSTER AGT 2026 - ACCS","BK","35.10.20260826.9","10566076",""
"176646","RIZKY FADHILLA","BOOSTER AGT 2026 - ACCS","BK","35.10.20260826.9","10566736",""
"176646","RIZKY FADHILLA","BOOSTER AGT 2026 - ACCS","BK","35.10.20260826.9","10566737",""
"176646","RIZKY FADHILLA","BOOSTER AGT 2026 - ACCS","BK","35.10.20260826.9","10566739",""
"176646","RIZKY FADHILLA","BOOSTER AGT 2026 - ACCS","BK","35.10.20260826.9","10568719",""
"176646","RIZKY FADHILLA","BOOSTER AGT 2026 - ACCS","BK","35.10.20260826.9","10568720",""
"176646","RIZKY FADHILLA","BOOSTER AGT 2026 - ACCS","BK","35.10.20260826.9","10570312",""
"176646","RIZKY FADHILLA","BOOSTER AGT 2026 - ACCS","BK","35.10.20260826.9","10614511",""
"176646","RIZKY FADHILLA","BOOSTER AGT 2026 - ACCS","BK","35.10.20260826.9","10618055",""
"176646","RIZKY FADHILLA","BOOSTER AGT 2026 - ACCS","BK","35.10.20260826.9","10714149",""
"176646","RIZKY FADHILLA","REGULER","BK","35.10.20260828.7","10639321","7,200"
"176646","RIZKY FADHILLA","REGULER","BN","35.6.20260828.18","10663851","2,000"
"176646","RIZKY FADHILLA","REGULER","BO","35.6.20260828.23","10697006","1,000"
"176646","RIZKY FADHILLA","REGULER","BQ","U35.10.20260828.2","10499721","20,000"
"176646","RIZKY FADHILLA","REGULER","BD","U35.3.20260828.3","10658986","45,000"
"176646","RIZKY FADHILLA","KHUSUS","BA","U35.3.20260828.3","10654749","243,225"
"176646","RIZKY FADHILLA","REGULER","BD","U35.7.20260828.2","10550998","25,000"
"176646","RIZKY FADHILLA","KHUSUS","BA","U35.7.20260828.2","10662944","34,946"
"176646","RIZKY FADHILLA","REGULER","BK","U35.8.20260828.11","10676054","42,000"
"176646","RIZKY FADHILLA","BOOSTER AGT 2026 - ACCS","BK","U35.8.20260828.11","10676054","125,000"
"176646","RIZKY FADHILLA","BOOSTER AGT 2026 - ACCS","BM","35.10.20260830.18","10035287",""
"176646","RIZKY FADHILLA","BOOSTER AGT 2026 - ACCS","BM","35.10.20260830.18","10098849",""
"176646","RIZKY FADHILLA","BOOSTER AGT 2026 - ACCS","BM","35.10.20260830.18","10418901",""
"176646","RIZKY FADHILLA","BOOSTER AGT 2026 - ACCS","BM","35.10.20260830.18","10593566",""
"171999","INDAH LIANA SARI","KHUSUS - JULI 2026","BC","U35.6.20260707.5","10633753","200,000"
"171999","INDAH LIANA SARI","KHUSUS - JULI 2026","BC","U35.6.20260707.5","10633782","200,000"
"171999","INDAH LIANA SARI","KHUSUS - JULI 2026","BA","U35.7.20260729.9","10641787","72,365"
"171999","INDAH LIANA SARI","KHUSUS - JULI 2026","BA","U35.7.20260729.9","10641788","72,365"
"171999","INDAH LIANA SARI","KHUSUS - JULI 2026","BA","U35.7.20260729.9","10641790","72,365"
"171999","INDAH LIANA SARI","KHUSUS - JULI 2026","BA","U35.7.20260729.9","10641791","72,365"
"171999","INDAH LIANA SARI","REGULER","BD","U35.4.20260802.5","10696150","35,000"
"171999","INDAH LIANA SARI","REGULER","BD","U35.4.20260802.5","10708330","35,000"
"171999","INDAH LIANA SARI","REGULER","BF","U35.4.20260802.6","10640938","2,000"
"171999","INDAH LIANA SARI","SPECIAL","BN","35.6.20260803.3","10675111","10,000"
"171999","INDAH LIANA SARI","REGULER","BB","U35.6.20260803.10","10568824","12,000"
"171999","INDAH LIANA SARI","SPECIAL","BF","U35.6.20260803.10","10602207","35,000"
"171999","INDAH LIANA SARI","SPECIAL","BJ","35.13.20260804.13","","3,000"
"171999","INDAH LIANA SARI","REGULER","BR","U35.3.20260804.3","10504749","292,500"
"171999","INDAH LIANA SARI","REGULER","BK","35.10.20260805.22","10542781","6,000"
"171999","INDAH LIANA SARI","BOOSTER AGT 2026 - ACCS","BK","35.10.20260805.22","10542781",""
"171999","INDAH LIANA SARI","BOOSTER AGT 2026 - ACCS","BK","35.10.20260805.22","",""
"171999","INDAH LIANA SARI","BOOSTER AGT 2026 - ACCS","BK","35.10.20260805.22","",""
"171999","INDAH LIANA SARI","BOOSTER AGT 2026 - ACCS","BK","35.10.20260805.22","",""
"171999","INDAH LIANA SARI","REGULER","BF","U35.10.20260805.4","10313415","10,000"
"171999","INDAH LIANA SARI","REGULER","BI","U35.10.20260805.4","10568437","66,000"
"171999","INDAH LIANA SARI","REGULER","BF","U35.10.20260805.4","10571552","18,000"
"171999","INDAH LIANA SARI","REGULER","BF","U35.10.20260805.4","10640942","55,000"
"171999","INDAH LIANA SARI","SPECIAL","BG","U35.10.20260805.4","10590728","100,000"
"171999","INDAH LIANA SARI","SPECIAL","BF","U35.10.20260805.4","10689222","180,000"
"171999","INDAH LIANA SARI","SPECIAL","BG","U35.10.20260805.4","10566547","80,000"
"171999","INDAH LIANA SARI","SPECIAL","BG","U35.10.20260805.4","10566546","80,000"
"171999","INDAH LIANA SARI","REGULER","BK","U35.10.20260805.5","10491273","3,600"
"171999","INDAH LIANA SARI","REGULER","BK","U35.10.20260805.5","10699528","36,000"
"171999","INDAH LIANA SARI","REGULER","BK","U35.10.20260805.5","10242102","2,400"
"171999","INDAH LIANA SARI","REGULER","BI","U35.10.20260805.5","10573712","21,600"
"171999","INDAH LIANA SARI","REGULER","BK","U35.10.20260805.5","10542782","2,400"
"171999","INDAH LIANA SARI","REGULER","BK","U35.10.20260805.5","10432155","21,600"
"171999","INDAH LIANA SARI","REGULER","BL","U35.10.20260805.5","10516810","3,000"
"171999","INDAH LIANA SARI","REGULER","BC","U35.10.20260805.5","10678659","20,000"
"171999","INDAH LIANA SARI","KHUSUS","BB","U35.10.20260805.5","10550650","64,315"
"171999","INDAH LIANA SARI","SPECIAL","BJ","U35.10.20260805.5","10515575","0"
"171999","INDAH LIANA SARI","SPECIAL","BJ","U35.10.20260805.5","10559831","8,000"
"171999","INDAH LIANA SARI","SPECIAL","BJ","U35.10.20260805.5","10444667","15,000"
"171999","INDAH LIANA SARI","SPECIAL","BJ","U35.10.20260805.5","10560059","9,000"
"171999","INDAH LIANA SARI","BOOSTER AGT 2026 - ACCS","BK","U35.10.20260805.5","10242102",""
"171999","INDAH LIANA SARI","BOOSTER AGT 2026 - ACCS","BK","U35.10.20260805.5","10432155",""
"171999","INDAH LIANA SARI","BOOSTER AGT 2026 - ACCS","BK","U35.10.20260805.5","10491270",""
"171999","INDAH LIANA SARI","BOOSTER AGT 2026 - ACCS","BK","U35.10.20260805.5","10491273",""
"171999","INDAH LIANA SARI","BOOSTER AGT 2026 - ACCS","BK","U35.10.20260805.5","10520530",""
"171999","INDAH LIANA SARI","BOOSTER AGT 2026 - ACCS","BK","U35.10.20260805.5","10542782",""
"171999","INDAH LIANA SARI","BOOSTER AGT 2026 - ACCS","BK","U35.10.20260805.5","10554650",""
"171999","INDAH LIANA SARI","BOOSTER AGT 2026 - ACCS","BK","U35.10.20260805.5","10646332",""
"171999","INDAH LIANA SARI","BOOSTER AGT 2026 - ACCS","BK","U35.10.20260805.5","10670591",""
"171999","INDAH LIANA SARI","BOOSTER AGT 2026 - ACCS","BK","U35.10.20260805.5","10699528",""
"171999","INDAH LIANA SARI","BOOSTER AGT 2026 - ACCS","BL","U35.10.20260805.5","10150083",""
"171999","INDAH LIANA SARI","BOOSTER AGT 2026 - ACCS","BL","U35.10.20260805.5","10456092",""
"171999","INDAH LIANA SARI","BOOSTER AGT 2026 - ACCS","BL","U35.10.20260805.5","10467413",""
"171999","INDAH LIANA SARI","BOOSTER AGT 2026 - ACCS","BL","U35.10.20260805.5","10516810",""
"171999","INDAH LIANA SARI","REGULER","BJ","35.3.20260807.4","10627724","2,000"
"171999","INDAH LIANA SARI","SPECIAL","BJ","35.3.20260807.4","10422764","0"
"171999","INDAH LIANA SARI","SPECIAL","BJ","35.3.20260807.4","10609633","6,000"
"171999","INDAH LIANA SARI","SPECIAL","BJ","35.3.20260807.4","10610079","3,000"
"171999","INDAH LIANA SARI","SPECIAL","BJ","35.3.20260807.4","10610053","6,000"
"171999","INDAH LIANA SARI","SPECIAL","BJ","35.3.20260807.4","","3,000"
"171999","INDAH LIANA SARI","SPECIAL","BJ","35.3.20260807.4","","3,000"
"171999","INDAH LIANA SARI","SPECIAL","BJ","35.3.20260807.4","10610087","3,000"
"171999","INDAH LIANA SARI","SPECIAL","BJ","35.3.20260807.4","10610083","3,000"
"171999","INDAH LIANA SARI","SPECIAL","BJ","35.3.20260807.4","10610075","3,000"
"171999","INDAH LIANA SARI","REGULER","BN","35.7.20260807.1","10556635","2,000"
"171999","INDAH LIANA SARI","SPECIAL","BB","U35.7.20260807.3","10129100","100,000"
"171999","INDAH LIANA SARI","REGULER","BL","35.3.20260808.8","10694064","3,000"
"171999","INDAH LIANA SARI","REGULER","BN","35.3.20260808.8","10547539","2,000"
"171999","INDAH LIANA SARI","BOOSTER AGT 2026 - ACCS","BL","35.3.20260808.8","10607014",""
"171999","INDAH LIANA SARI","BOOSTER AGT 2026 - ACCS","BL","35.3.20260808.8","10607015",""
"171999","INDAH LIANA SARI","BOOSTER AGT 2026 - ACCS","BL","35.3.20260808.8","10691671",""
"171999","INDAH LIANA SARI","BOOSTER AGT 2026 - ACCS","BL","35.3.20260808.8","10694064",""
"171999","INDAH LIANA SARI","BOOSTER AGT 2026 - ACCS","BL","35.3.20260808.8","10701346",""
"171999","INDAH LIANA SARI","SPECIAL","BJ","35.7.20260808.34","10642990","25,000"
"171999","INDAH LIANA SARI","REGULER","BD","U35.7.20260808.11","10658986","40,000"
"171999","INDAH LIANA SARI","REGULER","BF","U35.7.20260808.11","10313415","10,000"
"171999","INDAH LIANA SARI","REGULER","BF","U35.7.20260808.11","10571552","18,000"
"171999","INDAH LIANA SARI","SPECIAL","BG","U35.7.20260808.11","10566546","80,000"
"171999","INDAH LIANA SARI","REGULER","BD","U35.10.20260810.5","","18,000"
"171999","INDAH LIANA SARI","REGULER","BD","U35.10.20260810.5","10704749","85,000"
"171999","INDAH LIANA SARI","REGULER","BP","U35.6.20260812.2","10671362","54,000"
"171999","INDAH LIANA SARI","BOOSTER AGT 2026 - FURNI","BP","U35.6.20260812.2","10671362","60,000"
"171999","INDAH LIANA SARI","REGULER","BD","U35.6.20260812.6","10550998","30,000"
"171999","INDAH LIANA SARI","REGULER","BB","U35.6.20260812.6","10615048","10,000"
"171999","INDAH LIANA SARI","REGULER","BI","35.13.20260814.5","10702670","6,000"
"171999","INDAH LIANA SARI","REGULER","BN","35.7.20260814.5","10487179","4,000"
"171999","INDAH LIANA SARI","REGULER","BI","35.4.20260816.12","10569971","1,200"
"171999","INDAH LIANA SARI","REGULER","BJ","35.8.20260816.30","10680634","11,000"
"171999","INDAH LIANA SARI","REGULER","BJ","35.8.20260816.30","10680626","7,000"
"171999","INDAH LIANA SARI","REGULER","BJ","35.8.20260816.30","10680629","7,000"
"171999","INDAH LIANA SARI","REGULER","BN","35.8.20260816.30","10686584","3,000"
"171999","INDAH LIANA SARI","REGULER","BJ","35.8.20260816.30","10680631","11,000"
"171999","INDAH LIANA SARI","SPECIAL","BJ","35.8.20260816.30","10444668","30,000"
"171999","INDAH LIANA SARI","SPECIAL","BJ","35.8.20260816.30","10444666","15,000"
"171999","INDAH LIANA SARI","SPECIAL","BN","35.8.20260816.30","10566454","20,000"
"171999","INDAH LIANA SARI","REGULER","BL","35.8.20260816.31","10588630","7,000"
"171999","INDAH LIANA SARI","BOOSTER AGT 2026 - ACCS","BL","35.8.20260816.31","10588630","25,000"
"171999","INDAH LIANA SARI","REGULER","BD","U35.0.20260816.1","10247921","-155,000"
"171999","INDAH LIANA SARI","SPECIAL","BD","U35.0.20260816.1","10445930","0"
"171999","INDAH LIANA SARI","BOOSTER AGT 2026 - FURNI","BD","U35.0.20260816.1","10445930","-100,000"
"171999","INDAH LIANA SARI","REGULER","BD","U35.10.20260816.17","10247921","75,000"
"171999","INDAH LIANA SARI","SPECIAL","BD","U35.10.20260816.17","10445930","0"
"171999","INDAH LIANA SARI","BOOSTER AGT 2026 - FURNI","BD","U35.10.20260816.17","10445930","100,000"
"171999","INDAH LIANA SARI","REGULER","BN","35.3.20260817.46","10547542","1,000"
"171999","INDAH LIANA SARI","REGULER","BD","U35.7.20260817.4","10098051","175,000"
"171999","INDAH LIANA SARI","KHUSUS","BB","U35.7.20260817.4","10624743","27,027"
"171999","INDAH LIANA SARI","SPECIAL","BL","U35.7.20260817.5","10571376","50,000"
"171999","INDAH LIANA SARI","BOOSTER AGT 2026 - ACCS","BL","U35.7.20260817.5","10571376","75,000"
"171999","INDAH LIANA SARI","REGULER","BD","U35.8.20260817.5","10704749","65,000"
"171999","INDAH LIANA SARI","REGULER","BO","35.6.20260818.13","10570203","1,000"
"171999","INDAH LIANA SARI","REGULER","BO","35.6.20260818.13","10506858","0"
"171999","INDAH LIANA SARI","REGULER","BN","35.6.20260818.13","10554028","3,000"
"171999","INDAH LIANA SARI","REGULER","BN","35.6.20260818.13","10551823","7,000"
"171999","INDAH LIANA SARI","REGULER","BM","35.6.20260818.13","10595794","2,000"
"171999","INDAH LIANA SARI","REGULER","BL","35.6.20260818.13","10698322","2,000"
"171999","INDAH LIANA SARI","REGULER","BN","35.6.20260818.13","10686585","2,000"
"171999","INDAH LIANA SARI","SPECIAL","BN","35.6.20260818.13","10657067","10,000"
"171999","INDAH LIANA SARI","BOOSTER AGT 2026 - ACCS","BM","35.6.20260818.13","10034073",""
"171999","INDAH LIANA SARI","BOOSTER AGT 2026 - ACCS","BM","35.6.20260818.13","10101010",""
"171999","INDAH LIANA SARI","BOOSTER AGT 2026 - ACCS","BM","35.6.20260818.13","10227198",""
"171999","INDAH LIANA SARI","BOOSTER AGT 2026 - ACCS","BM","35.6.20260818.13","10426757",""
"171999","INDAH LIANA SARI","BOOSTER AGT 2026 - ACCS","BM","35.6.20260818.13","10446541",""
"171999","INDAH LIANA SARI","BOOSTER AGT 2026 - ACCS","BM","35.6.20260818.13","10595794",""
"171999","INDAH LIANA SARI","BOOSTER AGT 2026 - ACCS","BM","35.6.20260818.13","10609965",""
"171999","INDAH LIANA SARI","BOOSTER AGT 2026 - ACCS","BM","35.6.20260818.13","10648619",""
"171999","INDAH LIANA SARI","BOOSTER AGT 2026 - ACCS","BM","35.6.20260818.13","",""
"171999","INDAH LIANA SARI","REGULER","BB","U35.3.20260818.5","10551205","9,000"
"171999","INDAH LIANA SARI","REGULER","BN","35.7.20260821.1","10547542","1,000"
"171999","INDAH LIANA SARI","REGULER","BL","35.4.20260823.24","10680482","3,000"
"171999","INDAH LIANA SARI","REGULER","BR","U35.4.20260823.33","10659757","52,500"
"171999","INDAH LIANA SARI","REGULER","BR","U35.4.20260823.33","10659755","187,500"
"171999","INDAH LIANA SARI","REGULER","BR","U35.4.20260823.33","10680208","37,500"
"171999","INDAH LIANA SARI","SPECIAL","BJ","35.4.20260825.3","10559846","11,000"
"171999","INDAH LIANA SARI","REGULER","BB","U35.4.20260830.13","10670943","11,000"
"103337","PRIMA MAELANA","REGULER","BA","U35.8.20260801.8","10708336","55,000"
"103337","PRIMA MAELANA","SPECIAL","BJ","35.13.20260802.52","10602644","10,000"
"103337","PRIMA MAELANA","SPECIAL","BJ","35.13.20260802.52","10602647","10,000"
"103337","PRIMA MAELANA","SPECIAL","BJ","35.13.20260802.52","10602642","10,000"
"103337","PRIMA MAELANA","SPECIAL","BJ","35.4.20260802.33","10597128","2,000"
"103337","PRIMA MAELANA","SPECIAL","BJ","35.4.20260802.33","10597140","2,000"
"103337","PRIMA MAELANA","REGULER","BL","35.7.20260802.38","10644939","2,000"
"103337","PRIMA MAELANA","SPECIAL","BJ","35.7.20260802.38","10560072","7,000"
"103337","PRIMA MAELANA","SPECIAL","BJ","35.7.20260802.38","10559837","6,000"
"103337","PRIMA MAELANA","SPECIAL","BJ","35.7.20260802.38","10560063","7,000"
"103337","PRIMA MAELANA","SPECIAL","BJ","35.7.20260802.38","10559849","6,000"
"103337","PRIMA MAELANA","BOOSTER AGT 2026 - ACCS","BK","35.8.20260803.11","10215426","20,000"
"103337","PRIMA MAELANA","BOOSTER AGT 2026 - ACCS","BK","35.8.20260803.11","10215427","30,000"
"103337","PRIMA MAELANA","REGULER","BO","U35.8.20260805.5","10653338","20,000"
"103337","PRIMA MAELANA","KHUSUS","BA","U35.8.20260805.5","10286738","94,581"
"103337","PRIMA MAELANA","KHUSUS","BA","U35.8.20260805.5","10682728","132,423"
"103337","PRIMA MAELANA","KHUSUS","BA","U35.8.20260805.5","10682730","132,423"
"103337","PRIMA MAELANA","BOOSTER AGT 2026 - ACCS","BO","U35.8.20260805.5","10653338","60,000"
"103337","PRIMA MAELANA","REGULER","BK","U35.8.20260805.6","10421518","8,400"
"103337","PRIMA MAELANA","SPECIAL","BL","U35.8.20260805.6","10690158","70,000"
"103337","PRIMA MAELANA","SPECIAL","BB","U35.8.20260805.6","10590181","100,000"
"103337","PRIMA MAELANA","BOOSTER AGT 2026 - ACCS","BK","U35.8.20260805.6","10421518","25,000"
"103337","PRIMA MAELANA","BOOSTER AGT 2026 - ACCS","BL","U35.8.20260805.6","10690158","100,000"
"103337","PRIMA MAELANA","REGULER","BA","U35.7.20260808.7","10514059","120,000"
"103337","PRIMA MAELANA","SPECIAL","BH","U35.7.20260808.7","10622144","150,000"
"103337","PRIMA MAELANA","SPECIAL","BB","U35.7.20260808.8","10590181","100,000"
"103337","PRIMA MAELANA","REGULER","BK","35.8.20260809.25","10702968","16,800"
"103337","PRIMA MAELANA","REGULER","BP","35.8.20260809.25","10583341","10,800"
"103337","PRIMA MAELANA","BOOSTER AGT 2026 - ACCS","BK","35.8.20260809.25","10521561",""
"103337","PRIMA MAELANA","BOOSTER AGT 2026 - ACCS","BK","35.8.20260809.25","10702968",""
"103337","PRIMA MAELANA","REGULER","BB","U35.6.20260809.13","10622188","20,000"
"103337","PRIMA MAELANA","REGULER","BD","U35.10.20260810.8","10626145","45,000"
"103337","PRIMA MAELANA","REGULER","BB","U35.10.20260810.8","10600727","16,000"
"103337","PRIMA MAELANA","KHUSUS","BA","U35.10.20260810.8","10681493","216,203"
"103337","PRIMA MAELANA","REGULER","BM","35.7.20260812.1","10550871","3,000"
"103337","PRIMA MAELANA","REGULER","BO","35.8.20260812.3","10599272","1,000"
"103337","PRIMA MAELANA","REGULER","BO","35.8.20260812.3","10666066","1,000"
"103337","PRIMA MAELANA","REGULER","BO","35.8.20260812.3","10666061","1,000"
"103337","PRIMA MAELANA","REGULER","BO","35.8.20260812.3","10666062","1,000"
"103337","PRIMA MAELANA","REGULER","BM","35.8.20260815.38","10216754","2,000"
"103337","PRIMA MAELANA","REGULER","BP","U35.13.20260815.9","10621508","12,000"
"103337","PRIMA MAELANA","SPECIAL","BG","U35.13.20260815.9","10532221","50,000"
"103337","PRIMA MAELANA","REGULER","BB","U35.7.20260815.16","10622188","20,000"
"103337","PRIMA MAELANA","REGULER","BB","U35.7.20260815.16","10648058","25,000"
"103337","PRIMA MAELANA","SPECIAL","BF","U35.4.20260817.9","10689223","180,000"
"103337","PRIMA MAELANA","REGULER","BM","35.10.20260820.7","10132201","2,000"
"103337","PRIMA MAELANA","REGULER","BM","35.10.20260820.7","10628698","2,000"
"103337","PRIMA MAELANA","BOOSTER AGT 2026 - ACCS","BK","35.10.20260820.7","10201595",""
"103337","PRIMA MAELANA","BOOSTER AGT 2026 - ACCS","BK","35.10.20260820.7","10614146",""
"103337","PRIMA MAELANA","BOOSTER AGT 2026 - ACCS","BK","35.10.20260820.7","10614151",""
"103337","PRIMA MAELANA","BOOSTER AGT 2026 - ACCS","BK","35.10.20260820.7","",""
"103337","PRIMA MAELANA","BOOSTER AGT 2026 - ACCS","BK","35.10.20260820.7","",""
"103337","PRIMA MAELANA","BOOSTER AGT 2026 - ACCS","BK","35.10.20260820.7","",""
"103337","PRIMA MAELANA","BOOSTER AGT 2026 - ACCS","BK","35.10.20260820.7","",""
"103337","PRIMA MAELANA","BOOSTER AGT 2026 - ACCS","BK","35.10.20260820.7","",""
"103337","PRIMA MAELANA","BOOSTER AGT 2026 - ACCS","BK","35.10.20260820.7","",""
"103337","PRIMA MAELANA","BOOSTER AGT 2026 - ACCS","BM","35.10.20260820.7","10132201",""
"103337","PRIMA MAELANA","BOOSTER AGT 2026 - ACCS","BM","35.10.20260820.7","10443321",""
"103337","PRIMA MAELANA","BOOSTER AGT 2026 - ACCS","BM","35.10.20260820.7","10555901",""
"103337","PRIMA MAELANA","BOOSTER AGT 2026 - ACCS","BM","35.10.20260820.7","10555902",""
"103337","PRIMA MAELANA","BOOSTER AGT 2026 - ACCS","BM","35.10.20260820.7","10628698",""
"103337","PRIMA MAELANA","BOOSTER AGT 2026 - ACCS","BM","35.10.20260820.7","10659346",""
"103337","PRIMA MAELANA","BOOSTER AGT 2026 - ACCS","BM","35.10.20260820.7","10663539",""
"103337","PRIMA MAELANA","REGULER","BM","35.7.20260820.24","10624849","2,000"
"103337","PRIMA MAELANA","REGULER","BD","35.7.20260820.9","10580876","3,000"
"103337","PRIMA MAELANA","REGULER","BK","U35.7.20260820.5","10665799","30,000"
"103337","PRIMA MAELANA","REGULER","BK","U35.7.20260820.5","10665596","15,600"
"103337","PRIMA MAELANA","BOOSTER AGT 2026 - ACCS","BK","U35.7.20260820.5","10665596",""
"103337","PRIMA MAELANA","BOOSTER AGT 2026 - ACCS","BK","U35.7.20260820.5","10665799",""
"103337","PRIMA MAELANA","REGULER","BL","U35.8.20260822.6","10609797","5,000"
"103337","PRIMA MAELANA","REGULER","BK","U35.8.20260822.6","10545576","22,800"
"103337","PRIMA MAELANA","REGULER","BK","U35.8.20260822.6","10667049","6,000"
"103337","PRIMA MAELANA","REGULER","BA","U35.8.20260822.6","10680605","60,000"
"103337","PRIMA MAELANA","REGULER","BL","U35.8.20260822.6","10609795","5,000"
"103337","PRIMA MAELANA","BOOSTER AGT 2026 - ACCS","BK","U35.8.20260822.6","10545576",""
"103337","PRIMA MAELANA","BOOSTER AGT 2026 - ACCS","BK","U35.8.20260822.6","10667049",""
"103337","PRIMA MAELANA","BOOSTER AGT 2026 - ACCS","BL","U35.8.20260822.6","10609795","12,500"
"103337","PRIMA MAELANA","BOOSTER AGT 2026 - ACCS","BL","U35.8.20260822.6","10609797","12,500"
"103337","PRIMA MAELANA","SPECIAL","BB","U35.8.20260823.12","10713462","50,000"
"103337","PRIMA MAELANA","KHUSUS","BA","U35.8.20260823.9","10579128","175,662"
"103337","PRIMA MAELANA","KHUSUS","BA","U35.8.20260823.9","10679269","216,207"
"103337","PRIMA MAELANA","REGULER","BK","35.10.20260826.8","10430352","2,400"
"103337","PRIMA MAELANA","REGULER","BK","35.10.20260826.8","10701102","3,600"
"103337","PRIMA MAELANA","REGULER","BK","35.10.20260826.8","10242103","2,400"
"103337","PRIMA MAELANA","REGULER","BK","35.10.20260826.8","10670579","2,400"
"103337","PRIMA MAELANA","REGULER","BK","35.10.20260826.8","10631383","4,800"
"103337","PRIMA MAELANA","REGULER","BK","35.10.20260826.8","10684067","3,600"
"103337","PRIMA MAELANA","BOOSTER AGT 2026 - ACCS","BK","35.10.20260826.8","10242103",""
"103337","PRIMA MAELANA","BOOSTER AGT 2026 - ACCS","BK","35.10.20260826.8","10430352",""
"103337","PRIMA MAELANA","BOOSTER AGT 2026 - ACCS","BK","35.10.20260826.8","10520525",""
"103337","PRIMA MAELANA","BOOSTER AGT 2026 - ACCS","BK","35.10.20260826.8","10631383",""
"103337","PRIMA MAELANA","BOOSTER AGT 2026 - ACCS","BK","35.10.20260826.8","10670579",""
"103337","PRIMA MAELANA","BOOSTER AGT 2026 - ACCS","BK","35.10.20260826.8","10670592",""
"103337","PRIMA MAELANA","BOOSTER AGT 2026 - ACCS","BK","35.10.20260826.8","10684067",""
"103337","PRIMA MAELANA","BOOSTER AGT 2026 - ACCS","BK","35.10.20260826.8","10701102",""
"103337","PRIMA MAELANA","SPECIAL","BJ","35.13.20260826.28","10647657","30,000"
"103337","PRIMA MAELANA","REGULER","BJ","35.13.20260826.6","10701401","2,000"
"103337","PRIMA MAELANA","REGULER","BK","U35.10.20260826.2","10491937","42,000"
"103337","PRIMA MAELANA","BOOSTER AGT 2026 - ACCS","BK","U35.10.20260826.2","10491937",""
"103337","PRIMA MAELANA","BOOSTER AGT 2026 - ACCS","BK","U35.10.20260826.2","10520526",""
"103337","PRIMA MAELANA","BOOSTER AGT 2026 - ACCS","BK","U35.10.20260826.2","10631392",""
"103337","PRIMA MAELANA","BOOSTER AGT 2026 - ACCS","BK","U35.10.20260826.2","10701077",""
"103337","PRIMA MAELANA","REGULER","BF","U35.3.20260826.6","10601784","9,000"
"103337","PRIMA MAELANA","REGULER","BD","U35.3.20260826.6","10626145","45,000"
"103337","PRIMA MAELANA","REGULER","BF","U35.3.20260826.6","10466688","25,000"
"103337","PRIMA MAELANA","SPECIAL","BG","U35.3.20260826.6","10553210","80,000"
"103337","PRIMA MAELANA","SPECIAL","BF","U35.3.20260826.6","10213562","45,000"
"103337","PRIMA MAELANA","KHUSUS","BA","U35.8.20260829.18","10579128","0"
"103337","PRIMA MAELANA","REGULER","BP","U35.7.20260830.5","10532346","54,000"
"103337","PRIMA MAELANA","REGULER","BB","U35.7.20260830.5","10648058","25,000"
"103337","PRIMA MAELANA","BOOSTER AGT 2026 - FURNI","BP","U35.7.20260830.5","10532346","70,000"
"106202","PEPI FIRDAUS","KHUSUS - JULI 2026","BC","U35.4.20260705.10","10197151","100,000"
"106202","PEPI FIRDAUS","KHUSUS - JULI 2026","BC","U35.4.20260705.10","10632845","100,000"
"106202","PEPI FIRDAUS","KHUSUS - JULI 2026","BC","U35.4.20260705.10","10698316","100,000"
"106202","PEPI FIRDAUS","REGULER","BG","35.13.20260801.23","10469825","14,000"
"106202","PEPI FIRDAUS","SPECIAL","BJ","35.13.20260801.29","10602649","10,000"
"106202","PEPI FIRDAUS","SPECIAL","BJ","35.13.20260801.29","10572378","4,000"
"106202","PEPI FIRDAUS","SPECIAL","BJ","35.13.20260801.29","10572361","17,000"
"106202","PEPI FIRDAUS","SPECIAL","BJ","35.13.20260801.29","10572385","4,000"
"106202","PEPI FIRDAUS","SPECIAL","BJ","35.13.20260801.29","10572020","10,000"
"106202","PEPI FIRDAUS","SPECIAL","BJ","35.13.20260801.36","10695311","2,000"
"106202","PEPI FIRDAUS","SPECIAL","BF","U35.13.20260801.14","10619118","200,000"
"106202","PEPI FIRDAUS","SPECIAL","BG","U35.13.20260801.14","10553210","80,000"
"106202","PEPI FIRDAUS","BOOSTER AGT 2026 - FURNI","BI","U35.13.20260801.23","10523537","25,000"
"106202","PEPI FIRDAUS","REGULER","BI","35.4.20260802.26","10674305","3,600"
"106202","PEPI FIRDAUS","SPECIAL","BF","U35.13.20260802.22","10648130","35,000"
"106202","PEPI FIRDAUS","REGULER","BR","U35.4.20260802.15","10672855","24,000"
"106202","PEPI FIRDAUS","REGULER","BQ","U35.4.20260803.7","10507190","16,000"
"106202","PEPI FIRDAUS","SPECIAL","BJ","35.13.20260805.18","10574589","150,000"
"106202","PEPI FIRDAUS","REGULER","BF","35.13.20260805.19","10601786","9,000"
"106202","PEPI FIRDAUS","REGULER","BK","35.6.20260805.2","10663747","3,600"
"106202","PEPI FIRDAUS","REGULER","BK","35.6.20260805.2","10663745","3,600"
"106202","PEPI FIRDAUS","BOOSTER AGT 2026 - ACCS","BK","35.6.20260805.2","10534572",""
"106202","PEPI FIRDAUS","BOOSTER AGT 2026 - ACCS","BK","35.6.20260805.2","10663745",""
"106202","PEPI FIRDAUS","BOOSTER AGT 2026 - ACCS","BK","35.6.20260805.2","10663747",""
"106202","PEPI FIRDAUS","BOOSTER AGT 2026 - ACCS","BK","35.6.20260805.2","10704716",""
"106202","PEPI FIRDAUS","REGULER","BR","U35.6.20260805.4","10514290","270,000"
"106202","PEPI FIRDAUS","REGULER","BL","35.13.20260807.9","10550390","2,000"
"106202","PEPI FIRDAUS","REGULER","BB","U35.8.20260807.5","10680206","18,000"
"106202","PEPI FIRDAUS","REGULER","BB","U35.8.20260807.5","10583272","18,000"
"106202","PEPI FIRDAUS","SPECIAL","BJ","35.13.20260808.36","","3,000"
"106202","PEPI FIRDAUS","REGULER","BD","U35.7.20260809.16","10580403","25,000"
"106202","PEPI FIRDAUS","REGULER","BD","U35.7.20260809.16","10580041","3,000"
"106202","PEPI FIRDAUS","REGULER","BB","U35.8.20260809.8","10574513","5,000"
"106202","PEPI FIRDAUS","REGULER","BR","U35.4.20260810.3","10514290","750,000"
"106202","PEPI FIRDAUS","REGULER","BR","U35.4.20260810.5","10514290","67,500"
"106202","PEPI FIRDAUS","SPECIAL","BJ","35.4.20260812.10","10596035","50,000"
"106202","PEPI FIRDAUS","REGULER","BF","U35.10.20260812.4","10536000","8,000"
"106202","PEPI FIRDAUS","REGULER","BP","U35.10.20260812.4","10621507","9,600"
"106202","PEPI FIRDAUS","SPECIAL","BG","U35.10.20260812.4","10607764","10,000"
"106202","PEPI FIRDAUS","REGULER","BQ","35.13.20260814.8","10642396","9,000"
"106202","PEPI FIRDAUS","REGULER","BL","35.6.20260815.6","10609796","6,000"
"106202","PEPI FIRDAUS","REGULER","BA","U35.6.20260815.3","10681508","30,000"
"106202","PEPI FIRDAUS","REGULER","BL","35.10.20260816.22","10550391","2,000"
"106202","PEPI FIRDAUS","SPECIAL","BJ","35.4.20260816.36","10596035","50,000"
"106202","PEPI FIRDAUS","REGULER","BI","35.6.20260816.51","10702668","6,000"
"106202","PEPI FIRDAUS","SPECIAL","BF","U35.3.20260816.17","10601781","70,000"
"106202","PEPI FIRDAUS","REGULER","BI","U35.6.20260816.19","10643798","0"
"106202","PEPI FIRDAUS","BOOSTER AGT 2026 - FURNI","BI","U35.6.20260816.19","10523536","30,000"
"106202","PEPI FIRDAUS","BOOSTER AGT 2026 - FURNI","BI","U35.6.20260816.19","10523537","25,000"
"106202","PEPI FIRDAUS","BOOSTER AGT 2026 - FURNI","BI","U35.6.20260816.19","10523538","10,000"
"106202","PEPI FIRDAUS","REGULER","BJ","35.78.20260818.64","10701401","2,000"
"106202","PEPI FIRDAUS","REGULER","BK","35.10.20260821.13","10663747","2,400"
"106202","PEPI FIRDAUS","REGULER","BK","35.10.20260821.13","10664356","2,400"
"106202","PEPI FIRDAUS","SPECIAL","BJ","35.13.20260823.18","","3,000"
"106202","PEPI FIRDAUS","SPECIAL","BJ","35.13.20260823.19","10610084","4,000"
"106202","PEPI FIRDAUS","SPECIAL","BJ","35.13.20260823.29","10676769","30,000"
"106202","PEPI FIRDAUS","REGULER","BG","35.3.20260823.26","10568050","3,000"
"106202","PEPI FIRDAUS","REGULER","BK","35.6.20260823.54","10648277","2,400"
"106202","PEPI FIRDAUS","BOOSTER AGT 2026 - ACCS","BM","U35.6.20260823.5","10657108","50,000"
"106202","PEPI FIRDAUS","SPECIAL","BJ","35.10.20260824.16","10708014","25,000"
"106202","PEPI FIRDAUS","SPECIAL","BJ","35.10.20260824.16","10602642","10,000"
"106202","PEPI FIRDAUS","REGULER","BQ","35.4.20260824.10","10642398","9,000"
"106202","PEPI FIRDAUS","SPECIAL","BJ","35.4.20260824.11","10572386","5,000"
"106202","PEPI FIRDAUS","REGULER","BJ","35.4.20260824.16","10701401","5,000"
"106202","PEPI FIRDAUS","REGULER","BJ","35.4.20260824.6","10603622","7,000"
"106202","PEPI FIRDAUS","SPECIAL","BJ","35.78.20260824.26","10560145","3,000"
"106202","PEPI FIRDAUS","SPECIAL","BJ","35.78.20260824.26","10560144","3,000"
"106202","PEPI FIRDAUS","SPECIAL","BJ","35.78.20260824.26","10560143","3,000"
"106202","PEPI FIRDAUS","REGULER","BN","35.78.20260824.27","10686584","3,000"
"106202","PEPI FIRDAUS","SPECIAL","BJ","35.78.20260824.30","10666982","2,000"
"106202","PEPI FIRDAUS","REGULER","BM","35.78.20260824.31","10102966","3,000"
"106202","PEPI FIRDAUS","REGULER","BM","35.78.20260824.34","10493989","2,000"
"106202","PEPI FIRDAUS","REGULER","BM","35.78.20260824.37","10467125","2,000"
"106202","PEPI FIRDAUS","REGULER","BN","35.78.20260824.43","10688658","3,000"
"106202","PEPI FIRDAUS","REGULER","BN","35.78.20260824.47","10612063","1,000"
"106202","PEPI FIRDAUS","REGULER","BM","35.78.20260824.48","10161037","4,000"
"106202","PEPI FIRDAUS","REGULER","BM","35.78.20260824.49","10132201","2,000"
"106202","PEPI FIRDAUS","REGULER","BM","35.78.20260824.51","10161037","14,000"
"106202","PEPI FIRDAUS","BOOSTER AGT 2026 - ACCS","BM","35.78.20260824.51","10161037","50,000"
"106202","PEPI FIRDAUS","REGULER","BL","35.10.20260826.14","10698329","16,000"
"106202","PEPI FIRDAUS","REGULER","BL","35.10.20260826.14","10457021","7,000"
"106202","PEPI FIRDAUS","REGULER","BL","35.10.20260826.14","10457017","6,000"
"106202","PEPI FIRDAUS","BOOSTER AGT 2026 - ACCS","BL","35.10.20260826.14","10457017",""
"106202","PEPI FIRDAUS","BOOSTER AGT 2026 - ACCS","BL","35.10.20260826.14","10457021",""
"106202","PEPI FIRDAUS","BOOSTER AGT 2026 - ACCS","BL","35.10.20260826.14","10698329",""
"106202","PEPI FIRDAUS","REGULER","BK","35.10.20260826.21","10664353","3,600"
"106202","PEPI FIRDAUS","REGULER","BK","35.10.20260826.21","10684066","3,600"
"106202","PEPI FIRDAUS","REGULER","BK","35.10.20260826.21","10631382","3,600"
"106202","PEPI FIRDAUS","BOOSTER AGT 2026 - ACCS","BK","35.10.20260826.21","10208866",""
"106202","PEPI FIRDAUS","BOOSTER AGT 2026 - ACCS","BK","35.10.20260826.21","10520530",""
"106202","PEPI FIRDAUS","BOOSTER AGT 2026 - ACCS","BK","35.10.20260826.21","10520532",""
"106202","PEPI FIRDAUS","BOOSTER AGT 2026 - ACCS","BK","35.10.20260826.21","10567261",""
"106202","PEPI FIRDAUS","BOOSTER AGT 2026 - ACCS","BK","35.10.20260826.21","10631382",""
"106202","PEPI FIRDAUS","BOOSTER AGT 2026 - ACCS","BK","35.10.20260826.21","10664244",""
"106202","PEPI FIRDAUS","BOOSTER AGT 2026 - ACCS","BK","35.10.20260826.21","10664353",""
"106202","PEPI FIRDAUS","BOOSTER AGT 2026 - ACCS","BK","35.10.20260826.21","10670592",""
"106202","PEPI FIRDAUS","BOOSTER AGT 2026 - ACCS","BK","35.10.20260826.21","10674946",""
"106202","PEPI FIRDAUS","BOOSTER AGT 2026 - ACCS","BK","35.10.20260826.21","10684066",""
"106202","PEPI FIRDAUS","BOOSTER AGT 2026 - ACCS","BK","35.10.20260826.21","",""
"106202","PEPI FIRDAUS","REGULER","BM","35.78.20260826.80","10593569","2,000"
"106202","PEPI FIRDAUS","REGULER","BF","U35.6.20260826.7","10602899","15,000"
"106202","PEPI FIRDAUS","REGULER","BH","U35.6.20260826.7","10635789","30,000"
"106202","PEPI FIRDAUS","REGULER","BF","U35.6.20260826.7","10602894","10,000"
"106202","PEPI FIRDAUS","REGULER","BI","35.13.20260827.16","","2,400"
"106202","PEPI FIRDAUS","SPECIAL","BJ","35.13.20260827.17","10603218","75,000"
"106202","PEPI FIRDAUS","SPECIAL","BJ","35.13.20260827.18","10614672","75,000"
"106202","PEPI FIRDAUS","SPECIAL","BJ","35.13.20260827.20","10602648","10,000"
"106202","PEPI FIRDAUS","REGULER","BD","U35.13.20260827.8","10181760","35,000"
"106202","PEPI FIRDAUS","SPECIAL","BG","U35.13.20260827.8","10313051","280,000"
"106202","PEPI FIRDAUS","BOOSTER AGT 2026 - FURNI","BG","U35.13.20260827.8","10313051","50,000"
"106202","PEPI FIRDAUS","REGULER","BI","35.13.20260829.12","","1,200"
"106202","PEPI FIRDAUS","SPECIAL","BJ","35.13.20260829.13","","3,000"
"106202","PEPI FIRDAUS","SPECIAL","BJ","35.13.20260829.13","10610077","4,000"
"106202","PEPI FIRDAUS","REGULER","BE","U35.4.20260829.11","10585222","20,000"
"106202","PEPI FIRDAUS","REGULER","BQ","35.8.20260831.24","10588646","20,000"
"106202","PEPI FIRDAUS","REGULER","BI","U35.4.20260831.5","","15,600"
"106202","PEPI FIRDAUS","REGULER","BI","U35.4.20260831.5","","30,000"
"184962","RAHMAT HIDAYAT","KHUSUS - JULI 2026","BA","35.7.20260707.14","10446861","15,131"
"184962","RAHMAT HIDAYAT","KHUSUS - JULI 2026","BA","U35.10.20260718.10","10664546","54,045"
"184962","RAHMAT HIDAYAT","KHUSUS - JULI 2026","BA","U35.10.20260718.10","10664547","54,045"
"184962","RAHMAT HIDAYAT","KHUSUS - JULI 2026","BA","U35.10.20260718.10","10664549","54,045"
"184962","RAHMAT HIDAYAT","KHUSUS - JULI 2026","BA","U35.6.20260719.13","10321710","108,095"
"184962","RAHMAT HIDAYAT","REGULER","BM","35.8.20260801.58","10423516","4,000"
"184962","RAHMAT HIDAYAT","REGULER","BK","35.8.20260801.58","10454244","0"
"184962","RAHMAT HIDAYAT","REGULER","BO","35.3.20260802.37","10599270","1,000"
"184962","RAHMAT HIDAYAT","REGULER","BJ","35.4.20260802.14","10664236","4,000"
"184962","RAHMAT HIDAYAT","REGULER","BD","35.4.20260802.14","10587666","1,000"
"184962","RAHMAT HIDAYAT","SPECIAL","BJ","35.4.20260802.7","10643626","30,000"
"184962","RAHMAT HIDAYAT","REGULER","BR","U35.3.20260802.20","10593926","16,500"
"184962","RAHMAT HIDAYAT","REGULER","BD","U35.3.20260802.20","10425284","1,000"
"184962","RAHMAT HIDAYAT","REGULER","BR","U35.3.20260802.20","10593928","15,000"
"184962","RAHMAT HIDAYAT","REGULER","BA","U35.6.20260802.14","10431068","70,000"
"184962","RAHMAT HIDAYAT","REGULER","BA","U35.6.20260802.14","10431067","0"
"184962","RAHMAT HIDAYAT","REGULER","BM","35.6.20260804.3","10594887","5,000"
"184962","RAHMAT HIDAYAT","BOOSTER AGT 2026 - ACCS","BM","35.6.20260804.3","10015857",""
"184962","RAHMAT HIDAYAT","BOOSTER AGT 2026 - ACCS","BM","35.6.20260804.3","10594887",""
"184962","RAHMAT HIDAYAT","REGULER","BK","35.8.20260804.8","10641838","6,000"
"184962","RAHMAT HIDAYAT","BOOSTER AGT 2026 - ACCS","BK","35.8.20260804.8","10595942",""
"184962","RAHMAT HIDAYAT","BOOSTER AGT 2026 - ACCS","BK","35.8.20260804.8","10595944",""
"184962","RAHMAT HIDAYAT","BOOSTER AGT 2026 - ACCS","BK","35.8.20260804.8","10595945",""
"184962","RAHMAT HIDAYAT","BOOSTER AGT 2026 - ACCS","BK","35.8.20260804.8","10641838",""
"184962","RAHMAT HIDAYAT","REGULER","BK","U35.8.20260804.6","10699148","4,800"
"184962","RAHMAT HIDAYAT","KHUSUS","BA","U35.8.20260805.3","10553775","45,036"
"184962","RAHMAT HIDAYAT","SPECIAL","BJ","35.10.20260808.18","10559843","8,000"
"184962","RAHMAT HIDAYAT","SPECIAL","BJ","35.10.20260808.18","10560071","9,000"
"184962","RAHMAT HIDAYAT","SPECIAL","BJ","35.10.20260808.18","10559847","8,000"
"184962","RAHMAT HIDAYAT","SPECIAL","BJ","35.10.20260808.18","10560068","9,000"
"184962","RAHMAT HIDAYAT","BOOSTER AGT 2026 - ACCS","BK","35.10.20260808.18","",""
"184962","RAHMAT HIDAYAT","BOOSTER AGT 2026 - ACCS","BK","35.10.20260808.18","","1,403"
"184962","RAHMAT HIDAYAT","BOOSTER AGT 2026 - ACCS","BK","35.10.20260808.18","",""
"184962","RAHMAT HIDAYAT","BOOSTER AGT 2026 - ACCS","BK","35.10.20260808.18","",""
"184962","RAHMAT HIDAYAT","KHUSUS","BA","U35.8.20260808.26","10719948","267,554"
"184962","RAHMAT HIDAYAT","REGULER","BL","35.6.20260809.26","10490476","3,000"
"184962","RAHMAT HIDAYAT","REGULER","BL","35.6.20260809.26","10490472","2,000"
"184962","RAHMAT HIDAYAT","REGULER","BB","U35.10.20260809.5","10186184","20,000"
"184962","RAHMAT HIDAYAT","REGULER","BC","U35.10.20260809.5","10663090","55,000"
"184962","RAHMAT HIDAYAT","REGULER","BA","U35.10.20260810.2","10708336","55,000"
"184962","RAHMAT HIDAYAT","SPECIAL","BL","U35.10.20260810.3","10625053","20,000"
"184962","RAHMAT HIDAYAT","SPECIAL","BL","U35.10.20260810.3","10633455","20,000"
"184962","RAHMAT HIDAYAT","BOOSTER AGT 2026 - ACCS","BL","U35.10.20260810.3","10625053","25,000"
"184962","RAHMAT HIDAYAT","BOOSTER AGT 2026 - ACCS","BL","U35.10.20260810.3","10633455","50,000"
"184962","RAHMAT HIDAYAT","REGULER","BA","U35.10.20260811.6","10511955","0"
"184962","RAHMAT HIDAYAT","KHUSUS","BA","U35.10.20260811.6","10691159","735,120"
"184962","RAHMAT HIDAYAT","REGULER","BK","35.10.20260812.1","10547588","2,400"
"184962","RAHMAT HIDAYAT","KHUSUS","BB","35.10.20260812.1","10443581","16,072"
"184962","RAHMAT HIDAYAT","REGULER","BB","U35.8.20260812.2","10568824","12,000"
"184962","RAHMAT HIDAYAT","REGULER","BB","U35.8.20260812.2","10291189","20,000"
"184962","RAHMAT HIDAYAT","KHUSUS","BA","U35.7.20260813.8","10708338","513,486"
"184962","RAHMAT HIDAYAT","REGULER","BK","35.10.20260815.39","10490279","2,400"
"184962","RAHMAT HIDAYAT","REGULER","BK","35.10.20260815.39","10631381","3,600"
"184962","RAHMAT HIDAYAT","REGULER","BL","35.6.20260815.11","10680483","3,000"
"184962","RAHMAT HIDAYAT","REGULER","BK","35.8.20260815.11","10453979","0"
"184962","RAHMAT HIDAYAT","REGULER","BM","35.8.20260815.36","10132201","2,000"
"184962","RAHMAT HIDAYAT","REGULER","BM","35.10.20260816.19","10595794","2,000"
"184962","RAHMAT HIDAYAT","REGULER","BK","35.6.20260816.14","10664543","1,200"
"184962","RAHMAT HIDAYAT","REGULER","BM","35.6.20260816.54","10595794","2,000"
"184962","RAHMAT HIDAYAT","REGULER","BM","35.78.20260816.13","10423516","4,000"
"184962","RAHMAT HIDAYAT","SPECIAL","BN","35.78.20260816.17","10567959","8,000"
"184962","RAHMAT HIDAYAT","REGULER","BN","35.78.20260816.20","10624762","3,000"
"184962","RAHMAT HIDAYAT","REGULER","BL","35.78.20260816.21","10680482","3,000"
"184962","RAHMAT HIDAYAT","REGULER","BM","35.78.20260816.24","10523859","2,000"
"184962","RAHMAT HIDAYAT","REGULER","BN","35.78.20260816.33","10550646","1,000"
"184962","RAHMAT HIDAYAT","SPECIAL","BN","35.78.20260816.34","10485965","5,000"
"184962","RAHMAT HIDAYAT","REGULER","BM","35.78.20260816.36","10659341","4,000"
"184962","RAHMAT HIDAYAT","SPECIAL","BJ","35.78.20260816.39","10676764","30,000"
"184962","RAHMAT HIDAYAT","REGULER","BM","35.78.20260816.41","10229516","2,000"
"184962","RAHMAT HIDAYAT","REGULER","BO","35.78.20260816.42","10644514","1,000"
"184962","RAHMAT HIDAYAT","SPECIAL","BJ","35.8.20260816.28","10166916","10,000"
"184962","RAHMAT HIDAYAT","SPECIAL","BJ","35.3.20260818.11","10559840","8,000"
"184962","RAHMAT HIDAYAT","SPECIAL","BJ","35.3.20260818.11","10559848","8,000"
"184962","RAHMAT HIDAYAT","SPECIAL","BJ","35.3.20260818.11","10572350","14,000"
"184962","RAHMAT HIDAYAT","REGULER","BK","35.10.20260819.11","10663748","4,800"
"184962","RAHMAT HIDAYAT","REGULER","BK","35.10.20260819.11","10463226","2,400"
"184962","RAHMAT HIDAYAT","BOOSTER AGT 2026 - ACCS","BK","35.10.20260819.11","10463226",""
"184962","RAHMAT HIDAYAT","BOOSTER AGT 2026 - ACCS","BK","35.10.20260819.11","10534571",""
"184962","RAHMAT HIDAYAT","BOOSTER AGT 2026 - ACCS","BK","35.10.20260819.11","10534574",""
"184962","RAHMAT HIDAYAT","BOOSTER AGT 2026 - ACCS","BK","35.10.20260819.11","10534575",""
"184962","RAHMAT HIDAYAT","BOOSTER AGT 2026 - ACCS","BK","35.10.20260819.11","10534584",""
"184962","RAHMAT HIDAYAT","BOOSTER AGT 2026 - ACCS","BK","35.10.20260819.11","10595943",""
"184962","RAHMAT HIDAYAT","BOOSTER AGT 2026 - ACCS","BK","35.10.20260819.11","10600538",""
"184962","RAHMAT HIDAYAT","BOOSTER AGT 2026 - ACCS","BK","35.10.20260819.11","10663748",""
"184962","RAHMAT HIDAYAT","BOOSTER AGT 2026 - ACCS","BK","35.10.20260819.11","",""
"184962","RAHMAT HIDAYAT","REGULER","BK","35.3.20260819.3","10589706","12,000"
"184962","RAHMAT HIDAYAT","BOOSTER AGT 2026 - ACCS","BK","35.3.20260819.3","10589706","25,000"
"184962","RAHMAT HIDAYAT","REGULER","BI","35.4.20260819.3","10569972","2,400"
"184962","RAHMAT HIDAYAT","REGULER","BI","35.4.20260819.3","10569969","1,200"
"184962","RAHMAT HIDAYAT","REGULER","BI","35.4.20260819.3","10569971","2,400"
"184962","RAHMAT HIDAYAT","REGULER","BL","35.78.20260819.12","10588631","5,000"
"184962","RAHMAT HIDAYAT","REGULER","BJ","35.78.20260819.2","10695147","8,000"
"184962","RAHMAT HIDAYAT","REGULER","BL","35.78.20260819.23","10550394","3,000"
"184962","RAHMAT HIDAYAT","SPECIAL","BJ","35.78.20260819.3","10602644","10,000"
"184962","RAHMAT HIDAYAT","SPECIAL","BN","35.78.20260819.39","10485966","5,000"
"184962","RAHMAT HIDAYAT","REGULER","BN","35.78.20260819.42","10612063","1,000"
"184962","RAHMAT HIDAYAT","REGULER","BI","35.78.20260819.43","10679354","1,200"
"184962","RAHMAT HIDAYAT","SPECIAL","BL","35.78.20260819.51","10501856","20,000"
"184962","RAHMAT HIDAYAT","BOOSTER AGT 2026 - ACCS","BL","35.78.20260819.51","10501856","50,000"
"184962","RAHMAT HIDAYAT","REGULER","BM","35.78.20260819.52","10657103","2,000"
"184962","RAHMAT HIDAYAT","REGULER","BM","35.78.20260819.64","10659342","2,000"
"184962","RAHMAT HIDAYAT","REGULER","BD","U35.6.20260825.3","10098051","190,000"
"184962","RAHMAT HIDAYAT","SPECIAL","BD","U35.6.20260825.3","10445932","400,000"
"184962","RAHMAT HIDAYAT","BOOSTER AGT 2026 - FURNI","BD","U35.6.20260825.3","10445932","100,000"
"184962","RAHMAT HIDAYAT","SPECIAL","BN","35.7.20260829.20","10624351","5,000"
"184962","RAHMAT HIDAYAT","REGULER","BB","U35.3.20260829.4","10664159","25,000"
"184962","RAHMAT HIDAYAT","REGULER","BB","U35.7.20260829.8","10088683","30,000"
"165513","MOH FARHAN NURRAHMAN","KHUSUS - JULI 2026","BA","U35.6.20260705.16","10664545","47,064"
"165513","MOH FARHAN NURRAHMAN","KHUSUS - JULI 2026","BA","U35.6.20260705.16","10664549","47,064"
"165513","MOH FARHAN NURRAHMAN","REGULER","BL","35.10.20260801.2","10483292","1,000"
"165513","MOH FARHAN NURRAHMAN","REGULER","BK","35.10.20260801.2","10567514","3,600"
"165513","MOH FARHAN NURRAHMAN","REGULER","BK","35.10.20260801.2","10567515","3,600"
"165513","MOH FARHAN NURRAHMAN","BOOSTER AGT 2026 - ACCS","BK","35.10.20260801.2","10567514","12,500"
"165513","MOH FARHAN NURRAHMAN","BOOSTER AGT 2026 - ACCS","BK","35.10.20260801.2","10567515","12,500"
"165513","MOH FARHAN NURRAHMAN","SPECIAL","BJ","35.13.20260801.14","10689140","30,000"
"165513","MOH FARHAN NURRAHMAN","REGULER","BL","35.6.20260802.29","10515706","1,000"
"165513","MOH FARHAN NURRAHMAN","REGULER","BK","35.6.20260802.47","10600992","9,600"
"165513","MOH FARHAN NURRAHMAN","REGULER","BK","35.6.20260802.47","10600999","9,600"
"165513","MOH FARHAN NURRAHMAN","REGULER","BK","35.6.20260802.47","10600997","13,200"
"165513","MOH FARHAN NURRAHMAN","BOOSTER AGT 2026 - ACCS","BK","35.6.20260802.47","10600992",""
"165513","MOH FARHAN NURRAHMAN","BOOSTER AGT 2026 - ACCS","BK","35.6.20260802.47","10600997",""
"165513","MOH FARHAN NURRAHMAN","BOOSTER AGT 2026 - ACCS","BK","35.6.20260802.47","10600999",""
"165513","MOH FARHAN NURRAHMAN","REGULER","BO","35.6.20260802.5","10206824","18,000"
"165513","MOH FARHAN NURRAHMAN","BOOSTER AGT 2026 - ACCS","BO","35.6.20260802.5","10206824","30,000"
"165513","MOH FARHAN NURRAHMAN","REGULER","BL","35.8.20260802.13","10701499","11,000"
"165513","MOH FARHAN NURRAHMAN","BOOSTER AGT 2026 - ACCS","BL","35.8.20260802.13","10701499","25,000"
"165513","MOH FARHAN NURRAHMAN","REGULER","BF","U35.7.20260805.1","10544651","15,000"
"165513","MOH FARHAN NURRAHMAN","REGULER","BB","U35.7.20260805.1","10602602","9,000"
"165513","MOH FARHAN NURRAHMAN","REGULER","BB","U35.7.20260805.1","10208194","10,000"
"165513","MOH FARHAN NURRAHMAN","REGULER","BB","U35.7.20260805.1","10571022","11,000"
"165513","MOH FARHAN NURRAHMAN","REGULER","BF","U35.7.20260805.1","10518673","18,000"
"165513","MOH FARHAN NURRAHMAN","REGULER","BB","U35.7.20260805.1","10208195","7,000"
"165513","MOH FARHAN NURRAHMAN","SPECIAL","BD","U35.7.20260805.1","10504443","100,000"
"165513","MOH FARHAN NURRAHMAN","SPECIAL","BF","U35.7.20260805.1","10605626","150,000"
"165513","MOH FARHAN NURRAHMAN","BOOSTER AGT 2026 - FURNI","BF","U35.7.20260805.1","10532453","50,000"
"165513","MOH FARHAN NURRAHMAN","REGULER","BL","35.8.20260808.23","10496339","1,000"
"165513","MOH FARHAN NURRAHMAN","REGULER","BA","U35.6.20260810.2","10664315","35,000"
"165513","MOH FARHAN NURRAHMAN","REGULER","BN","35.7.20260811.1","10688658","3,000"
"165513","MOH FARHAN NURRAHMAN","REGULER","BI","35.4.20260814.2","","4,800"
"165513","MOH FARHAN NURRAHMAN","REGULER","BI","35.4.20260814.2","","2,400"
"165513","MOH FARHAN NURRAHMAN","REGULER","BI","35.4.20260814.2","10419571","1,200"
"165513","MOH FARHAN NURRAHMAN","REGULER","BL","35.7.20260814.14","10588632","4,000"
"165513","MOH FARHAN NURRAHMAN","REGULER","BN","35.7.20260814.14","10562404","3,000"
"165513","MOH FARHAN NURRAHMAN","REGULER","BN","35.7.20260814.14","10198897","3,000"
"165513","MOH FARHAN NURRAHMAN","REGULER","BM","35.7.20260814.14","10568181","2,000"
"165513","MOH FARHAN NURRAHMAN","REGULER","BL","35.7.20260814.14","10694063","3,000"
"165513","MOH FARHAN NURRAHMAN","REGULER","BM","35.7.20260814.14","10021016","2,000"
"165513","MOH FARHAN NURRAHMAN","BOOSTER AGT 2026 - ACCS","BL","35.7.20260814.14","10588632",""
"165513","MOH FARHAN NURRAHMAN","BOOSTER AGT 2026 - ACCS","BL","35.7.20260814.14","10694063",""
"165513","MOH FARHAN NURRAHMAN","BOOSTER AGT 2026 - ACCS","BL","35.7.20260814.14","10701488",""
"165513","MOH FARHAN NURRAHMAN","REGULER","BM","35.8.20260814.1","10593569","2,000"
"165513","MOH FARHAN NURRAHMAN","REGULER","BK","35.8.20260814.1","10491814","2,400"
"165513","MOH FARHAN NURRAHMAN","REGULER","BL","35.8.20260814.1","10457018","6,000"
"165513","MOH FARHAN NURRAHMAN","SPECIAL","BL","35.8.20260814.1","10571376","50,000"
"165513","MOH FARHAN NURRAHMAN","BOOSTER AGT 2026 - ACCS","BK","35.8.20260814.1","10491814",""
"165513","MOH FARHAN NURRAHMAN","BOOSTER AGT 2026 - ACCS","BK","35.8.20260814.1","10580757",""
"165513","MOH FARHAN NURRAHMAN","BOOSTER AGT 2026 - ACCS","BK","35.8.20260814.1","10618061",""
"165513","MOH FARHAN NURRAHMAN","BOOSTER AGT 2026 - ACCS","BK","35.8.20260814.1","10656083",""
"165513","MOH FARHAN NURRAHMAN","BOOSTER AGT 2026 - ACCS","BK","35.8.20260814.1","",""
"165513","MOH FARHAN NURRAHMAN","BOOSTER AGT 2026 - ACCS","BK","35.8.20260814.1","",""
"165513","MOH FARHAN NURRAHMAN","BOOSTER AGT 2026 - ACCS","BK","35.8.20260814.1","",""
"165513","MOH FARHAN NURRAHMAN","BOOSTER AGT 2026 - ACCS","BL","35.8.20260814.1","10457018",""
"165513","MOH FARHAN NURRAHMAN","BOOSTER AGT 2026 - ACCS","BL","35.8.20260814.1","10571376",""
"165513","MOH FARHAN NURRAHMAN","REGULER","BP","35.4.20260815.1","10098317","14,400"
"165513","MOH FARHAN NURRAHMAN","REGULER","BH","U35.10.20260815.10","10524200","30,000"
"165513","MOH FARHAN NURRAHMAN","REGULER","BK","U35.10.20260815.10","10435239","30,000"
"165513","MOH FARHAN NURRAHMAN","SPECIAL","BL","U35.10.20260815.10","10673017","50,000"
"165513","MOH FARHAN NURRAHMAN","SPECIAL","BL","U35.10.20260815.10","10694053","110,000"
"165513","MOH FARHAN NURRAHMAN","BOOSTER AGT 2026 - ACCS","BK","U35.10.20260815.10","10435239","75,000"
"165513","MOH FARHAN NURRAHMAN","BOOSTER AGT 2026 - ACCS","BL","U35.10.20260815.10","10673017",""
"165513","MOH FARHAN NURRAHMAN","BOOSTER AGT 2026 - ACCS","BL","U35.10.20260815.10","10694053",""
"165513","MOH FARHAN NURRAHMAN","BOOSTER AGT 2026 - ACCS","BO","U35.10.20260815.10","10562269","120,000"
"165513","MOH FARHAN NURRAHMAN","REGULER","BF","U35.10.20260815.9","10668691","90,000"
"165513","MOH FARHAN NURRAHMAN","REGULER","BF","U35.10.20260815.9","10640936","20,000"
"165513","MOH FARHAN NURRAHMAN","REGULER","BB","U35.10.20260815.9","10625928","20,000"
"165513","MOH FARHAN NURRAHMAN","KHUSUS","BA","U35.10.20260815.9","10655209","208,804"
"165513","MOH FARHAN NURRAHMAN","KHUSUS","BA","U35.10.20260815.9","10705746","350,081"
"165513","MOH FARHAN NURRAHMAN","SPECIAL","BG","U35.10.20260815.9","10566547","80,000"
"165513","MOH FARHAN NURRAHMAN","SPECIAL","BH","U35.10.20260815.9","10471428","50,000"
"165513","MOH FARHAN NURRAHMAN","SPECIAL","BG","U35.10.20260815.9","10566546","80,000"
"165513","MOH FARHAN NURRAHMAN","SPECIAL","BB","U35.10.20260815.9","10591297","50,000"
"165513","MOH FARHAN NURRAHMAN","SPECIAL","BG","U35.10.20260815.9","10491555","50,000"
"165513","MOH FARHAN NURRAHMAN","SPECIAL","BF","U35.10.20260815.9","10619118","200,000"
"165513","MOH FARHAN NURRAHMAN","BOOSTER AGT 2026 - FURNI","BI","U35.10.20260815.9","10500627","25,000"
"165513","MOH FARHAN NURRAHMAN","BOOSTER AGT 2026 - FURNI","BI","U35.10.20260815.9","10500628","15,000"
"165513","MOH FARHAN NURRAHMAN","BOOSTER AGT 2026 - FURNI","BI","U35.10.20260815.9","10500629","30,000"
"165513","MOH FARHAN NURRAHMAN","REGULER","BK","35.6.20260821.2","10437239","12,000"
"165513","MOH FARHAN NURRAHMAN","REGULER","BK","35.6.20260821.2","10684066","3,600"
"165513","MOH FARHAN NURRAHMAN","BOOSTER AGT 2026 - ACCS","BK","35.6.20260821.2","10437239",""
"165513","MOH FARHAN NURRAHMAN","BOOSTER AGT 2026 - ACCS","BK","35.6.20260821.2","10554248",""
"165513","MOH FARHAN NURRAHMAN","BOOSTER AGT 2026 - ACCS","BK","35.6.20260821.2","10684066",""
"165513","MOH FARHAN NURRAHMAN","REGULER","BL","35.4.20260822.7","10515705","1,000"
"165513","MOH FARHAN NURRAHMAN","REGULER","BK","35.4.20260822.7","10614148","2,400"
"165513","MOH FARHAN NURRAHMAN","REGULER","BL","35.8.20260822.20","10220500","7,000"
"165513","MOH FARHAN NURRAHMAN","BOOSTER AGT 2026 - ACCS","BL","35.8.20260822.20","10220500","25,000"
"165513","MOH FARHAN NURRAHMAN","REGULER","BK","35.8.20260824.13","10192119","2,400"
"165513","MOH FARHAN NURRAHMAN","REGULER","BK","35.8.20260824.13","10212798","2,400"
"165513","MOH FARHAN NURRAHMAN","BOOSTER AGT 2026 - ACCS","BK","35.8.20260824.13","10192119",""
"165513","MOH FARHAN NURRAHMAN","BOOSTER AGT 2026 - ACCS","BK","35.8.20260824.13","10212798",""
"165513","MOH FARHAN NURRAHMAN","BOOSTER AGT 2026 - ACCS","BK","35.8.20260824.13","10595945",""
"165513","MOH FARHAN NURRAHMAN","BOOSTER AGT 2026 - ACCS","BK","35.8.20260824.13","",""
"165513","MOH FARHAN NURRAHMAN","BOOSTER AGT 2026 - ACCS","BK","35.8.20260824.13","",""
"165513","MOH FARHAN NURRAHMAN","BOOSTER AGT 2026 - ACCS","BK","35.8.20260824.13","",""
"165513","MOH FARHAN NURRAHMAN","BOOSTER AGT 2026 - ACCS","BK","35.8.20260824.13","",""
"165513","MOH FARHAN NURRAHMAN","SPECIAL","BJ","35.4.20260825.35","10572035","10,000"
"165513","MOH FARHAN NURRAHMAN","SPECIAL","BJ","35.4.20260825.35","10572384","8,000"
"165513","MOH FARHAN NURRAHMAN","SPECIAL","BJ","35.4.20260825.35","10572390","8,000"
"165513","MOH FARHAN NURRAHMAN","SPECIAL","BJ","35.4.20260825.35","10572377","4,000"
"165513","MOH FARHAN NURRAHMAN","SPECIAL","BJ","35.4.20260825.35","10572383","4,000"
"165513","MOH FARHAN NURRAHMAN","SPECIAL","BJ","35.4.20260825.35","10572017","10,000"
"165513","MOH FARHAN NURRAHMAN","SPECIAL","BJ","35.4.20260825.35","10572356","11,000"
"165513","MOH FARHAN NURRAHMAN","REGULER","BL","35.78.20260825.35","10488928","6,000"
"165513","MOH FARHAN NURRAHMAN","REGULER","BB","U35.7.20260825.3","10656094","25,000"
"165513","MOH FARHAN NURRAHMAN","REGULER","BR","U35.6.20260828.4","10646353","45,000"
"165513","MOH FARHAN NURRAHMAN","REGULER","BP","U35.6.20260828.4","10590531","48,000"
"165513","MOH FARHAN NURRAHMAN","REGULER","BR","U35.6.20260828.4","10625090","67,500"
"165513","MOH FARHAN NURRAHMAN","REGULER","BN","35.8.20260829.8","10513424","4,000"
"165513","MOH FARHAN NURRAHMAN","SPECIAL","BN","35.8.20260829.8","10513423","30,000"
"165513","MOH FARHAN NURRAHMAN","REGULER","BN","35.8.20260829.9","10513424","4,000"
"165513","MOH FARHAN NURRAHMAN","SPECIAL","BJ","35.10.20260830.35","10708011","25,000"
"165513","MOH FARHAN NURRAHMAN","REGULER","BK","35.6.20260830.41","10452867","18,000"
"165513","MOH FARHAN NURRAHMAN","BOOSTER AGT 2026 - ACCS","BK","35.6.20260830.41","10452867","50,000"
"165513","MOH FARHAN NURRAHMAN","REGULER","BL","35.6.20260830.52","10471332","4,000"
"165513","MOH FARHAN NURRAHMAN","REGULER","BK","35.6.20260830.58","10699146","4,800"
"176651","NIA AULINA","KHUSUS - JULI 2026","BA","U35.10.20260705.19","10433876","95,477"
"176651","NIA AULINA","KHUSUS - JULI 2026","BA","U35.6.20260712.10","10590402","566,651"
"176651","NIA AULINA","KHUSUS - JULI 2026","BA","U35.6.20260718.1","10553775","45,036"
"176651","NIA AULINA","SPECIAL","BJ","35.4.20260801.26","10596035","50,000"
"176651","NIA AULINA","REGULER","BL","35.6.20260801.8","10609795","6,000"
"176651","NIA AULINA","REGULER","BI","35.7.20260801.30","10705768","3,600"
"176651","NIA AULINA","BOOSTER AGT 2026 - FURNI","BI","U35.13.20260801.21","10619113","10,000"
"176651","NIA AULINA","BOOSTER AGT 2026 - FURNI","BI","U35.13.20260801.21","10619114","25,000"
"176651","NIA AULINA","BOOSTER AGT 2026 - FURNI","BI","U35.13.20260801.21","10624407","30,000"
"176651","NIA AULINA","BOOSTER AGT 2026 - FURNI","BI","U35.13.20260801.21","10675356","10,000"
"176651","NIA AULINA","REGULER","BP","U35.6.20260801.2","10471878","30,000"
"176651","NIA AULINA","SPECIAL","BF","U35.6.20260801.2","10708980","25,000"
"176651","NIA AULINA","REGULER","BI","U35.7.20260801.4","10578896","54,000"
"176651","NIA AULINA","REGULER","BM","35.10.20260802.37","10216754","3,000"
"176651","NIA AULINA","REGULER","BM","35.10.20260802.37","10106681","1,000"
"176651","NIA AULINA","SPECIAL","BJ","35.10.20260802.37","10572388","4,000"
"176651","NIA AULINA","SPECIAL","BJ","35.10.20260802.37","10572380","4,000"
"176651","NIA AULINA","SPECIAL","BJ","35.10.20260802.37","10572381","4,000"
"176651","NIA AULINA","SPECIAL","BJ","35.10.20260802.37","10572387","4,000"
"176651","NIA AULINA","BOOSTER AGT 2026 - ACCS","DD","35.10.20260802.37","10578277","15,000"
"176651","NIA AULINA","BOOSTER AGT 2026 - ACCS","DD","35.10.20260802.37","10578278","15,000"
"176651","NIA AULINA","REGULER","BM","35.4.20260802.38","10659343","1,000"
"176651","NIA AULINA","SPECIAL","BJ","35.4.20260802.45","","3,000"
"176651","NIA AULINA","SPECIAL","BL","35.8.20260802.5","10673023","140,000"
"176651","NIA AULINA","BOOSTER AGT 2026 - ACCS","BL","35.8.20260802.5","10673023","175,000"
"176651","NIA AULINA","SPECIAL","BJ","35.13.20260803.6","10188210","10,000"
"176651","NIA AULINA","REGULER","BL","35.6.20260806.25","10655621","18,000"
"176651","NIA AULINA","BOOSTER AGT 2026 - ACCS","BL","35.6.20260806.25","10655621","50,000"
"176651","NIA AULINA","REGULER","BR","U35.4.20260806.7","10686593","30,000"
"176651","NIA AULINA","REGULER","BB","U35.4.20260806.7","10625928","20,000"
"176651","NIA AULINA","REGULER","BB","U35.7.20260808.6","10573844","7,000"
"176651","NIA AULINA","REGULER","BK","35.6.20260810.2","10707253","24,000"
"176651","NIA AULINA","REGULER","BJ","35.6.20260810.2","10712347","8,000"
"176651","NIA AULINA","REGULER","BK","35.6.20260810.2","10467896","3,600"
"176651","NIA AULINA","REGULER","BK","35.6.20260810.2","10608584","10,800"
"176651","NIA AULINA","REGULER","BI","35.6.20260810.2","10679248","1,200"
"176651","NIA AULINA","BOOSTER AGT 2026 - ACCS","BK","35.6.20260810.2","10467896",""
"176651","NIA AULINA","BOOSTER AGT 2026 - ACCS","BK","35.6.20260810.2","10568694",""
"176651","NIA AULINA","BOOSTER AGT 2026 - ACCS","BK","35.6.20260810.2","10568695",""
"176651","NIA AULINA","BOOSTER AGT 2026 - ACCS","BK","35.6.20260810.2","10568696",""
"176651","NIA AULINA","BOOSTER AGT 2026 - ACCS","BK","35.6.20260810.2","10568697",""
"176651","NIA AULINA","BOOSTER AGT 2026 - ACCS","BK","35.6.20260810.2","10568698",""
"176651","NIA AULINA","BOOSTER AGT 2026 - ACCS","BK","35.6.20260810.2","10568699",""
"176651","NIA AULINA","BOOSTER AGT 2026 - ACCS","BK","35.6.20260810.2","10608584",""
"176651","NIA AULINA","BOOSTER AGT 2026 - ACCS","BK","35.6.20260810.2","10618062",""
"176651","NIA AULINA","BOOSTER AGT 2026 - ACCS","BK","35.6.20260810.2","10707253",""
"176651","NIA AULINA","BOOSTER AGT 2026 - ACCS","BM","35.6.20260810.2","10555902",""
"176651","NIA AULINA","BOOSTER AGT 2026 - ACCS","BM","35.6.20260810.2","10569958",""
"176651","NIA AULINA","BOOSTER AGT 2026 - ACCS","BM","35.6.20260810.2","10570279",""
"176651","NIA AULINA","BOOSTER AGT 2026 - ACCS","BM","35.6.20260810.2","10570280",""
"176651","NIA AULINA","BOOSTER AGT 2026 - ACCS","BM","35.6.20260810.2","",""
"176651","NIA AULINA","REGULER","BR","U35.13.20260811.7","10472778","142,500"
"176651","NIA AULINA","SPECIAL","BJ","35.4.20260813.11","10661776","3,000"
"176651","NIA AULINA","SPECIAL","BJ","35.4.20260813.11","10661877","8,000"
"176651","NIA AULINA","REGULER","BP","U35.6.20260814.3","10581756","66,000"
"176651","NIA AULINA","REGULER","BQ","U35.6.20260814.3","10548352","70,000"
"176651","NIA AULINA","BOOSTER AGT 2026 - FURNI","BQ","U35.6.20260814.3","10548352","90,000"
"176651","NIA AULINA","SPECIAL","BJ","35.13.20260816.2","10700485","30,000"
"176651","NIA AULINA","SPECIAL","BJ","35.13.20260816.2","","6,000"
"176651","NIA AULINA","SPECIAL","BJ","35.13.20260816.2","10572381","4,000"
"176651","NIA AULINA","SPECIAL","BJ","35.13.20260816.2","10572390","4,000"
"176651","NIA AULINA","SPECIAL","BJ","35.13.20260816.2","10572382","4,000"
"176651","NIA AULINA","SPECIAL","BJ","35.13.20260816.2","10572033","12,000"
"176651","NIA AULINA","SPECIAL","BJ","35.13.20260816.2","10572030","12,000"
"176651","NIA AULINA","SPECIAL","BJ","35.13.20260816.2","","6,000"
"176651","NIA AULINA","SPECIAL","BJ","35.13.20260816.2","10572383","4,000"
"176651","NIA AULINA","SPECIAL","BJ","35.13.20260816.2","10572389","4,000"
"176651","NIA AULINA","SPECIAL","BJ","35.13.20260816.2","10572388","4,000"
"176651","NIA AULINA","SPECIAL","BJ","35.13.20260816.2","10572027","12,000"
"176651","NIA AULINA","SPECIAL","BF","U35.13.20260816.26","10594209","60,000"
"176651","NIA AULINA","REGULER","BG","35.4.20260817.38","10502873","10,000"
"176651","NIA AULINA","REGULER","BM","35.8.20260817.10","10056454","1,000"
"176651","NIA AULINA","REGULER","BP","U35.13.20260817.13","10671359","66,000"
"176651","NIA AULINA","SPECIAL","BJ","35.13.20260819.18","10665230","100,000"
"176651","NIA AULINA","SPECIAL","BJ","35.13.20260819.18","10628989","100,000"
"176651","NIA AULINA","REGULER","BR","U35.13.20260819.13","10565986","105,000"
"176651","NIA AULINA","REGULER","BD","35.6.20260821.5","10612732","1,000"
"176651","NIA AULINA","REGULER","BE","U35.3.20260821.4","10602658","40,000"
"176651","NIA AULINA","SPECIAL","BE","U35.3.20260821.4","10604097","160,000"
"176651","NIA AULINA","REGULER","BO","U35.4.20260821.5","10569268","3,000"
"176651","NIA AULINA","REGULER","BO","U35.4.20260821.5","10569269","3,000"
"176651","NIA AULINA","REGULER","BO","U35.4.20260821.5","10569267","3,000"
"176651","NIA AULINA","BOOSTER AGT 2026 - ACCS","BO","U35.4.20260821.5","10569267","10,000"
"176651","NIA AULINA","BOOSTER AGT 2026 - ACCS","BO","U35.4.20260821.5","10569268","10,000"
"176651","NIA AULINA","BOOSTER AGT 2026 - ACCS","BO","U35.4.20260821.5","10569269","10,000"
"176651","NIA AULINA","REGULER","BG","35.13.20260822.8","10559897","15,000"
"176651","NIA AULINA","SPECIAL","BJ","35.4.20260822.8","10422542","9,000"
"176651","NIA AULINA","SPECIAL","BJ","35.4.20260822.8","10422762","10,000"
"176651","NIA AULINA","REGULER","BR","U35.4.20260822.11","10449843","27,000"
"176651","NIA AULINA","REGULER","BR","U35.4.20260822.11","10625674","112,500"
"176651","NIA AULINA","BOOSTER AGT 2026 - FURNI","BR","U35.4.20260822.11","10625674","170,000"
"176651","NIA AULINA","SPECIAL","BJ","35.4.20260823.33","10568164","4,000"
"176651","NIA AULINA","SPECIAL","BJ","35.4.20260823.33","10560071","9,000"
"176651","NIA AULINA","REGULER","BD","U35.10.20260823.5","10564573","14,000"
"176651","NIA AULINA","REGULER","BD","U35.10.20260823.5","10138337","3,000"
"176651","NIA AULINA","REGULER","BC","U35.13.20260823.10","10628223","55,000"
"176651","NIA AULINA","REGULER","BF","U35.13.20260825.13","10507801","20,000"
"176651","NIA AULINA","REGULER","BF","U35.13.20260825.13","10507809","25,000"
"176651","NIA AULINA","REGULER","BD","U35.4.20260827.8","10696150","35,000"
"176651","NIA AULINA","REGULER","BI","U35.4.20260827.8","10578896","54,000"
"176651","NIA AULINA","REGULER","BD","U35.4.20260827.8","10578761","25,000"
"176651","NIA AULINA","REGULER","BI","U35.4.20260827.9","10657110","4,800"
"176651","NIA AULINA","REGULER","BC","U35.6.20260829.3","10663093","45,000"
"183303","ABIL DURAHMAN","KHUSUS - JULI 2026","BA","U35.10.20260703.7","10632733","386,720"
"183303","ABIL DURAHMAN","REGULER","BM","35.3.20260801.32","10582557","2,000"
"183303","ABIL DURAHMAN","REGULER","BN","35.3.20260801.32","10663850","2,000"
"183303","ABIL DURAHMAN","SPECIAL","BJ","35.4.20260801.13","10213921","10,000"
"183303","ABIL DURAHMAN","SPECIAL","BJ","35.4.20260801.13","10559819","50,000"
"183303","ABIL DURAHMAN","KHUSUS","BB","U35.10.20260801.7","10443581","16,072"
"183303","ABIL DURAHMAN","SPECIAL","BF","U35.10.20260801.7","10568728","100,000"
"183303","ABIL DURAHMAN","SPECIAL","BB","U35.13.20260801.11","10671380","100,000"
"183303","ABIL DURAHMAN","REGULER","BJ","35.13.20260802.48","10664236","4,000"
"183303","ABIL DURAHMAN","SPECIAL","BJ","35.4.20260802.35","10697903","40,000"
"183303","ABIL DURAHMAN","SPECIAL","BJ","35.4.20260802.35","10580410","10,000"
"183303","ABIL DURAHMAN","SPECIAL","BJ","35.4.20260802.36","10572380","5,000"
"183303","ABIL DURAHMAN","SPECIAL","BJ","35.4.20260802.36","10698794","10,000"
"183303","ABIL DURAHMAN","SPECIAL","BJ","35.4.20260802.36","10572387","5,000"
"183303","ABIL DURAHMAN","REGULER","BP","U35.13.20260802.17","10698113","3,600"
"183303","ABIL DURAHMAN","REGULER","BA","U35.13.20260802.9","10681530","60,000"
"183303","ABIL DURAHMAN","REGULER","BF","U35.3.20260804.2","10559400","75,000"
"183303","ABIL DURAHMAN","REGULER","BO","35.4.20260806.8","10570203","1,000"
"183303","ABIL DURAHMAN","REGULER","BM","35.4.20260806.8","10411860","6,000"
"183303","ABIL DURAHMAN","REGULER","BM","35.4.20260806.8","10667596","2,000"
"183303","ABIL DURAHMAN","BOOSTER AGT 2026 - ACCS","BM","35.4.20260806.8","10411860",""
"183303","ABIL DURAHMAN","BOOSTER AGT 2026 - ACCS","BM","35.4.20260806.8","10442068",""
"183303","ABIL DURAHMAN","BOOSTER AGT 2026 - ACCS","BM","35.4.20260806.8","10667596",""
"183303","ABIL DURAHMAN","SPECIAL","BJ","35.13.20260808.14","10597131","4,000"
"183303","ABIL DURAHMAN","REGULER","BM","35.3.20260808.20","10209631","2,000"
"183303","ABIL DURAHMAN","SPECIAL","BJ","35.4.20260808.8","10602643","10,000"
"183303","ABIL DURAHMAN","REGULER","BO","35.13.20260809.14","10666066","1,000"
"183303","ABIL DURAHMAN","REGULER","BI","35.13.20260809.19","10376557","0"
"183303","ABIL DURAHMAN","REGULER","BI","35.13.20260809.19","10376561","0"
"183303","ABIL DURAHMAN","REGULER","BO","35.6.20260809.10","10632605","2,000"
"183303","ABIL DURAHMAN","REGULER","BL","35.6.20260809.10","10495871","1,000"
"183303","ABIL DURAHMAN","REGULER","BO","35.6.20260809.10","10632602","1,000"
"183303","ABIL DURAHMAN","REGULER","BR","U35.13.20260809.10","10589330","30,000"
"183303","ABIL DURAHMAN","REGULER","BI","U35.13.20260809.10","10595440","15,600"
"183303","ABIL DURAHMAN","REGULER","BB","U35.13.20260809.5","10664159","25,000"
"183303","ABIL DURAHMAN","REGULER","BQ","U35.13.20260809.5","10642397","9,000"
"183303","ABIL DURAHMAN","REGULER","BB","U35.4.20260809.20","10618367","19,000"
"183303","ABIL DURAHMAN","SPECIAL","BF","U35.4.20260809.20","10624204","30,000"
"183303","ABIL DURAHMAN","REGULER","BP","U35.6.20260809.2","10549680","22,800"
"183303","ABIL DURAHMAN","REGULER","BK","U35.6.20260809.2","10209141","14,400"
"183303","ABIL DURAHMAN","BOOSTER AGT 2026 - ACCS","BK","U35.6.20260809.2","10209141","25,000"
"183303","ABIL DURAHMAN","REGULER","BB","U35.7.20260809.1","10627727","25,000"
"183303","ABIL DURAHMAN","REGULER","BB","U35.7.20260809.1","10577827","19,000"
"183303","ABIL DURAHMAN","REGULER","BO","35.7.20260812.6","10698133","8,000"
"183303","ABIL DURAHMAN","REGULER","BO","35.7.20260812.6","10506858","0"
"183303","ABIL DURAHMAN","SPECIAL","BJ","35.7.20260812.6","10213922","10,000"
"183303","ABIL DURAHMAN","SPECIAL","BJ","35.7.20260812.6","10572016","11,000"
"183303","ABIL DURAHMAN","SPECIAL","BJ","35.7.20260812.6","10572036","14,000"
"183303","ABIL DURAHMAN","SPECIAL","BJ","35.7.20260812.6","10572384","4,000"
"183303","ABIL DURAHMAN","SPECIAL","BJ","35.7.20260812.6","10572377","4,000"
"183303","ABIL DURAHMAN","BOOSTER AGT 2026 - ACCS","BO","35.7.20260812.6","10506858",""
"183303","ABIL DURAHMAN","BOOSTER AGT 2026 - ACCS","BO","35.7.20260812.6","10698133",""
"183303","ABIL DURAHMAN","REGULER","BQ","U35.13.20260812.1","10666141","14,000"
"183303","ABIL DURAHMAN","KHUSUS","BB","U35.7.20260812.4","10667038","64,315"
"183303","ABIL DURAHMAN","REGULER","BM","35.7.20260814.7","10242350","6,000"
"183303","ABIL DURAHMAN","REGULER","BP","U35.3.20260814.4","10583341","10,800"
"183303","ABIL DURAHMAN","SPECIAL","BF","U35.3.20260814.4","10632059","45,000"
"183303","ABIL DURAHMAN","SPECIAL","BB","U35.3.20260814.4","10676218","30,000"
"183303","ABIL DURAHMAN","SPECIAL","BF","U35.3.20260814.4","10601781","70,000"
"183303","ABIL DURAHMAN","REGULER","BR","35.13.20260815.17","10111814","30,000"
"183303","ABIL DURAHMAN","REGULER","BL","35.8.20260815.21","10503172","13,000"
"183303","ABIL DURAHMAN","BOOSTER AGT 2026 - ACCS","BL","35.8.20260815.21","10503172","25,000"
"183303","ABIL DURAHMAN","KHUSUS","BA","U35.6.20260815.1","10644741","70,261"
"183303","ABIL DURAHMAN","SPECIAL","BF","U35.8.20260815.8","10601782","70,000"
"183303","ABIL DURAHMAN","SPECIAL","BJ","35.4.20260817.22","10560054","9,000"
"183303","ABIL DURAHMAN","SPECIAL","BJ","35.4.20260817.22","10560060","7,000"
"183303","ABIL DURAHMAN","SPECIAL","BJ","35.4.20260817.22","10560072","7,000"
"183303","ABIL DURAHMAN","SPECIAL","BJ","35.4.20260817.40","","2,000"
"183303","ABIL DURAHMAN","BOOSTER AGT 2026 - ACCS","BL","35.6.20260819.6","10077494",""
"183303","ABIL DURAHMAN","BOOSTER AGT 2026 - ACCS","BL","35.6.20260819.6","10257906",""
"183303","ABIL DURAHMAN","BOOSTER AGT 2026 - ACCS","BL","35.6.20260819.6","10676241",""
"183303","ABIL DURAHMAN","BOOSTER AGT 2026 - ACCS","BL","35.6.20260819.6","10676243",""
"183303","ABIL DURAHMAN","REGULER","BP","U35.6.20260819.2","10695616","36,000"
"183303","ABIL DURAHMAN","KHUSUS","BA","U35.6.20260819.2","10695713","141,878"
"183303","ABIL DURAHMAN","BOOSTER AGT 2026 - FURNI","BA","U35.6.20260819.2","10695713","100,000"
"183303","ABIL DURAHMAN","REGULER","BL","35.8.20260821.1","10555945","4,000"
"183303","ABIL DURAHMAN","SPECIAL","BJ","35.10.20260822.17","10572383","4,000"
"183303","ABIL DURAHMAN","SPECIAL","BJ","35.10.20260822.17","10572375","18,000"
"183303","ABIL DURAHMAN","SPECIAL","BJ","35.10.20260822.17","10572034","11,000"
"183303","ABIL DURAHMAN","REGULER","BI","35.6.20260822.7","10705768","3,600"
"183303","ABIL DURAHMAN","REGULER","BL","35.6.20260822.7","10113995","5,000"
"183303","ABIL DURAHMAN","REGULER","BL","35.6.20260822.7","10081545","1,000"
"183303","ABIL DURAHMAN","REGULER","BL","35.6.20260822.7","10648699","3,000"
"183303","ABIL DURAHMAN","REGULER","BL","35.6.20260822.7","10648700","3,000"
"183303","ABIL DURAHMAN","REGULER","BI","35.6.20260822.7","10705770","3,600"
"183303","ABIL DURAHMAN","BOOSTER AGT 2026 - ACCS","BL","35.6.20260822.7","10081545",""
"183303","ABIL DURAHMAN","BOOSTER AGT 2026 - ACCS","BL","35.6.20260822.7","10113995",""
"183303","ABIL DURAHMAN","BOOSTER AGT 2026 - ACCS","BL","35.6.20260822.7","10648699",""
"183303","ABIL DURAHMAN","BOOSTER AGT 2026 - ACCS","BL","35.6.20260822.7","10648700",""
"183303","ABIL DURAHMAN","REGULER","DB","35.6.20260822.9","10571117","7,500"
"183303","ABIL DURAHMAN","REGULER","BI","35.6.20260822.9","10705771","3,600"
"183303","ABIL DURAHMAN","REGULER","BL","U35.6.20260822.1","10588632","4,000"
"183303","ABIL DURAHMAN","SPECIAL","BN","U35.6.20260822.1","10566454","20,000"
"183303","ABIL DURAHMAN","BOOSTER AGT 2026 - FURNI","BI","U35.6.20260822.1","10689220","25,000"
"183303","ABIL DURAHMAN","SPECIAL","BJ","35.4.20260823.36","10470621","5,000"
"183303","ABIL DURAHMAN","REGULER","BD","U35.7.20260823.18","10510603","85,000"
"183303","ABIL DURAHMAN","SPECIAL","BD","U35.8.20260823.14","10644836","150,000"
"183303","ABIL DURAHMAN","REGULER","BN","35.7.20260825.30","10547542","1,000"
"183303","ABIL DURAHMAN","REGULER","DB","35.7.20260825.31","10556168","18,000"
"183303","ABIL DURAHMAN","REGULER","BN","35.7.20260825.31","10627019","4,000"
"183303","ABIL DURAHMAN","BOOSTER AGT 2026 - ACCS","DB","35.7.20260825.31","10556168","30,000"
"183303","ABIL DURAHMAN","SPECIAL","BN","35.7.20260825.9","10556640","5,000"
"183303","ABIL DURAHMAN","SPECIAL","BF","U35.13.20260825.25","10648126","150,000"
"183303","ABIL DURAHMAN","REGULER","BB","U35.7.20260825.14","10562199","18,000"
"183303","ABIL DURAHMAN","REGULER","BM","U35.8.20260826.4","10523859","5,000"
"183303","ABIL DURAHMAN","REGULER","BR","U35.8.20260826.4","10565986","16,500"
"183303","ABIL DURAHMAN","REGULER","BK","U35.8.20260826.4","10541975","19,200"
"183303","ABIL DURAHMAN","REGULER","BK","U35.8.20260826.4","10547586","7,200"
"183303","ABIL DURAHMAN","REGULER","BM","U35.8.20260826.4","10595794","3,000"
"183303","ABIL DURAHMAN","REGULER","BR","U35.8.20260826.4","10132781","21,000"
"183303","ABIL DURAHMAN","REGULER","BM","U35.8.20260826.4","10021017","3,000"
"183303","ABIL DURAHMAN","REGULER","BR","U35.8.20260826.4","10618482","13,500"
"183303","ABIL DURAHMAN","BOOSTER AGT 2026 - ACCS","BK","U35.8.20260826.4","10541975",""
"183303","ABIL DURAHMAN","BOOSTER AGT 2026 - ACCS","BK","U35.8.20260826.4","10547586",""
"183303","ABIL DURAHMAN","BOOSTER AGT 2026 - ACCS","BM","U35.8.20260826.4","10021017",""
"183303","ABIL DURAHMAN","BOOSTER AGT 2026 - ACCS","BM","U35.8.20260826.4","10219957",""
"183303","ABIL DURAHMAN","BOOSTER AGT 2026 - ACCS","BM","U35.8.20260826.4","10523859",""
"183303","ABIL DURAHMAN","BOOSTER AGT 2026 - ACCS","BM","U35.8.20260826.4","10595794",""
"183303","ABIL DURAHMAN","BOOSTER AGT 2026 - ACCS","BM","U35.8.20260826.4","10698282",""
"183303","ABIL DURAHMAN","KHUSUS","BA","U35.3.20260829.3","10553774","45,036"
"183303","ABIL DURAHMAN","SPECIAL","BB","U35.3.20260829.3","10663736","300,000"
"183303","ABIL DURAHMAN","REGULER","BP","U35.4.20260830.31","10671362","54,000"
"183303","ABIL DURAHMAN","REGULER","BP","U35.4.20260830.31","10678590","42,000"
"183303","ABIL DURAHMAN","BOOSTER AGT 2026 - FURNI","BP","U35.4.20260830.31","10671362","60,000"
"183303","ABIL DURAHMAN","BOOSTER AGT 2026 - FURNI","BP","U35.4.20260830.31","10678590","50,000"
"106504","WAHYU SUSANTO","KHUSUS - JULI 2026","BA","U35.8.20260702.1","10446861","15,131"
"106504","WAHYU SUSANTO","KHUSUS - JULI 2026","BA","U35.3.20260725.2","10446861","15,131"
"106504","WAHYU SUSANTO","REGULER","BO","35.78.20260802.19","10565506","1,000"
"106504","WAHYU SUSANTO","REGULER","BF","35.78.20260802.20","10601785","9,000"
"106504","WAHYU SUSANTO","REGULER","BI","35.78.20260802.21","","3,600"
"106504","WAHYU SUSANTO","REGULER","BK","35.78.20260802.27","10453976","2,400"
"106504","WAHYU SUSANTO","REGULER","BM","35.78.20260802.3","10421980","2,000"
"106504","WAHYU SUSANTO","REGULER","BK","35.78.20260802.32","10441979","6,000"
"106504","WAHYU SUSANTO","REGULER","BN","35.78.20260802.33","10457525","1,000"
"106504","WAHYU SUSANTO","REGULER","BM","35.78.20260802.34","10593570","3,000"
"106504","WAHYU SUSANTO","REGULER","BK","35.78.20260802.37","10607410","2,400"
"106504","WAHYU SUSANTO","REGULER","BN","35.78.20260802.44","10541167","2,000"
"106504","WAHYU SUSANTO","REGULER","BK","35.78.20260802.45","10212797","2,400"
"106504","WAHYU SUSANTO","SPECIAL","BJ","35.78.20260802.47","10664231","30,000"
"106504","WAHYU SUSANTO","SPECIAL","BJ","35.78.20260802.48","10664230","30,000"
"106504","WAHYU SUSANTO","REGULER","BI","35.78.20260802.49","10552061","1,200"
"106504","WAHYU SUSANTO","REGULER","BK","35.78.20260802.51","10573496","3,600"
"106504","WAHYU SUSANTO","REGULER","DB","35.78.20260802.52","10596019","16,500"
"106504","WAHYU SUSANTO","BOOSTER AGT 2026 - ACCS","DB","35.78.20260802.52","10596019","30,000"
"106504","WAHYU SUSANTO","REGULER","BK","35.78.20260802.66","10453978","0"
"106504","WAHYU SUSANTO","REGULER","BM","35.78.20260802.69","10149476","2,000"
"106504","WAHYU SUSANTO","REGULER","BD","35.78.20260802.70","10587667","2,000"
"106504","WAHYU SUSANTO","REGULER","BD","35.78.20260802.70","10587670","4,000"
"106504","WAHYU SUSANTO","REGULER","BD","35.78.20260802.70","10587669","1,000"
"106504","WAHYU SUSANTO","REGULER","BL","35.78.20260802.71","10113993","3,000"
"106504","WAHYU SUSANTO","BOOSTER AGT 2026 - ACCS","BL","35.78.20260802.71","10113993",""
"106504","WAHYU SUSANTO","BOOSTER AGT 2026 - ACCS","BL","35.78.20260802.71","10459577",""
"106504","WAHYU SUSANTO","REGULER","DB","35.78.20260802.72","10500700","4,500"
"106504","WAHYU SUSANTO","REGULER","BL","35.78.20260803.1","10550391","2,000"
"106504","WAHYU SUSANTO","REGULER","BN","35.78.20260803.1","10291595","2,000"
"106504","WAHYU SUSANTO","REGULER","BM","35.78.20260803.16","10594886","3,000"
"106504","WAHYU SUSANTO","SPECIAL","BN","35.78.20260803.16","10666236","10,000"
"106504","WAHYU SUSANTO","BOOSTER AGT 2026 - ACCS","BM","35.78.20260803.17","10161036","25,000"
"106504","WAHYU SUSANTO","REGULER","BM","35.78.20260803.18","10161038","6,000"
"106504","WAHYU SUSANTO","REGULER","BM","35.78.20260803.19","10161037","2,000"
"106504","WAHYU SUSANTO","REGULER","BM","35.78.20260803.2","10594886","3,000"
"106504","WAHYU SUSANTO","REGULER","BI","35.78.20260803.27","10552061","1,200"
"106504","WAHYU SUSANTO","REGULER","BN","35.78.20260803.3","10291595","2,000"
"106504","WAHYU SUSANTO","REGULER","BN","35.78.20260803.30","10688658","3,000"
"106504","WAHYU SUSANTO","REGULER","BM","35.78.20260803.34","10554523","2,000"
"106504","WAHYU SUSANTO","REGULER","BO","35.78.20260803.4","10550340","0"
"106504","WAHYU SUSANTO","REGULER","BD","35.78.20260803.40","10587669","1,000"
"106504","WAHYU SUSANTO","REGULER","BD","35.78.20260803.40","10587670","1,000"
"106504","WAHYU SUSANTO","REGULER","BM","35.78.20260803.44","10332140","6,000"
"106504","WAHYU SUSANTO","REGULER","BN","35.78.20260803.45","10291595","2,000"
"106504","WAHYU SUSANTO","SPECIAL","BN","35.78.20260803.45","10675109","10,000"
"106504","WAHYU SUSANTO","REGULER","BM","35.78.20260803.49","10594886","3,000"
"106504","WAHYU SUSANTO","REGULER","BC","35.78.20260803.50","10701084","25,000"
"106504","WAHYU SUSANTO","SPECIAL","BN","35.78.20260803.52","10624351","5,000"
"106504","WAHYU SUSANTO","REGULER","BM","35.78.20260803.61","10161038","6,000"
"106504","WAHYU SUSANTO","REGULER","BN","35.78.20260803.62","10688658","3,000"
"106504","WAHYU SUSANTO","REGULER","BM","35.78.20260803.65","10161037","9,000"
"106504","WAHYU SUSANTO","BOOSTER AGT 2026 - ACCS","BM","35.78.20260803.65","10161037","25,000"
"106504","WAHYU SUSANTO","REGULER","BD","35.78.20260803.66","10612732","1,000"
"106504","WAHYU SUSANTO","REGULER","BD","35.78.20260803.66","10612731","1,000"
"106504","WAHYU SUSANTO","REGULER","BL","35.78.20260804.12","10488933","3,000"
"106504","WAHYU SUSANTO","REGULER","BL","35.78.20260804.13","10588631","5,000"
"106504","WAHYU SUSANTO","REGULER","BM","35.78.20260804.15","10161037","2,000"
"106504","WAHYU SUSANTO","REGULER","BN","35.78.20260804.15","10686585","2,000"
"106504","WAHYU SUSANTO","REGULER","BK","35.78.20260804.18","10545975","8,400"
"106504","WAHYU SUSANTO","REGULER","BK","35.78.20260804.18","10472053","7,200"
"106504","WAHYU SUSANTO","BOOSTER AGT 2026 - ACCS","BK","35.78.20260804.18","10472053",""
"106504","WAHYU SUSANTO","BOOSTER AGT 2026 - ACCS","BK","35.78.20260804.18","10545975",""
"106504","WAHYU SUSANTO","REGULER","BM","35.78.20260804.2","10599300","3,000"
"106504","WAHYU SUSANTO","REGULER","BO","35.78.20260804.27","10632602","1,000"
"106504","WAHYU SUSANTO","REGULER","BL","35.78.20260804.29","10588631","5,000"
"106504","WAHYU SUSANTO","SPECIAL","BJ","35.78.20260804.34","10664227","30,000"
"106504","WAHYU SUSANTO","REGULER","BN","35.78.20260804.40","10688658","3,000"
"106504","WAHYU SUSANTO","REGULER","DB","35.78.20260804.41","10596019","16,500"
"106504","WAHYU SUSANTO","BOOSTER AGT 2026 - ACCS","DB","35.78.20260804.41","10596019","30,000"
"106504","WAHYU SUSANTO","SPECIAL","BN","35.78.20260804.43","10675111","10,000"
"106504","WAHYU SUSANTO","SPECIAL","BJ","35.78.20260804.49","10664234","30,000"
"106504","WAHYU SUSANTO","SPECIAL","BJ","35.78.20260804.51","10647652","30,000"
"106504","WAHYU SUSANTO","REGULER","BM","35.78.20260804.57","10420957","2,000"
"106504","WAHYU SUSANTO","REGULER","BB","35.78.20260804.58","10573848","9,000"
"106504","WAHYU SUSANTO","REGULER","BM","35.78.20260804.62","10068270","6,000"
"106504","WAHYU SUSANTO","BOOSTER AGT 2026 - ACCS","BM","35.78.20260804.62","10068270","25,000"
"106504","WAHYU SUSANTO","REGULER","BN","35.78.20260804.64","10700414","4,000"
"106504","WAHYU SUSANTO","REGULER","BD","U35.7.20260804.1","10606869","5,000"
"106504","WAHYU SUSANTO","SPECIAL","BJ","U35.7.20260804.2","10515575","9,000"
"106504","WAHYU SUSANTO","REGULER","BQ","35.78.20260807.22","10410105","18,000"
"106504","WAHYU SUSANTO","REGULER","BQ","35.78.20260807.23","10410105","19,000"
"106504","WAHYU SUSANTO","REGULER","BI","35.78.20260807.6","","1,200"
"106504","WAHYU SUSANTO","REGULER","BF","U35.10.20260807.1","10518674","14,000"
"106504","WAHYU SUSANTO","REGULER","BF","U35.4.20260808.6","10567429","20,000"
"106504","WAHYU SUSANTO","REGULER","BP","U35.4.20260808.6","10672450","21,600"
"106504","WAHYU SUSANTO","REGULER","BB","U35.10.20260809.7","10616007","19,000"
"106504","WAHYU SUSANTO","REGULER","BD","U35.10.20260809.7","10384616","35,000"
"106504","WAHYU SUSANTO","REGULER","BD","U35.4.20260809.12","10384616","25,000"
"106504","WAHYU SUSANTO","REGULER","BB","U35.4.20260809.12","10442073","9,000"
"106504","WAHYU SUSANTO","REGULER","BD","U35.4.20260809.12","10422556","65,000"
"106504","WAHYU SUSANTO","REGULER","BB","U35.4.20260809.12","10616007","45,000"
"106504","WAHYU SUSANTO","REGULER","BA","U35.4.20260809.12","10681508","30,000"
"106504","WAHYU SUSANTO","SPECIAL","BI","U35.4.20260809.6","10206336","360,000"
"106504","WAHYU SUSANTO","BOOSTER AGT 2026 - FURNI","BF","U35.4.20260809.6","10451851","50,000"
"106504","WAHYU SUSANTO","BOOSTER AGT 2026 - FURNI","BI","U35.4.20260809.6","10206336","100,000"
"106504","WAHYU SUSANTO","REGULER","BF","35.78.20260810.47","10601785","9,000"
"106504","WAHYU SUSANTO","REGULER","BP","U35.7.20260810.4","10603603","48,000"
"106504","WAHYU SUSANTO","REGULER","BP","U35.7.20260810.4","10603599","66,000"
"106504","WAHYU SUSANTO","REGULER","BP","U35.7.20260810.4","10657344","54,000"
"106504","WAHYU SUSANTO","REGULER","BP","U35.7.20260810.4","10644550","30,000"
"106504","WAHYU SUSANTO","BOOSTER AGT 2026 - FURNI","BP","U35.7.20260810.4","10657344","60,000"
"106504","WAHYU SUSANTO","REGULER","BQ","35.0.20260811.1","10410105","-18,000"
"106504","WAHYU SUSANTO","REGULER","BM","35.78.20260811.14","10411861","7,000"
"106504","WAHYU SUSANTO","BOOSTER AGT 2026 - ACCS","BM","35.78.20260811.14","10411861","25,000"
"106504","WAHYU SUSANTO","REGULER","BR","35.78.20260811.31","10444115","4,500"
"106504","WAHYU SUSANTO","REGULER","BR","35.78.20260811.31","10274780","4,500"
"106504","WAHYU SUSANTO","REGULER","BQ","35.78.20260811.63","10410105","20,000"
"106504","WAHYU SUSANTO","REGULER","BG","35.78.20260811.78","10502873","10,000"
"106504","WAHYU SUSANTO","REGULER","BD","35.78.20260812.16","10425283","1,000"
"106504","WAHYU SUSANTO","REGULER","BI","35.78.20260812.3","","3,600"
"106504","WAHYU SUSANTO","REGULER","BD","35.78.20260812.47","10425283","1,000"
"106504","WAHYU SUSANTO","REGULER","BQ","35.78.20260812.48","10410105","11,000"
"106504","WAHYU SUSANTO","REGULER","BD","35.78.20260812.59","10612730","1,000"
"106504","WAHYU SUSANTO","REGULER","BG","35.78.20260813.5","10502873","11,000"
"106504","WAHYU SUSANTO","SPECIAL","BF","U35.3.20260813.2","10602206","25,000"
"106504","WAHYU SUSANTO","REGULER","BQ","U35.7.20260814.5","10564051","25,000"
"106504","WAHYU SUSANTO","BOOSTER AGT 2026 - FURNI","BQ","U35.7.20260814.5","10564051","40,000"
"106504","WAHYU SUSANTO","REGULER","BM","35.78.20260815.15","10493989","2,000"
"106504","WAHYU SUSANTO","REGULER","BM","35.78.20260815.50","10631819","2,000"
"106504","WAHYU SUSANTO","BOOSTER AGT 2026 - ACCS","DB","35.78.20260816.27","10495711","150,000"
"106504","WAHYU SUSANTO","BOOSTER AGT 2026 - ACCS","DC","35.78.20260817.13","10574684","30,000"
"106504","WAHYU SUSANTO","REGULER","BI","35.78.20260817.14","10674428","1,200"
"106504","WAHYU SUSANTO","REGULER","BD","35.78.20260817.3","10425285","1,000"
"106504","WAHYU SUSANTO","BOOSTER AGT 2026 - ACCS","DB","35.78.20260818.31","10547544","240,000"
"106504","WAHYU SUSANTO","BOOSTER AGT 2026 - ACCS","DB","35.78.20260818.37","10547546","240,000"
"106504","WAHYU SUSANTO","REGULER","BJ","35.78.20260818.41","10695143","8,000"
"106504","WAHYU SUSANTO","REGULER","BJ","35.78.20260821.32","10695147","8,000"
"106504","WAHYU SUSANTO","REGULER","BM","35.78.20260826.64","10588842","2,000"
"106504","WAHYU SUSANTO","REGULER","BD","U35.8.20260826.6","10108185","35,000"
"106504","WAHYU SUSANTO","BOOSTER AGT 2026 - ACCS","BM","35.78.20260827.27","10657106","25,000"
"106504","WAHYU SUSANTO","SPECIAL","BJ","35.78.20260827.40","10559832","11,000"
"106504","WAHYU SUSANTO","SPECIAL","BJ","35.78.20260827.40","10560059","12,000"
"106504","WAHYU SUSANTO","REGULER","BG","35.78.20260828.12","10502873","9,000"
"106504","WAHYU SUSANTO","REGULER","BD","35.78.20260828.38","10425283","1,000"
"106504","WAHYU SUSANTO","REGULER","BR","35.78.20260828.41","10670256","7,500"
"106504","WAHYU SUSANTO","SPECIAL","BJ","35.78.20260828.42","10603215","75,000"
"106504","WAHYU SUSANTO","REGULER","DB","35.78.20260829.20","10556172","6,000"
"106504","WAHYU SUSANTO","REGULER","BR","35.78.20260829.26","10275775","67,500"
"106504","WAHYU SUSANTO","REGULER","BB","35.78.20260829.54","10442073","9,000"
"106504","WAHYU SUSANTO","REGULER","BR","U35.3.20260829.1","10646586","6,000"
"106504","WAHYU SUSANTO","REGULER","BD","U35.3.20260829.10","10560140","125,000"
"106504","WAHYU SUSANTO","REGULER","BD","U35.3.20260829.11","10560140","80,000"
"106504","WAHYU SUSANTO","REGULER","BA","U35.6.20260829.5","10680605","60,000"
"106504","WAHYU SUSANTO","REGULER","BA","U35.6.20260829.5","10680606","40,000"
"106504","WAHYU SUSANTO","REGULER","BI","U35.8.20260829.2","","4,800"
"106504","WAHYU SUSANTO","REGULER","BI","U35.8.20260829.2","","7,200"
"106504","WAHYU SUSANTO","REGULER","BI","U35.8.20260829.2","","7,200"
"106504","WAHYU SUSANTO","REGULER","BI","U35.8.20260829.2","","4,800"
"106504","WAHYU SUSANTO","REGULER","BI","U35.8.20260829.2","","7,200"
"106504","WAHYU SUSANTO","REGULER","BQ","35.0.20260830.1","10622688","-205,000"
"106504","WAHYU SUSANTO","REGULER","BB","35.78.20260830.13","10573848","9,000"
"106504","WAHYU SUSANTO","REGULER","BQ","U35.13.20260830.11","10548355","215,000"
"106504","WAHYU SUSANTO","SPECIAL","BG","U35.13.20260830.13","10558583","100,000"
"106504","WAHYU SUSANTO","REGULER","BF","U35.4.20260830.1","10518673","14,000"
"106504","WAHYU SUSANTO","SPECIAL","BF","U35.6.20260830.1","10648127","35,000"
"106504","WAHYU SUSANTO","REGULER","BR","U35.10.20260831.1","10471861","37,500"
"106504","WAHYU SUSANTO","REGULER","BR","U35.10.20260831.3","10471861","37,500"
"105269","AHMAD SOBANDI","KHUSUS - JULI 2026","BA","U35.10.20260730.8","10681538","405,223"
"105269","AHMAD SOBANDI","KHUSUS - JULI 2026","BA","U35.8.20260731.9","10514057","150,614"
"105269","AHMAD SOBANDI","REGULER","BM","35.10.20260802.2","10132201","2,000"
"105269","AHMAD SOBANDI","REGULER","BM","35.8.20260802.28","10056454","3,000"
"105269","AHMAD SOBANDI","BOOSTER AGT 2026 - ACCS","BM","35.8.20260802.28","10056454",""
"105269","AHMAD SOBANDI","BOOSTER AGT 2026 - ACCS","BM","35.8.20260802.28","10098010",""
"105269","AHMAD SOBANDI","REGULER","BE","U35.3.20260802.24","10447792","25,000"
"105269","AHMAD SOBANDI","REGULER","BM","U35.3.20260802.24","10423377","1,000"
"105269","AHMAD SOBANDI","REGULER","BM","U35.3.20260802.24","10161038","2,000"
"105269","AHMAD SOBANDI","SPECIAL","BF","U35.6.20260802.16","10449452","50,000"
"105269","AHMAD SOBANDI","REGULER","BF","U35.7.20260803.2","10604394","10,000"
"105269","AHMAD SOBANDI","REGULER","BO","35.10.20260804.7","10653339","7,000"
"105269","AHMAD SOBANDI","BOOSTER AGT 2026 - ACCS","BM","35.6.20260804.11","10132195",""
"105269","AHMAD SOBANDI","BOOSTER AGT 2026 - ACCS","BM","35.6.20260804.11","10245795",""
"105269","AHMAD SOBANDI","BOOSTER AGT 2026 - ACCS","BM","35.6.20260804.11","10418526",""
"105269","AHMAD SOBANDI","BOOSTER AGT 2026 - ACCS","BM","35.6.20260804.11","10426756",""
"105269","AHMAD SOBANDI","BOOSTER AGT 2026 - ACCS","BM","35.6.20260804.11","10426757",""
"105269","AHMAD SOBANDI","BOOSTER AGT 2026 - ACCS","BM","35.6.20260804.11","10555894",""
"105269","AHMAD SOBANDI","BOOSTER AGT 2026 - ACCS","BM","35.6.20260804.11","10627566",""
"105269","AHMAD SOBANDI","REGULER","BN","35.7.20260804.5","10496295","9,000"
"105269","AHMAD SOBANDI","BOOSTER AGT 2026 - ACCS","BM","U35.10.20260804.2","10657105","25,000"
"105269","AHMAD SOBANDI","REGULER","BM","35.7.20260805.3","10102966","3,000"
"105269","AHMAD SOBANDI","REGULER","BB","U35.3.20260805.2","10350222","9,000"
"105269","AHMAD SOBANDI","REGULER","BE","U35.8.20260805.7","10552508","12,000"
"105269","AHMAD SOBANDI","REGULER","BD","U35.7.20260809.10","10708330","35,000"
"105269","AHMAD SOBANDI","REGULER","BD","U35.7.20260809.10","10696150","35,000"
"105269","AHMAD SOBANDI","REGULER","BB","U35.7.20260809.11","10573848","10,000"
"105269","AHMAD SOBANDI","BOOSTER AGT 2026 - ACCS","BO","U35.7.20260809.17","10562271","240,000"
"105269","AHMAD SOBANDI","REGULER","BN","35.3.20260813.5","10549833","4,000"
"105269","AHMAD SOBANDI","REGULER","BD","U35.8.20260813.6","10696150","35,000"
"105269","AHMAD SOBANDI","REGULER","BM","35.8.20260816.18","10702722","2,000"
"105269","AHMAD SOBANDI","REGULER","BD","U35.8.20260817.21","10470254","245,000"
"105269","AHMAD SOBANDI","SPECIAL","BD","U35.8.20260817.21","10571549","700,000"
"105269","AHMAD SOBANDI","SPECIAL","BF","U35.8.20260817.21","10667777","150,000"
"105269","AHMAD SOBANDI","SPECIAL","BH","U35.8.20260817.22","10622144","300,000"
"105269","AHMAD SOBANDI","SPECIAL","BF","U35.13.20260818.6","10681575","45,000"
"105269","AHMAD SOBANDI","REGULER","BM","35.10.20260819.13","10588842","2,000"
"105269","AHMAD SOBANDI","REGULER","BK","35.6.20260819.8","10616484","6,000"
"105269","AHMAD SOBANDI","REGULER","BL","35.4.20260821.1","10556151","2,000"
"105269","AHMAD SOBANDI","REGULER","BL","35.4.20260821.1","10550398","3,000"
"105269","AHMAD SOBANDI","REGULER","BD","U35.10.20260821.12","10624522","4,000"
"105269","AHMAD SOBANDI","KHUSUS","BA","U35.3.20260821.10","10069031","163,955"
"105269","AHMAD SOBANDI","REGULER","BM","U35.10.20260822.4","10423516","4,000"
"105269","AHMAD SOBANDI","REGULER","BM","U35.3.20260822.11","10423516","35,000"
"105269","AHMAD SOBANDI","BOOSTER AGT 2026 - ACCS","BM","U35.3.20260822.11","10423516","125,000"
"105269","AHMAD SOBANDI","REGULER","BL","35.8.20260823.2","10495871","1,000"
"105269","AHMAD SOBANDI","REGULER","BK","35.10.20260825.14","10095151","4,800"
"105269","AHMAD SOBANDI","SPECIAL","BJ","35.10.20260825.21","10453473","10,000"
"105269","AHMAD SOBANDI","REGULER","BM","35.6.20260825.25","10423516","4,000"
"105269","AHMAD SOBANDI","REGULER","BN","35.6.20260825.25","10700414","4,000"
"105269","AHMAD SOBANDI","REGULER","BK","35.6.20260825.40","10332027","12,000"
"105269","AHMAD SOBANDI","BOOSTER AGT 2026 - ACCS","BK","35.6.20260825.40","10332027","25,000"
"105269","AHMAD SOBANDI","REGULER","BM","35.7.20260825.17","10493989","2,000"
"105269","AHMAD SOBANDI","REGULER","BM","35.8.20260825.41","10102966","3,000"
"105269","AHMAD SOBANDI","REGULER","BM","35.8.20260825.41","10149476","2,000"
"105269","AHMAD SOBANDI","REGULER","BM","35.8.20260825.50","10209385","1,000"
"105269","AHMAD SOBANDI","BOOSTER AGT 2026 - ACCS","BM","35.3.20260826.6","10657106","25,000"
"105269","AHMAD SOBANDI","SPECIAL","BJ","35.6.20260826.13","10628989","100,000"
"105269","AHMAD SOBANDI","REGULER","BI","35.78.20260826.37","10552061","1,200"
"105269","AHMAD SOBANDI","REGULER","BB","U35.8.20260826.8","10603593","20,000"
"105269","AHMAD SOBANDI","REGULER","BK","35.10.20260828.5","10431564","18,000"
"105269","AHMAD SOBANDI","BOOSTER AGT 2026 - ACCS","BK","35.10.20260828.5","10431564","50,000"
"105269","AHMAD SOBANDI","REGULER","BL","35.6.20260828.17","10550396","3,000"
"105269","AHMAD SOBANDI","BOOSTER AGT 2026 - ACCS","BM","35.8.20260828.1","10576556","25,000"
"105269","AHMAD SOBANDI","REGULER","BK","U35.8.20260828.8","10627877","8,400"
"105269","AHMAD SOBANDI","REGULER","DA","U35.8.20260828.8","10714695","45,000"
"105269","AHMAD SOBANDI","BOOSTER AGT 2026 - ACCS","BK","U35.8.20260828.8","10627877","25,000"
"105269","AHMAD SOBANDI","BOOSTER AGT 2026 - ACCS","DA","U35.8.20260828.8","10714695","90,000"
"105269","AHMAD SOBANDI","REGULER","BR","35.3.20260829.17","10464393","1,500"
"105269","AHMAD SOBANDI","REGULER","BM","35.0.20260831.6","10423516","-35,000"
"105269","AHMAD SOBANDI","BOOSTER AGT 2026 - ACCS","BM","35.0.20260831.6","10423516","-125,000"
"105269","AHMAD SOBANDI","REGULER","BM","35.8.20260831.31","10423516","35,000"
"105269","AHMAD SOBANDI","BOOSTER AGT 2026 - ACCS","BM","35.8.20260831.31","10423516","125,000"
"105269","AHMAD SOBANDI","KHUSUS","BB","U35.6.20260831.5","10344647","56,074"
"192427","PARHAN ANDRIAN","SPECIAL","BJ","35.7.20260802.20","","10,000"
"192427","PARHAN ANDRIAN","REGULER","BP","U35.13.20260802.13","10584906","7,200"
"192427","PARHAN ANDRIAN","REGULER","BP","U35.13.20260802.13","10637182","30,000"
"192427","PARHAN ANDRIAN","REGULER","BQ","U35.13.20260802.13","10636491","11,000"
"192427","PARHAN ANDRIAN","REGULER","BP","U35.13.20260802.13","10625063","21,600"
"192427","PARHAN ANDRIAN","REGULER","BP","U35.13.20260802.13","10622161","7,200"
"192427","PARHAN ANDRIAN","REGULER","BQ","U35.13.20260802.14","10636491","11,000"
"192427","PARHAN ANDRIAN","REGULER","BP","U35.13.20260802.14","10637182","30,000"
"192427","PARHAN ANDRIAN","BOOSTER AGT 2026 - FURNI","BI","U35.3.20260802.23","10689220","50,000"
"192427","PARHAN ANDRIAN","BOOSTER AGT 2026 - ACCS","DA","35.7.20260803.23","10619990",""
"192427","PARHAN ANDRIAN","BOOSTER AGT 2026 - ACCS","DB","35.7.20260803.23","10487084",""
"192427","PARHAN ANDRIAN","BOOSTER AGT 2026 - ACCS","DB","35.7.20260803.23","10555139",""
"192427","PARHAN ANDRIAN","BOOSTER AGT 2026 - ACCS","DB","35.7.20260803.23","10669265",""
"192427","PARHAN ANDRIAN","BOOSTER AGT 2026 - ACCS","DB","35.7.20260803.23","10669266",""
"192427","PARHAN ANDRIAN","BOOSTER AGT 2026 - ACCS","DD","35.7.20260803.23","10489484",""
"192427","PARHAN ANDRIAN","INSENTIF MANUAL PROJECT","BG","U35.13.20260803.5","10567500","1,000,000"
"192427","PARHAN ANDRIAN","BOOSTER AGT 2026 - ACCS","DA","U35.7.20260803.9","10563231",""
"192427","PARHAN ANDRIAN","BOOSTER AGT 2026 - ACCS","DA","U35.7.20260803.9","10602709",""
"192427","PARHAN ANDRIAN","SPECIAL","BJ","35.4.20260807.8","10188211","10,000"
"192427","PARHAN ANDRIAN","REGULER","BM","35.6.20260807.22","10209631","2,000"
"192427","PARHAN ANDRIAN","REGULER","BM","35.6.20260807.22","10420957","2,000"
"192427","PARHAN ANDRIAN","REGULER","BI","35.13.20260808.27","","2,400"
"192427","PARHAN ANDRIAN","REGULER","BA","U35.6.20260809.6","10510001","50,000"
"192427","PARHAN ANDRIAN","REGULER","BM","35.8.20260811.12","10568181","2,000"
"192427","PARHAN ANDRIAN","REGULER","BK","35.8.20260812.16","10639312","12,000"
"192427","PARHAN ANDRIAN","REGULER","BK","35.8.20260812.16","10459967","0"
"192427","PARHAN ANDRIAN","REGULER","BK","35.8.20260812.16","10258845","6,000"
"192427","PARHAN ANDRIAN","BOOSTER AGT 2026 - ACCS","BK","35.8.20260812.16","10258845",""
"192427","PARHAN ANDRIAN","BOOSTER AGT 2026 - ACCS","BK","35.8.20260812.16","10639312",""
"192427","PARHAN ANDRIAN","BOOSTER AGT 2026 - ACCS","BK","35.8.20260812.16","10701076",""
"192427","PARHAN ANDRIAN","BOOSTER AGT 2026 - ACCS","BK","35.8.20260812.16","10704716",""
"192427","PARHAN ANDRIAN","REGULER","BK","35.8.20260812.17","10664355","2,400"
"192427","PARHAN ANDRIAN","REGULER","BK","35.8.20260812.17","10697866","2,400"
"192427","PARHAN ANDRIAN","BOOSTER AGT 2026 - ACCS","BK","35.8.20260812.17","10211723",""
"192427","PARHAN ANDRIAN","BOOSTER AGT 2026 - ACCS","BK","35.8.20260812.17","10534584",""
"192427","PARHAN ANDRIAN","BOOSTER AGT 2026 - ACCS","BK","35.8.20260812.17","10567252",""
"192427","PARHAN ANDRIAN","BOOSTER AGT 2026 - ACCS","BK","35.8.20260812.17","10600150",""
"192427","PARHAN ANDRIAN","BOOSTER AGT 2026 - ACCS","BK","35.8.20260812.17","10664355",""
"192427","PARHAN ANDRIAN","BOOSTER AGT 2026 - ACCS","BK","35.8.20260812.17","10697866",""
"192427","PARHAN ANDRIAN","BOOSTER AGT 2026 - ACCS","BK","35.8.20260812.17","10704715",""
"192427","PARHAN ANDRIAN","BOOSTER AGT 2026 - ACCS","BK","35.8.20260812.17","10704716",""
"192427","PARHAN ANDRIAN","REGULER","BK","35.8.20260814.6","10698138","2,400"
"192427","PARHAN ANDRIAN","SPECIAL","BJ","35.8.20260814.6","10597140","3,000"
"192427","PARHAN ANDRIAN","SPECIAL","BJ","35.13.20260815.23","10422763","9,000"
"192427","PARHAN ANDRIAN","SPECIAL","BJ","35.13.20260815.23","10422543","8,000"
"192427","PARHAN ANDRIAN","SPECIAL","BJ","35.13.20260815.23","10676769","30,000"
"192427","PARHAN ANDRIAN","SPECIAL","BJ","35.13.20260815.24","","2,000"
"192427","PARHAN ANDRIAN","SPECIAL","BG","U35.13.20260817.6","10655057","80,000"
"192427","PARHAN ANDRIAN","REGULER","BI","U35.6.20260817.2","10594893","6,000"
"192427","PARHAN ANDRIAN","REGULER","BO","U35.6.20260817.2","10210694","4,000"
"192427","PARHAN ANDRIAN","REGULER","BO","U35.6.20260817.2","10570203","1,000"
"192427","PARHAN ANDRIAN","REGULER","BD","U35.6.20260817.2","10580404","25,000"
"192427","PARHAN ANDRIAN","REGULER","BI","U35.6.20260817.2","10535730","24,000"
"192427","PARHAN ANDRIAN","REGULER","BK","35.6.20260821.16","10453979","0"
"192427","PARHAN ANDRIAN","REGULER","BI","U35.4.20260822.5","10418303","16,800"
"192427","PARHAN ANDRIAN","REGULER","BR","U35.4.20260822.5","10653451","27,000"
"192427","PARHAN ANDRIAN","REGULER","BA","U35.4.20260822.5","10560291","35,000"
"192427","PARHAN ANDRIAN","REGULER","BI","U35.4.20260822.5","10623885","15,600"
"192427","PARHAN ANDRIAN","KHUSUS","BA","U35.4.20260822.5","10570060","81,063"
"192427","PARHAN ANDRIAN","SPECIAL","BB","U35.4.20260822.5","10679062","50,000"
"192427","PARHAN ANDRIAN","REGULER","BF","U35.7.20260822.7","10313416","11,000"
"192427","PARHAN ANDRIAN","REGULER","BD","U35.7.20260822.7","10435137","13,000"
"192427","PARHAN ANDRIAN","REGULER","BF","U35.7.20260822.7","10507590","16,000"
"192427","PARHAN ANDRIAN","REGULER","BF","U35.7.20260822.7","10507587","14,000"
"192427","PARHAN ANDRIAN","REGULER","BF","U35.7.20260822.7","10313415","10,000"
"192427","PARHAN ANDRIAN","SPECIAL","BG","U35.7.20260822.7","10566547","80,000"
"192427","PARHAN ANDRIAN","SPECIAL","BG","U35.7.20260822.7","10566546","80,000"
"192427","PARHAN ANDRIAN","REGULER","BM","35.6.20260823.22","10613392","5,000"
"192427","PARHAN ANDRIAN","REGULER","BN","35.7.20260823.22","10547542","1,000"
"192427","PARHAN ANDRIAN","SPECIAL","BI","U35.4.20260823.21","10632269","70,000"
"192427","PARHAN ANDRIAN","REGULER","BP","U35.8.20260823.3","10671361","36,000"
"192427","PARHAN ANDRIAN","REGULER","BM","35.8.20260825.3","10493993","2,000"
"192427","PARHAN ANDRIAN","SPECIAL","BE","U35.6.20260825.5","10507602","95,000"
"192427","PARHAN ANDRIAN","KHUSUS","BB","U35.6.20260825.6","10649640","28,370"
"192427","PARHAN ANDRIAN","REGULER","BE","U35.8.20260825.2","10709290","30,000"
"192427","PARHAN ANDRIAN","REGULER","BO","35.10.20260827.10","10206825","20,000"
"192427","PARHAN ANDRIAN","BOOSTER AGT 2026 - ACCS","BO","35.10.20260827.10","10206825","60,000"
"192427","PARHAN ANDRIAN","REGULER","BG","35.6.20260827.17","10022136","3,000"
"192427","PARHAN ANDRIAN","REGULER","BK","35.78.20260827.35","10209143","7,200"
"192427","PARHAN ANDRIAN","BOOSTER AGT 2026 - ACCS","BK","35.78.20260827.35","10209143","25,000"
"192427","PARHAN ANDRIAN","REGULER","BB","U35.3.20260827.1","10648059","4,000"
"192427","PARHAN ANDRIAN","REGULER","BB","U35.3.20260827.1","10627009","8,000"
"192427","PARHAN ANDRIAN","KHUSUS","BA","U35.7.20260828.3","10682672","297,100"
"192427","PARHAN ANDRIAN","REGULER","BL","35.10.20260829.39","10504962","4,000"
"192427","PARHAN ANDRIAN","SPECIAL","BN","35.10.20260829.39","10103387","4,000"
"192427","PARHAN ANDRIAN","REGULER","BL","35.13.20260829.3","10550394","3,000"
"192427","PARHAN ANDRIAN","REGULER","BL","35.13.20260829.3","10659652","17,000"
"192427","PARHAN ANDRIAN","BOOSTER AGT 2026 - ACCS","BL","35.13.20260829.3","10550394",""
"192427","PARHAN ANDRIAN","BOOSTER AGT 2026 - ACCS","BL","35.13.20260829.3","10659652",""
"192427","PARHAN ANDRIAN","REGULER","BJ","35.13.20260829.4","10520334","6,000"
"192427","PARHAN ANDRIAN","REGULER","BO","35.13.20260829.4","10632202","2,000"
"192427","PARHAN ANDRIAN","REGULER","BN","35.7.20260829.33","10547534","2,000"
"192427","PARHAN ANDRIAN","REGULER","BN","35.7.20260829.33","10547532","1,000"
"192427","PARHAN ANDRIAN","REGULER","BB","35.7.20260830.41","10622188","20,000"
"192427","PARHAN ANDRIAN","REGULER","BI","35.7.20260830.41","","2,400"
"192427","PARHAN ANDRIAN","REGULER","BP","U35.13.20260830.21","10498206","18,000"
"192427","PARHAN ANDRIAN","REGULER","BF","U35.13.20260830.7","10571557","18,000"
"192427","PARHAN ANDRIAN","REGULER","BR","U35.13.20260830.7","10561988","9,000"
"192427","PARHAN ANDRIAN","REGULER","BF","U35.13.20260830.7","10104407","17,000"
"192427","PARHAN ANDRIAN","REGULER","BF","U35.13.20260830.7","10104410","17,000"
"192427","PARHAN ANDRIAN","REGULER","BQ","U35.13.20260830.7","10176803","19,000"
"192427","PARHAN ANDRIAN","REGULER","BL","U35.3.20260830.6","10588632","4,000"
"192427","PARHAN ANDRIAN","REGULER","BB","U35.3.20260830.6","10409410","17,000"
"192427","PARHAN ANDRIAN","REGULER","BF","U35.3.20260830.6","10571552","18,000"
"192427","PARHAN ANDRIAN","REGULER","BK","U35.3.20260830.6","10212798","2,400"
"192427","PARHAN ANDRIAN","REGULER","BF","U35.3.20260830.6","10313415","10,000"
"192427","PARHAN ANDRIAN","REGULER","BP","U35.3.20260830.6","10598023","14,400"
"194975","DIVA NURFAUZIAH","KHUSUS - JULI 2026","BA","U35.6.20260714.8","10397593","456,782"
"194975","DIVA NURFAUZIAH","REGULER","BD","U35.7.20260801.14","10626145","45,000"
"194975","DIVA NURFAUZIAH","REGULER","BB","U35.3.20260804.4","10467377","7,000"
"194975","DIVA NURFAUZIAH","KHUSUS","BB","U35.3.20260804.4","10624887","14,747"
"194975","DIVA NURFAUZIAH","REGULER","BL","35.13.20260806.12","10483292","1,000"
"194975","DIVA NURFAUZIAH","REGULER","BK","35.8.20260808.63","10699527","21,600"
"194975","DIVA NURFAUZIAH","BOOSTER AGT 2026 - ACCS","BK","35.8.20260808.63","10699527","50,000"
"194975","DIVA NURFAUZIAH","REGULER","BD","U35.3.20260808.7","10410169","5,000"
"194975","DIVA NURFAUZIAH","SPECIAL","BG","U35.3.20260808.7","10577268","80,000"
"194975","DIVA NURFAUZIAH","REGULER","BM","35.8.20260809.15","10149476","2,000"
"194975","DIVA NURFAUZIAH","REGULER","BM","35.8.20260815.28","10209385","2,000"
"194975","DIVA NURFAUZIAH","REGULER","BN","35.8.20260815.28","10675294","8,000"
"194975","DIVA NURFAUZIAH","REGULER","DB","35.8.20260815.28","10571116","15,000"
"194975","DIVA NURFAUZIAH","BOOSTER AGT 2026 - ACCS","BM","35.8.20260815.28","10209385",""
"194975","DIVA NURFAUZIAH","BOOSTER AGT 2026 - ACCS","BM","35.8.20260815.28","10296304",""
"194975","DIVA NURFAUZIAH","BOOSTER AGT 2026 - ACCS","BM","35.8.20260815.28","10409955",""
"194975","DIVA NURFAUZIAH","BOOSTER AGT 2026 - ACCS","BM","35.8.20260815.28","10442068",""
"194975","DIVA NURFAUZIAH","BOOSTER AGT 2026 - ACCS","BM","35.8.20260815.28","",""
"194975","DIVA NURFAUZIAH","BOOSTER AGT 2026 - ACCS","DB","35.8.20260815.28","10571116","30,000"
"194975","DIVA NURFAUZIAH","REGULER","BO","35.10.20260817.25","10606857","4,000"
"194975","DIVA NURFAUZIAH","REGULER","BO","35.10.20260817.25","10506858","0"
"194975","DIVA NURFAUZIAH","REGULER","BK","35.8.20260817.21","10467899","2,400"
"194975","DIVA NURFAUZIAH","BOOSTER AGT 2026 - ACCS","BK","35.8.20260817.21","10148113",""
"194975","DIVA NURFAUZIAH","BOOSTER AGT 2026 - ACCS","BK","35.8.20260817.21","10467899",""
"194975","DIVA NURFAUZIAH","BOOSTER AGT 2026 - ACCS","BK","35.8.20260817.21","10562193",""
"194975","DIVA NURFAUZIAH","BOOSTER AGT 2026 - ACCS","BK","35.8.20260817.21","10618062",""
"194975","DIVA NURFAUZIAH","BOOSTER AGT 2026 - ACCS","BK","35.8.20260817.21","",""
"194975","DIVA NURFAUZIAH","BOOSTER AGT 2026 - ACCS","BK","35.8.20260817.21","",""
"194975","DIVA NURFAUZIAH","REGULER","BM","35.8.20260817.25","10631403","4,000"
"194975","DIVA NURFAUZIAH","REGULER","BK","35.8.20260817.34","10411586","7,200"
"194975","DIVA NURFAUZIAH","BOOSTER AGT 2026 - ACCS","BK","35.8.20260817.34","10411586","25,000"
"194975","DIVA NURFAUZIAH","REGULER","BK","35.8.20260817.38","10573497","8,400"
"194975","DIVA NURFAUZIAH","REGULER","BK","35.8.20260817.38","10697133","1,200"
"194975","DIVA NURFAUZIAH","BOOSTER AGT 2026 - ACCS","BK","35.8.20260817.38","10573497",""
"194975","DIVA NURFAUZIAH","BOOSTER AGT 2026 - ACCS","BK","35.8.20260817.38","10697133",""
"194975","DIVA NURFAUZIAH","REGULER","BB","U35.6.20260817.16","10574600","18,000"
"194975","DIVA NURFAUZIAH","REGULER","BI","U35.6.20260817.16","10702672","6,000"
"194975","DIVA NURFAUZIAH","REGULER","BK","U35.8.20260817.12","10627875","9,600"
"194975","DIVA NURFAUZIAH","REGULER","BK","U35.8.20260817.12","10627873","1,200"
"194975","DIVA NURFAUZIAH","BOOSTER AGT 2026 - ACCS","BK","U35.8.20260817.12","10627873",""
"194975","DIVA NURFAUZIAH","BOOSTER AGT 2026 - ACCS","BK","U35.8.20260817.12","10627875",""
"194975","DIVA NURFAUZIAH","REGULER","BR","U35.8.20260817.17","10016918","37,500"
"194975","DIVA NURFAUZIAH","BOOSTER AGT 2026 - ACCS","BK","35.10.20260819.1","10458021",""
"194975","DIVA NURFAUZIAH","BOOSTER AGT 2026 - ACCS","BK","35.10.20260819.1","10458023",""
"194975","DIVA NURFAUZIAH","BOOSTER AGT 2026 - ACCS","BK","35.10.20260819.1","10667317",""
"194975","DIVA NURFAUZIAH","BOOSTER AGT 2026 - ACCS","BK","35.10.20260819.1","10667318",""
"194975","DIVA NURFAUZIAH","BOOSTER AGT 2026 - ACCS","BK","35.10.20260819.1","10670795",""
"194975","DIVA NURFAUZIAH","BOOSTER AGT 2026 - ACCS","BK","35.10.20260819.1","10670796",""
"194975","DIVA NURFAUZIAH","BOOSTER AGT 2026 - ACCS","BM","35.8.20260819.15","10098849",""
"194975","DIVA NURFAUZIAH","BOOSTER AGT 2026 - ACCS","BM","35.8.20260819.15","10552064",""
"194975","DIVA NURFAUZIAH","BOOSTER AGT 2026 - ACCS","BM","35.8.20260819.15","10593426",""
"194975","DIVA NURFAUZIAH","BOOSTER AGT 2026 - ACCS","BM","35.8.20260819.15","10593427",""
"194975","DIVA NURFAUZIAH","BOOSTER AGT 2026 - ACCS","BM","35.8.20260819.15","10628706",""
"194975","DIVA NURFAUZIAH","REGULER","BK","35.6.20260820.23","10151110","2,400"
"194975","DIVA NURFAUZIAH","REGULER","BK","35.6.20260820.23","10223774","3,600"
"194975","DIVA NURFAUZIAH","BOOSTER AGT 2026 - ACCS","BK","35.6.20260820.23","10151110",""
"194975","DIVA NURFAUZIAH","BOOSTER AGT 2026 - ACCS","BK","35.6.20260820.23","10223774",""
"194975","DIVA NURFAUZIAH","BOOSTER AGT 2026 - ACCS","BK","35.6.20260820.23","10491270",""
"194975","DIVA NURFAUZIAH","BOOSTER AGT 2026 - ACCS","BK","35.6.20260820.23","10542776",""
"194975","DIVA NURFAUZIAH","BOOSTER AGT 2026 - ACCS","BK","35.6.20260820.23","10580753",""
"194975","DIVA NURFAUZIAH","BOOSTER AGT 2026 - ACCS","BK","35.6.20260820.23","10664238",""
"194975","DIVA NURFAUZIAH","BOOSTER AGT 2026 - ACCS","BK","35.6.20260820.23","10664239",""
"194975","DIVA NURFAUZIAH","REGULER","BM","35.10.20260822.21","10566549","2,000"
"194975","DIVA NURFAUZIAH","REGULER","BK","35.6.20260822.31","10515795","9,600"
"194975","DIVA NURFAUZIAH","BOOSTER AGT 2026 - ACCS","BK","35.6.20260822.31","10515795","25,000"
"194975","DIVA NURFAUZIAH","REGULER","BP","U35.10.20260822.6","10625057","19,200"
"194975","DIVA NURFAUZIAH","REGULER","BF","U35.8.20260823.10","10604549","8,000"
"194975","DIVA NURFAUZIAH","REGULER","BI","U35.8.20260823.10","10588136","2,400"
"194975","DIVA NURFAUZIAH","REGULER","BF","U35.8.20260823.10","10507808","13,000"
"194975","DIVA NURFAUZIAH","REGULER","BP","U35.8.20260823.10","10583341","10,800"
"194975","DIVA NURFAUZIAH","REGULER","BN","35.3.20260824.23","10547542","1,000"
"194975","DIVA NURFAUZIAH","REGULER","BD","U35.10.20260824.3","10564726","5,000"
"194975","DIVA NURFAUZIAH","REGULER","BD","U35.10.20260824.3","10138337","3,000"
"194975","DIVA NURFAUZIAH","REGULER","BA","U35.10.20260824.3","10560291","35,000"
"194975","DIVA NURFAUZIAH","REGULER","BM","U35.10.20260824.3","10122901","2,000"
"194975","DIVA NURFAUZIAH","REGULER","BJ","35.10.20260825.21","10712450","8,000"
"194975","DIVA NURFAUZIAH","REGULER","BJ","35.10.20260825.21","10694988","8,000"
"194975","DIVA NURFAUZIAH","REGULER","BJ","35.10.20260825.21","10627723","2,000"
"194975","DIVA NURFAUZIAH","REGULER","BM","35.10.20260825.40","10566950","2,000"
"194975","DIVA NURFAUZIAH","SPECIAL","BL","U35.8.20260825.14","10690161","70,000"
"194975","DIVA NURFAUZIAH","SPECIAL","BL","U35.8.20260825.14","10690159","70,000"
"194975","DIVA NURFAUZIAH","SPECIAL","BL","U35.8.20260825.14","10690158","70,000"
"194975","DIVA NURFAUZIAH","SPECIAL","BL","U35.8.20260825.14","10690160","70,000"
"194975","DIVA NURFAUZIAH","SPECIAL","BL","U35.8.20260825.14","10633454","20,000"
"194975","DIVA NURFAUZIAH","BOOSTER AGT 2026 - ACCS","BL","U35.8.20260825.14","10633454",""
"194975","DIVA NURFAUZIAH","BOOSTER AGT 2026 - ACCS","BL","U35.8.20260825.14","10690158",""
"194975","DIVA NURFAUZIAH","BOOSTER AGT 2026 - ACCS","BL","U35.8.20260825.14","10690159",""
"194975","DIVA NURFAUZIAH","BOOSTER AGT 2026 - ACCS","BL","U35.8.20260825.14","10690160",""
"194975","DIVA NURFAUZIAH","BOOSTER AGT 2026 - ACCS","BL","U35.8.20260825.14","10690161",""
"194975","DIVA NURFAUZIAH","REGULER","BQ","U35.4.20260826.2","10699336","40,000"
"194975","DIVA NURFAUZIAH","REGULER","BI","U35.6.20260826.8","","12,000"
"194975","DIVA NURFAUZIAH","REGULER","BP","U35.6.20260826.8","10498206","18,000"
"194975","DIVA NURFAUZIAH","REGULER","BP","U35.6.20260826.8","10698113","8,400"
"194975","DIVA NURFAUZIAH","REGULER","BP","U35.6.20260826.8","10672451","30,000"
"194975","DIVA NURFAUZIAH","REGULER","BI","U35.6.20260826.8","10569971","2,400"
"194975","DIVA NURFAUZIAH","REGULER","BI","U35.6.20260826.8","","2,400"
"194975","DIVA NURFAUZIAH","REGULER","BI","U35.6.20260826.8","","2,400"
"194975","DIVA NURFAUZIAH","REGULER","BP","U35.6.20260826.8","10538493","24,000"
"194975","DIVA NURFAUZIAH","REGULER","BI","U35.6.20260826.8","10569969","2,400"
"194975","DIVA NURFAUZIAH","REGULER","BP","U35.10.20260827.2","10671362","54,000"
"194975","DIVA NURFAUZIAH","REGULER","BQ","U35.10.20260827.2","10499722","115,000"
"194975","DIVA NURFAUZIAH","REGULER","BQ","U35.10.20260827.2","10499725","14,000"
"194975","DIVA NURFAUZIAH","REGULER","BP","U35.10.20260827.2","10532346","54,000"
"194975","DIVA NURFAUZIAH","REGULER","BQ","U35.10.20260827.2","10499718","70,000"
"194975","DIVA NURFAUZIAH","KHUSUS","BA","U35.10.20260827.2","","209,446"
"194975","DIVA NURFAUZIAH","BOOSTER AGT 2026 - FURNI","BA","U35.10.20260827.2","","130,000"
"194975","DIVA NURFAUZIAH","BOOSTER AGT 2026 - FURNI","BP","U35.10.20260827.2","10532346","70,000"
"194975","DIVA NURFAUZIAH","BOOSTER AGT 2026 - FURNI","BP","U35.10.20260827.2","10671362","60,000"
"194975","DIVA NURFAUZIAH","REGULER","BK","U35.8.20260828.1","10435639","36,000"
"194975","DIVA NURFAUZIAH","REGULER","BK","U35.8.20260828.1","10452605","36,000"
"194975","DIVA NURFAUZIAH","REGULER","BK","U35.8.20260828.1","10600997","13,200"
"194975","DIVA NURFAUZIAH","BOOSTER AGT 2026 - ACCS","BK","U35.8.20260828.1","10435639",""
"194975","DIVA NURFAUZIAH","BOOSTER AGT 2026 - ACCS","BK","U35.8.20260828.1","10452605",""
"194975","DIVA NURFAUZIAH","BOOSTER AGT 2026 - ACCS","BK","U35.8.20260828.1","10600997",""
"194975","DIVA NURFAUZIAH","REGULER","BQ","U35.13.20260829.3","10607959","8,000"
"194975","DIVA NURFAUZIAH","REGULER","BP","U35.13.20260829.3","10549676","9,600"
"194975","DIVA NURFAUZIAH","REGULER","BD","U35.3.20260829.16","10510603","80,000"
"194975","DIVA NURFAUZIAH","REGULER","BD","U35.7.20260830.10","10685785","60,000"
"194975","DIVA NURFAUZIAH","REGULER","BR","35.13.20260831.16","10580791","1,500"
"194975","DIVA NURFAUZIAH","SPECIAL","BN","35.3.20260831.8","10562498","9,000"
"194975","DIVA NURFAUZIAH","REGULER","BD","U35.3.20260831.12","10093443","0"
"191316","AGUNG PERMADI","REGULER","BO","35.10.20260801.18","10554233","1,000"
"191316","AGUNG PERMADI","REGULER","BK","35.10.20260801.18","10411585","3,600"
"191316","AGUNG PERMADI","REGULER","BK","35.10.20260801.18","10628691","8,400"
"191316","AGUNG PERMADI","SPECIAL","BN","35.10.20260801.18","10609942","10,000"
"191316","AGUNG PERMADI","BOOSTER AGT 2026 - ACCS","BK","35.10.20260801.18","10411585",""
"191316","AGUNG PERMADI","BOOSTER AGT 2026 - ACCS","BK","35.10.20260801.18","10628691",""
"191316","AGUNG PERMADI","REGULER","BJ","35.4.20260801.51","10664236","4,000"
"191316","AGUNG PERMADI","SPECIAL","BJ","35.4.20260801.8","10190620","5,000"
"191316","AGUNG PERMADI","SPECIAL","BJ","35.4.20260801.8","10190612","5,000"
"191316","AGUNG PERMADI","REGULER","BO","35.7.20260802.27","10506858","0"
"191316","AGUNG PERMADI","REGULER","BO","35.7.20260802.27","10570201","1,000"
"191316","AGUNG PERMADI","SPECIAL","BH","U35.8.20260802.7","10471427","50,000"
"191316","AGUNG PERMADI","REGULER","BF","U35.6.20260803.13","10602893","10,000"
"191316","AGUNG PERMADI","REGULER","BF","U35.6.20260803.13","10602898","14,000"
"191316","AGUNG PERMADI","SPECIAL","BG","U35.6.20260803.13","10685699","80,000"
"191316","AGUNG PERMADI","BOOSTER AGT 2026 - FURNI","BG","U35.6.20260803.13","10685699","30,000"
"191316","AGUNG PERMADI","REGULER","BB","U35.13.20260804.3","10467377","7,000"
"191316","AGUNG PERMADI","BOOSTER AGT 2026 - ACCS","BM","U35.13.20260807.3","10579811",""
"191316","AGUNG PERMADI","BOOSTER AGT 2026 - ACCS","BM","U35.13.20260807.3","10579812",""
"191316","AGUNG PERMADI","SPECIAL","BJ","35.13.20260808.15","10643631","30,000"
"191316","AGUNG PERMADI","SPECIAL","BH","35.0.20260809.2","10471427","-50,000"
"191316","AGUNG PERMADI","REGULER","BM","35.10.20260809.4","10493991","2,000"
"191316","AGUNG PERMADI","REGULER","BN","35.7.20260809.7","10547542","1,000"
"191316","AGUNG PERMADI","REGULER","BP","U35.8.20260809.7","10652062","9,600"
"191316","AGUNG PERMADI","REGULER","BP","U35.8.20260809.7","10622162","6,000"
"191316","AGUNG PERMADI","REGULER","BM","35.10.20260811.12","10699168","4,000"
"191316","AGUNG PERMADI","BOOSTER AGT 2026 - ACCS","BM","35.10.20260811.12","10437800",""
"191316","AGUNG PERMADI","BOOSTER AGT 2026 - ACCS","BM","35.10.20260811.12","10628200",""
"191316","AGUNG PERMADI","BOOSTER AGT 2026 - ACCS","BM","35.10.20260811.12","10699168",""
"191316","AGUNG PERMADI","SPECIAL","BN","35.6.20260813.26","10643367","5,000"
"191316","AGUNG PERMADI","REGULER","BO","35.10.20260815.40","10594770","0"
"191316","AGUNG PERMADI","REGULER","BD","U35.3.20260815.7","10510603","145,000"
"191316","AGUNG PERMADI","REGULER","BN","35.7.20260816.40","10270802","0"
"191316","AGUNG PERMADI","REGULER","BO","35.8.20260816.63","10506858","0"
"191316","AGUNG PERMADI","REGULER","BO","35.8.20260816.63","10644142","1,000"
"191316","AGUNG PERMADI","REGULER","BD","U35.13.20260816.3","10612730","5,000"
"191316","AGUNG PERMADI","KHUSUS","BA","U35.13.20260816.3","10634167","128,100"
"191316","AGUNG PERMADI","REGULER","BF","U35.13.20260816.5","10313415","10,000"
"191316","AGUNG PERMADI","REGULER","BF","U35.13.20260816.5","10507587","14,000"
"191316","AGUNG PERMADI","REGULER","BB","U35.3.20260816.21","10571022","11,000"
"191316","AGUNG PERMADI","REGULER","BJ","U35.4.20260816.10","10614684","7,000"
"191316","AGUNG PERMADI","SPECIAL","BG","U35.4.20260816.9","10447852","80,000"
"191316","AGUNG PERMADI","SPECIAL","BN","35.3.20260817.33","10675111","10,000"
"191316","AGUNG PERMADI","SPECIAL","BJ","35.4.20260817.18","","2,000"
"191316","AGUNG PERMADI","REGULER","BR","U35.13.20260817.22","10672857","24,000"
"191316","AGUNG PERMADI","REGULER","BF","U35.13.20260817.22","10571555","16,000"
"191316","AGUNG PERMADI","REGULER","BF","U35.13.20260817.22","10413263","8,000"
"191316","AGUNG PERMADI","SPECIAL","BG","U35.13.20260817.22","10653980","50,000"
"191316","AGUNG PERMADI","REGULER","BI","U35.6.20260817.2","10588136","2,400"
"191316","AGUNG PERMADI","REGULER","BE","U35.6.20260817.2","10418659","14,000"
"191316","AGUNG PERMADI","REGULER","BI","U35.6.20260817.2","10643798","2,400"
"191316","AGUNG PERMADI","REGULER","BI","35.0.20260819.4","10552061","-1,200"
"191316","AGUNG PERMADI","KHUSUS","BA","U35.10.20260819.2","10634166","0"
"191316","AGUNG PERMADI","REGULER","BB","U35.7.20260819.9","10583274","30,000"
"191316","AGUNG PERMADI","REGULER","BB","U35.7.20260819.9","10591160","25,000"
"191316","AGUNG PERMADI","REGULER","BL","35.10.20260821.14","10698327","11,000"
"191316","AGUNG PERMADI","BOOSTER AGT 2026 - ACCS","BL","35.10.20260821.14","10698327","25,000"
"191316","AGUNG PERMADI","REGULER","BD","U35.3.20260821.8","10149480","100,000"
"191316","AGUNG PERMADI","KHUSUS","BA","U35.3.20260821.8","10590395","216,203"
"191316","AGUNG PERMADI","SPECIAL","BB","U35.3.20260821.8","10553214","100,000"
"191316","AGUNG PERMADI","SPECIAL","BD","U35.3.20260821.8","10560138","300,000"
"191316","AGUNG PERMADI","SPECIAL","BB","U35.3.20260821.8","10563910","100,000"
"191316","AGUNG PERMADI","REGULER","BD","U35.3.20260821.9","","25,000"
"191316","AGUNG PERMADI","REGULER","BP","U35.7.20260822.14","10581856","20,400"
"191316","AGUNG PERMADI","REGULER","BP","U35.7.20260822.14","10603388","24,000"
"191316","AGUNG PERMADI","REGULER","BF","U35.7.20260822.15","10601784","18,000"
"191316","AGUNG PERMADI","REGULER","BF","U35.7.20260822.15","10462512","50,000"
"191316","AGUNG PERMADI","REGULER","BF","U35.7.20260822.15","10424773","40,000"
"191316","AGUNG PERMADI","REGULER","BF","U35.7.20260822.15","10667779","45,000"
"191316","AGUNG PERMADI","REGULER","BF","U35.7.20260822.15","10629265","50,000"
"191316","AGUNG PERMADI","SPECIAL","BG","U35.7.20260822.15","10566546","80,000"
"191316","AGUNG PERMADI","SPECIAL","BF","U35.7.20260822.15","10545239","40,000"
"191316","AGUNG PERMADI","SPECIAL","BG","U35.7.20260822.15","10577268","160,000"
"191316","AGUNG PERMADI","SPECIAL","BG","U35.7.20260822.15","10577269","80,000"
"191316","AGUNG PERMADI","BOOSTER AGT 2026 - FURNI","BF","U35.7.20260822.15","10532454","50,000"
"191316","AGUNG PERMADI","SPECIAL","BF","U35.7.20260822.16","10648126","150,000"
"191316","AGUNG PERMADI","REGULER","BJ","U35.7.20260822.17","10603617","7,000"
"191316","AGUNG PERMADI","REGULER","BJ","U35.7.20260822.17","10603621","7,000"
"191316","AGUNG PERMADI","SPECIAL","BJ","U35.7.20260822.17","10664231","30,000"
"191316","AGUNG PERMADI","SPECIAL","BJ","U35.7.20260822.17","10643611","30,000"
"191316","AGUNG PERMADI","SPECIAL","BJ","U35.7.20260822.17","10603216","75,000"
"191316","AGUNG PERMADI","SPECIAL","BJ","U35.7.20260822.17","10665064","75,000"
"191316","AGUNG PERMADI","SPECIAL","BJ","U35.7.20260822.17","10213920","10,000"
"191316","AGUNG PERMADI","SPECIAL","BJ","U35.7.20260822.17","10568168","8,000"
"191316","AGUNG PERMADI","SPECIAL","BJ","U35.7.20260822.17","10568370","4,000"
"191316","AGUNG PERMADI","SPECIAL","BJ","U35.7.20260822.17","10664234","30,000"
"191316","AGUNG PERMADI","REGULER","BM","35.3.20260823.17","10172886","4,000"
"191316","AGUNG PERMADI","REGULER","BK","35.78.20260823.45","10367684","14,400"
"191316","AGUNG PERMADI","BOOSTER AGT 2026 - ACCS","BK","35.78.20260823.45","10367684","25,000"
"191316","AGUNG PERMADI","REGULER","DB","35.78.20260824.11","10152400","6,000"
"191316","AGUNG PERMADI","SPECIAL","BN","35.78.20260824.14","10485966","5,000"
"191316","AGUNG PERMADI","REGULER","BM","35.78.20260824.21","10161037","2,000"
"191316","AGUNG PERMADI","REGULER","BM","35.78.20260824.23","10420958","3,000"
"191316","AGUNG PERMADI","REGULER","BM","35.78.20260824.23","10523859","2,000"
"191316","AGUNG PERMADI","BOOSTER AGT 2026 - ACCS","BM","35.78.20260824.23","10420958",""
"191316","AGUNG PERMADI","BOOSTER AGT 2026 - ACCS","BM","35.78.20260824.23","10464039",""
"191316","AGUNG PERMADI","BOOSTER AGT 2026 - ACCS","BM","35.78.20260824.23","10523859",""
"191316","AGUNG PERMADI","BOOSTER AGT 2026 - ACCS","BM","35.78.20260824.23","10577371",""
"191316","AGUNG PERMADI","BOOSTER AGT 2026 - ACCS","BM","35.78.20260824.23","10604720",""
"191316","AGUNG PERMADI","REGULER","BK","35.78.20260825.26","10664534","13,200"
"191316","AGUNG PERMADI","BOOSTER AGT 2026 - ACCS","BK","35.78.20260825.26","10664534","25,000"
"191316","AGUNG PERMADI","REGULER","BM","35.78.20260825.37","10102966","3,000"
"191316","AGUNG PERMADI","KHUSUS","BA","U35.6.20260825.11","10568394","83,277"
"191316","AGUNG PERMADI","KHUSUS","BA","U35.6.20260825.11","10568397","83,277"
"191316","AGUNG PERMADI","KHUSUS","BA","U35.6.20260825.11","10568398","83,277"
"191316","AGUNG PERMADI","KHUSUS","BA","U35.6.20260825.11","10568399","83,277"
"191316","AGUNG PERMADI","REGULER","BG","35.13.20260829.9","10502873","20,000"
"191316","AGUNG PERMADI","REGULER","BQ","U35.6.20260830.14","10591339","14,000"
"191316","AGUNG PERMADI","REGULER","BB","U35.6.20260830.14","10695712","17,000"
"191316","AGUNG PERMADI","REGULER","BI","35.4.20260831.12","10569968","4,800"
"108387","CHOIRUN NISSA","REGULER","BJ","35.13.20260801.35","10701401","2,000"
"108387","CHOIRUN NISSA","SPECIAL","BJ","35.13.20260801.35","10188211","10,000"
"108387","CHOIRUN NISSA","REGULER","BI","35.4.20260801.57","10702672","6,000"
"108387","CHOIRUN NISSA","REGULER","BL","35.7.20260801.61","10457016","7,000"
"108387","CHOIRUN NISSA","BOOSTER AGT 2026 - ACCS","BL","35.7.20260801.61","10457016","25,000"
"108387","CHOIRUN NISSA","REGULER","BM","35.7.20260801.62","10523859","2,000"
"108387","CHOIRUN NISSA","REGULER","BP","U35.13.20260801.17","10590531","48,000"
"108387","CHOIRUN NISSA","REGULER","BM","35.78.20260802.69","10595794","2,000"
"108387","CHOIRUN NISSA","REGULER","BB","U35.4.20260802.7","10680206","18,000"
"108387","CHOIRUN NISSA","REGULER","BM","U35.4.20260802.8","10610830","8,000"
"108387","CHOIRUN NISSA","REGULER","BM","U35.4.20260802.8","10462836","6,000"
"108387","CHOIRUN NISSA","BOOSTER AGT 2026 - ACCS","BM","U35.4.20260802.8","10462836",""
"108387","CHOIRUN NISSA","BOOSTER AGT 2026 - ACCS","BM","U35.4.20260802.8","10610830",""
"108387","CHOIRUN NISSA","REGULER","BO","35.78.20260804.60","10565507","4,000"
"108387","CHOIRUN NISSA","REGULER","BO","35.8.20260804.1","10506858","0"
"108387","CHOIRUN NISSA","REGULER","BO","35.8.20260804.1","10570201","1,000"
"108387","CHOIRUN NISSA","REGULER","BH","U35.3.20260804.9","10426856","30,000"
"108387","CHOIRUN NISSA","REGULER","BR","35.4.20260805.5","10515770","12,000"
"108387","CHOIRUN NISSA","REGULER","BN","U35.8.20260805.4","10443219","3,000"
"108387","CHOIRUN NISSA","REGULER","BD","U35.8.20260805.4","10626145","45,000"
"108387","CHOIRUN NISSA","REGULER","BN","U35.8.20260805.4","10425174","2,000"
"108387","CHOIRUN NISSA","REGULER","BN","U35.8.20260805.4","10517460","2,000"
"108387","CHOIRUN NISSA","SPECIAL","BN","U35.8.20260805.4","10675110","10,000"
"108387","CHOIRUN NISSA","SPECIAL","BL","U35.8.20260805.4","10377031","50,000"
"108387","CHOIRUN NISSA","SPECIAL","BL","U35.8.20260805.4","10418511","20,000"
"108387","CHOIRUN NISSA","SPECIAL","BN","U35.8.20260805.4","10418200","30,000"
"108387","CHOIRUN NISSA","SPECIAL","BN","U35.8.20260805.4","10548407","20,000"
"108387","CHOIRUN NISSA","BOOSTER AGT 2026 - ACCS","BL","U35.8.20260805.4","10377031",""
"108387","CHOIRUN NISSA","BOOSTER AGT 2026 - ACCS","BL","U35.8.20260805.4","10418511",""
"108387","CHOIRUN NISSA","REGULER","BA","U35.10.20260806.1","10708334","35,000"
"108387","CHOIRUN NISSA","REGULER","BJ","35.4.20260807.5","10627719","2,000"
"108387","CHOIRUN NISSA","REGULER","BI","35.78.20260807.31","10376557","0"
"108387","CHOIRUN NISSA","REGULER","BL","35.6.20260808.28","10219471","4,000"
"108387","CHOIRUN NISSA","REGULER","BL","U35.10.20260808.6","10550400","5,000"
"108387","CHOIRUN NISSA","REGULER","BL","U35.10.20260808.6","10698328","16,000"
"108387","CHOIRUN NISSA","BOOSTER AGT 2026 - ACCS","BL","U35.10.20260808.6","10550400",""
"108387","CHOIRUN NISSA","BOOSTER AGT 2026 - ACCS","BL","U35.10.20260808.6","10698328",""
"108387","CHOIRUN NISSA","REGULER","BL","35.10.20260809.19","10552212","5,000"
"108387","CHOIRUN NISSA","REGULER","BL","35.10.20260809.19","10219471","4,000"
"108387","CHOIRUN NISSA","BOOSTER AGT 2026 - ACCS","BL","35.10.20260809.19","10109504",""
"108387","CHOIRUN NISSA","BOOSTER AGT 2026 - ACCS","BL","35.10.20260809.19","10219471",""
"108387","CHOIRUN NISSA","BOOSTER AGT 2026 - ACCS","BL","35.10.20260809.19","10552212",""
"108387","CHOIRUN NISSA","REGULER","BO","35.6.20260809.22","10690775","1,000"
"108387","CHOIRUN NISSA","REGULER","BL","35.7.20260809.18","10490480","1,000"
"108387","CHOIRUN NISSA","REGULER","BM","35.78.20260809.77","10420957","2,000"
"108387","CHOIRUN NISSA","REGULER","BL","35.10.20260811.10","10624945","2,000"
"108387","CHOIRUN NISSA","REGULER","BN","35.78.20260811.80","10291595","2,000"
"108387","CHOIRUN NISSA","REGULER","BN","35.78.20260811.85","10291595","2,000"
"108387","CHOIRUN NISSA","KHUSUS","BA","U35.7.20260811.3","10590402","566,651"
"108387","CHOIRUN NISSA","BOOSTER AGT 2026 - FURNI","BA","U35.7.20260811.3","10590402","300,000"
"108387","CHOIRUN NISSA","REGULER","BL","35.6.20260813.16","10457014","2,000"
"108387","CHOIRUN NISSA","REGULER","BL","35.6.20260813.16","10457019","6,000"
"108387","CHOIRUN NISSA","REGULER","BL","35.6.20260813.16","10457018","6,000"
"108387","CHOIRUN NISSA","BOOSTER AGT 2026 - ACCS","BL","35.6.20260813.16","10457014",""
"108387","CHOIRUN NISSA","BOOSTER AGT 2026 - ACCS","BL","35.6.20260813.16","10457018",""
"108387","CHOIRUN NISSA","BOOSTER AGT 2026 - ACCS","BL","35.6.20260813.16","10457019",""
"108387","CHOIRUN NISSA","BOOSTER AGT 2026 - ACCS","BL","35.6.20260813.16","10552423",""
"108387","CHOIRUN NISSA","BOOSTER AGT 2026 - ACCS","BL","35.6.20260813.16","10552425",""
"108387","CHOIRUN NISSA","REGULER","BL","35.10.20260816.43","10552213","2,000"
"108387","CHOIRUN NISSA","REGULER","BM","35.4.20260816.4","10699167","1,000"
"108387","CHOIRUN NISSA","REGULER","BM","35.6.20260816.12","10216754","2,000"
"108387","CHOIRUN NISSA","REGULER","BL","35.6.20260816.20","10550396","6,000"
"108387","CHOIRUN NISSA","BOOSTER AGT 2026 - ACCS","BL","35.6.20260816.20","10550396","25,000"
"108387","CHOIRUN NISSA","REGULER","BM","35.7.20260816.9","10588841","2,000"
"108387","CHOIRUN NISSA","REGULER","BI","35.8.20260816.35","10376563","0"
"108387","CHOIRUN NISSA","REGULER","BI","35.8.20260816.35","10376564","0"
"108387","CHOIRUN NISSA","REGULER","BO","35.8.20260816.47","10644143","2,000"
"108387","CHOIRUN NISSA","REGULER","BO","35.8.20260816.47","10506858","0"
"108387","CHOIRUN NISSA","REGULER","BL","35.8.20260816.62","10113993","2,000"
"108387","CHOIRUN NISSA","REGULER","BC","U35.10.20260816.15","10684470","55,000"
"108387","CHOIRUN NISSA","REGULER","BL","35.6.20260818.4","10550394","3,000"
"108387","CHOIRUN NISSA","REGULER","BM","35.78.20260818.70","10216754","2,000"
"108387","CHOIRUN NISSA","REGULER","DB","35.78.20260818.72","10622147","10,500"
"108387","CHOIRUN NISSA","REGULER","BD","35.78.20260820.43","10425283","1,000"
"108387","CHOIRUN NISSA","BOOSTER AGT 2026 - ACCS","BL","35.8.20260820.12","10710490","12,500"
"108387","CHOIRUN NISSA","BOOSTER AGT 2026 - ACCS","BL","35.8.20260820.12","10710491","6,250"
"108387","CHOIRUN NISSA","BOOSTER AGT 2026 - ACCS","BL","35.8.20260820.12","10710492","6,250"
"108387","CHOIRUN NISSA","REGULER","BK","35.10.20260822.18","10430757","12,000"
"108387","CHOIRUN NISSA","BOOSTER AGT 2026 - ACCS","BK","35.10.20260822.18","10430757",""
"108387","CHOIRUN NISSA","BOOSTER AGT 2026 - ACCS","BK","35.10.20260822.18","10595944",""
"108387","CHOIRUN NISSA","REGULER","BL","U35.6.20260822.4","10457021","9,000"
"108387","CHOIRUN NISSA","REGULER","BR","U35.6.20260822.4","10174197","16,500"
"108387","CHOIRUN NISSA","REGULER","BI","U35.6.20260822.4","10569960","9,600"
"108387","CHOIRUN NISSA","SPECIAL","BL","U35.6.20260822.4","10501860","20,000"
"108387","CHOIRUN NISSA","SPECIAL","BL","U35.6.20260822.4","10420231","20,000"
"108387","CHOIRUN NISSA","BOOSTER AGT 2026 - ACCS","BL","U35.6.20260822.4","10420231",""
"108387","CHOIRUN NISSA","BOOSTER AGT 2026 - ACCS","BL","U35.6.20260822.4","10457021",""
"108387","CHOIRUN NISSA","BOOSTER AGT 2026 - ACCS","BL","U35.6.20260822.4","10501860",""
"108387","CHOIRUN NISSA","REGULER","BM","35.6.20260823.59","10068270","6,000"
"108387","CHOIRUN NISSA","BOOSTER AGT 2026 - ACCS","BM","35.6.20260823.59","10068270","25,000"
"108387","CHOIRUN NISSA","REGULER","BR","U35.10.20260823.13","10672853","18,000"
"108387","CHOIRUN NISSA","REGULER","BR","U35.10.20260823.13","10672856","30,000"
"108387","CHOIRUN NISSA","REGULER","BP","U35.3.20260823.4","10625062","66,000"
"108387","CHOIRUN NISSA","REGULER","BP","U35.3.20260823.4","10647097","42,000"
"108387","CHOIRUN NISSA","REGULER","BD","U35.6.20260823.15","10546013","110,000"
"108387","CHOIRUN NISSA","KHUSUS","BA","U35.6.20260823.15","10682724","229,716"
"108387","CHOIRUN NISSA","SPECIAL","BD","U35.6.20260823.15","10655961","200,000"
"108387","CHOIRUN NISSA","REGULER","BO","U35.6.20260823.16","10206824","18,000"
"108387","CHOIRUN NISSA","BOOSTER AGT 2026 - ACCS","BO","U35.6.20260823.16","10206824","30,000"
"108387","CHOIRUN NISSA","REGULER","BR","U35.13.20260825.10","10340607","60,000"
"108387","CHOIRUN NISSA","REGULER","BI","U35.13.20260825.10","","7,200"
"108387","CHOIRUN NISSA","REGULER","BR","U35.6.20260826.4","10313518","150,000"
"108387","CHOIRUN NISSA","REGULER","BQ","U35.6.20260826.4","10607957","8,000"
"108387","CHOIRUN NISSA","SPECIAL","BB","35.10.20260828.6","10411888","30,000"
"108387","CHOIRUN NISSA","REGULER","BB","U35.10.20260830.11","10683070","5,000"
"108387","CHOIRUN NISSA","REGULER","BQ","U35.8.20260830.1","10642396","9,000"
"108387","CHOIRUN NISSA","REGULER","BO","35.6.20260831.8","10405716","0"
"108387","CHOIRUN NISSA","REGULER","BM","35.7.20260831.1","10595794","3,000"
"108387","CHOIRUN NISSA","SPECIAL","BN","35.7.20260831.1","10361595","5,000"
"108387","CHOIRUN NISSA","BOOSTER AGT 2026 - ACCS","BM","35.7.20260831.1","10176575",""
"108387","CHOIRUN NISSA","BOOSTER AGT 2026 - ACCS","BM","35.7.20260831.1","10593429",""
"108387","CHOIRUN NISSA","BOOSTER AGT 2026 - ACCS","BM","35.7.20260831.1","10595794",""
"108387","CHOIRUN NISSA","REGULER","BR","U35.7.20260831.4","10300744","67,500"
"108387","CHOIRUN NISSA","REGULER","BR","U35.7.20260831.4","10177599","27,000"
"194645","DEWI FEBRIANI","KHUSUS - JULI 2026","BA","U35.10.20260705.16","10682728","160,036"
"194645","DEWI FEBRIANI","KHUSUS - JULI 2026","BA","U35.8.20260710.6","10634167","170,257"
"194645","DEWI FEBRIANI","REGULER","BN","35.3.20260802.23","10547533","2,000"
"194645","DEWI FEBRIANI","REGULER","BN","35.3.20260802.48","10263752","1,000"
"194645","DEWI FEBRIANI","SPECIAL","BN","35.3.20260802.48","10548407","20,000"
"194645","DEWI FEBRIANI","SPECIAL","BN","35.3.20260802.48","10553954","5,000"
"194645","DEWI FEBRIANI","REGULER","BM","35.6.20260802.21","10582557","2,000"
"194645","DEWI FEBRIANI","SPECIAL","BJ","35.6.20260802.21","10597131","5,000"
"194645","DEWI FEBRIANI","SPECIAL","BJ","35.6.20260802.21","10610061","10,000"
"194645","DEWI FEBRIANI","SPECIAL","BN","35.7.20260802.13","10606804","5,000"
"194645","DEWI FEBRIANI","REGULER","BN","35.7.20260802.17","10426498","3,000"
"194645","DEWI FEBRIANI","REGULER","BK","U35.3.20260802.26","10702968","16,800"
"194645","DEWI FEBRIANI","REGULER","BK","U35.3.20260802.26","10502503","21,600"
"194645","DEWI FEBRIANI","REGULER","BD","U35.3.20260802.26","","25,000"
"194645","DEWI FEBRIANI","SPECIAL","BG","U35.3.20260802.26","10553212","100,000"
"194645","DEWI FEBRIANI","BOOSTER AGT 2026 - ACCS","BK","U35.3.20260802.26","10502503",""
"194645","DEWI FEBRIANI","BOOSTER AGT 2026 - ACCS","BK","U35.3.20260802.26","10702968",""
"194645","DEWI FEBRIANI","REGULER","BN","35.3.20260803.18","10540067","0"
"194645","DEWI FEBRIANI","REGULER","BP","U35.10.20260803.7","10671357","60,000"
"194645","DEWI FEBRIANI","REGULER","BP","U35.10.20260803.7","10649518","96,000"
"194645","DEWI FEBRIANI","REGULER","BR","U35.10.20260803.7","10504950","16,500"
"194645","DEWI FEBRIANI","REGULER","BP","U35.10.20260803.7","10557107","16,800"
"194645","DEWI FEBRIANI","REGULER","BP","U35.10.20260803.7","10649517","30,000"
"194645","DEWI FEBRIANI","REGULER","BP","U35.10.20260803.7","10603389","24,000"
"194645","DEWI FEBRIANI","REGULER","BP","U35.10.20260803.7","10671360","30,000"
"194645","DEWI FEBRIANI","BOOSTER AGT 2026 - FURNI","BP","U35.10.20260803.7","10671357","100,000"
"194645","DEWI FEBRIANI","REGULER","BN","35.6.20260806.22","10059178","6,000"
"194645","DEWI FEBRIANI","REGULER","BB","U35.7.20260806.1","10577829","19,000"
"194645","DEWI FEBRIANI","REGULER","BE","U35.7.20260806.4","10585222","20,000"
"194645","DEWI FEBRIANI","SPECIAL","BN","35.7.20260808.28","10555914","5,000"
"194645","DEWI FEBRIANI","REGULER","BN","35.3.20260813.9","10570652","5,000"
"194645","DEWI FEBRIANI","SPECIAL","BN","35.4.20260813.5","10657064","4,000"
"194645","DEWI FEBRIANI","SPECIAL","BJ","35.4.20260813.5","10572390","5,000"
"194645","DEWI FEBRIANI","REGULER","BP","35.0.20260815.1","10557107","-16,800"
"194645","DEWI FEBRIANI","REGULER","BN","35.4.20260815.10","10547542","3,000"
"194645","DEWI FEBRIANI","BOOSTER AGT 2026 - ACCS","DB","35.4.20260815.10","10558541",""
"194645","DEWI FEBRIANI","BOOSTER AGT 2026 - ACCS","DB","35.4.20260815.10","10590381",""
"194645","DEWI FEBRIANI","BOOSTER AGT 2026 - ACCS","DB","35.4.20260815.10","10596842",""
"194645","DEWI FEBRIANI","BOOSTER AGT 2026 - ACCS","DD","35.4.20260815.10","10489481",""
"194645","DEWI FEBRIANI","REGULER","BP","U35.4.20260815.17","10581765","19,200"
"194645","DEWI FEBRIANI","REGULER","BM","U35.7.20260815.7","10593570","2,000"
"194645","DEWI FEBRIANI","SPECIAL","BN","35.7.20260816.42","10361595","5,000"
"194645","DEWI FEBRIANI","REGULER","BE","U35.3.20260817.13","10413103","30,000"
"194645","DEWI FEBRIANI","REGULER","BQ","U35.4.20260819.1","10548352","500,000"
"194645","DEWI FEBRIANI","BOOSTER AGT 2026 - FURNI","BQ","U35.4.20260819.1","10548352","720,000"
"194645","DEWI FEBRIANI","REGULER","BK","35.6.20260821.14","10702965","13,200"
"194645","DEWI FEBRIANI","BOOSTER AGT 2026 - ACCS","BK","35.6.20260821.14","10702965","25,000"
"194645","DEWI FEBRIANI","REGULER","BO","35.6.20260821.15","10647368","3,000"
"194645","DEWI FEBRIANI","REGULER","BO","35.10.20260822.30","10599264","1,000"
"194645","DEWI FEBRIANI","REGULER","BM","35.8.20260822.44","10161712","4,000"
"194645","DEWI FEBRIANI","REGULER","BM","35.10.20260823.11","10513907","2,000"
"194645","DEWI FEBRIANI","REGULER","BM","35.10.20260823.11","10216800","1,000"
"194645","DEWI FEBRIANI","BOOSTER AGT 2026 - ACCS","BM","35.10.20260823.11","10176575",""
"194645","DEWI FEBRIANI","BOOSTER AGT 2026 - ACCS","BM","35.10.20260823.11","10216482",""
"194645","DEWI FEBRIANI","BOOSTER AGT 2026 - ACCS","BM","35.10.20260823.11","10216800",""
"194645","DEWI FEBRIANI","BOOSTER AGT 2026 - ACCS","BM","35.10.20260823.11","10513907",""
"194645","DEWI FEBRIANI","REGULER","BK","35.10.20260823.6","10616484","6,000"
"194645","DEWI FEBRIANI","REGULER","BP","35.13.20260823.22","10625060","12,000"
"194645","DEWI FEBRIANI","REGULER","BP","U35.3.20260823.16","10671355","66,000"
"194645","DEWI FEBRIANI","REGULER","BP","U35.3.20260823.16","10590531","48,000"
"194645","DEWI FEBRIANI","REGULER","BQ","U35.3.20260823.16","","45,000"
"194645","DEWI FEBRIANI","SPECIAL","BN","35.3.20260824.35","10103379","12,000"
"194645","DEWI FEBRIANI","REGULER","BM","35.6.20260824.1","10021016","2,000"
"194645","DEWI FEBRIANI","REGULER","BN","35.8.20260826.4","10541171","4,000"
"194645","DEWI FEBRIANI","REGULER","BK","35.6.20260828.9","10454538","9,600"
"194645","DEWI FEBRIANI","REGULER","BL","35.6.20260828.9","10457023","9,000"
"194645","DEWI FEBRIANI","REGULER","BK","35.6.20260828.9","10560808","4,800"
"194645","DEWI FEBRIANI","REGULER","BN","35.6.20260828.9","10686585","2,000"
"194645","DEWI FEBRIANI","REGULER","BK","35.6.20260828.9","10664356","3,600"
"194645","DEWI FEBRIANI","REGULER","BN","35.6.20260828.9","10659030","3,000"
"194645","DEWI FEBRIANI","REGULER","BK","35.6.20260828.9","10454537","6,000"
"194645","DEWI FEBRIANI","SPECIAL","BN","35.6.20260828.9","10562498","9,000"
"194645","DEWI FEBRIANI","SPECIAL","BN","35.6.20260828.9","10443912","12,000"
"194645","DEWI FEBRIANI","BOOSTER AGT 2026 - ACCS","BK","35.6.20260828.9","10249896",""
"194645","DEWI FEBRIANI","BOOSTER AGT 2026 - ACCS","BK","35.6.20260828.9","10454537",""
"194645","DEWI FEBRIANI","BOOSTER AGT 2026 - ACCS","BK","35.6.20260828.9","10454538",""
"194645","DEWI FEBRIANI","BOOSTER AGT 2026 - ACCS","BK","35.6.20260828.9","10554244",""
"194645","DEWI FEBRIANI","BOOSTER AGT 2026 - ACCS","BK","35.6.20260828.9","10560808",""
"194645","DEWI FEBRIANI","BOOSTER AGT 2026 - ACCS","BK","35.6.20260828.9","10664356",""
"194645","DEWI FEBRIANI","BOOSTER AGT 2026 - ACCS","BL","35.6.20260828.9","10457023","25,000"
"194645","DEWI FEBRIANI","REGULER","BO","35.6.20260829.23","10506858","0"
"194645","DEWI FEBRIANI","REGULER","BO","35.6.20260829.23","10567936","0"
"194645","DEWI FEBRIANI","REGULER","BM","35.6.20260829.35","10420957","2,000"
"194645","DEWI FEBRIANI","REGULER","BM","35.6.20260829.35","10628704","2,000"
"194645","DEWI FEBRIANI","SPECIAL","BL","35.7.20260829.26","10633349","20,000"
"194645","DEWI FEBRIANI","BOOSTER AGT 2026 - ACCS","BL","35.7.20260829.26","10633349","25,000"
"194645","DEWI FEBRIANI","REGULER","BM","35.78.20260829.43","10102966","3,000"
"194645","DEWI FEBRIANI","REGULER","BK","35.78.20260829.46","10457868","2,400"
"194645","DEWI FEBRIANI","REGULER","BM","35.78.20260829.48","10465765","2,000"
"194645","DEWI FEBRIANI","REGULER","BK","35.78.20260829.50","10574119","3,600"
"194645","DEWI FEBRIANI","REGULER","BJ","35.78.20260829.59","10695147","8,000"
"194645","DEWI FEBRIANI","REGULER","BM","35.78.20260829.60","10593570","8,000"
"194645","DEWI FEBRIANI","BOOSTER AGT 2026 - ACCS","BM","35.78.20260829.60","10593570","25,000"
"194645","DEWI FEBRIANI","REGULER","BO","35.78.20260829.63","10570201","1,000"
"194645","DEWI FEBRIANI","REGULER","BO","35.78.20260829.63","10609953","1,000"
"194645","DEWI FEBRIANI","REGULER","BD","U35.6.20260829.12","10633167","35,000"
"194645","DEWI FEBRIANI","REGULER","BB","U35.6.20260829.13","10551207","11,000"
"194645","DEWI FEBRIANI","REGULER","BK","35.6.20260830.13","10573497","16,800"
"194645","DEWI FEBRIANI","BOOSTER AGT 2026 - ACCS","BK","35.6.20260830.13","10573497","50,000"
"194645","DEWI FEBRIANI","REGULER","DB","35.7.20260830.4","10649858","4,500"
"194645","DEWI FEBRIANI","KHUSUS","BB","U35.6.20260830.2","10521066","6,743"
"194645","DEWI FEBRIANI","REGULER","BD","U35.7.20260830.9","10633166","50,000"
"194645","DEWI FEBRIANI","SPECIAL","BD","U35.7.20260830.9","10713500","150,000"
"194645","DEWI FEBRIANI","REGULER","BJ","35.4.20260831.4","10556527","0"
"110376","FEBIN EDWANSYAH","SPECIAL","BJ","35.4.20260801.14","10602644","10,000"
"110376","FEBIN EDWANSYAH","SPECIAL","BJ","35.4.20260801.14","10602642","10,000"
"110376","FEBIN EDWANSYAH","REGULER","BK","35.8.20260801.11","10477482","1,200"
"110376","FEBIN EDWANSYAH","REGULER","BK","35.8.20260801.45","10212797","2,400"
"110376","FEBIN EDWANSYAH","REGULER","BA","U35.8.20260801.12","10681503","45,000"
"110376","FEBIN EDWANSYAH","REGULER","BK","35.6.20260803.7","10562186","9,600"
"110376","FEBIN EDWANSYAH","BOOSTER AGT 2026 - ACCS","BK","35.6.20260803.7","10562186","25,000"
"110376","FEBIN EDWANSYAH","REGULER","BR","U35.10.20260803.1","10686591","21,000"
"110376","FEBIN EDWANSYAH","REGULER","BR","U35.10.20260803.1","10687868","25,500"
"110376","FEBIN EDWANSYAH","REGULER","BR","U35.10.20260803.1","10106156","37,500"
"110376","FEBIN EDWANSYAH","REGULER","BF","35.0.20260804.1","10634176","-20,000"
"110376","FEBIN EDWANSYAH","BOOSTER AGT 2026 - ACCS","BK","35.10.20260805.9","10701077","50,000"
"110376","FEBIN EDWANSYAH","REGULER","BR","U35.4.20260805.2","10561987","16,500"
"110376","FEBIN EDWANSYAH","REGULER","BI","U35.8.20260805.7","10569959","9,600"
"110376","FEBIN EDWANSYAH","REGULER","BB","U35.8.20260805.7","10606556","12,000"
"110376","FEBIN EDWANSYAH","REGULER","BR","U35.8.20260805.7","10186604","10,500"
"110376","FEBIN EDWANSYAH","SPECIAL","BG","U35.8.20260805.7","10607767","15,000"
"110376","FEBIN EDWANSYAH","REGULER","BN","35.10.20260807.5","10496246","3,000"
"110376","FEBIN EDWANSYAH","REGULER","BK","35.6.20260807.15","10668109","10,800"
"110376","FEBIN EDWANSYAH","BOOSTER AGT 2026 - ACCS","BK","35.6.20260807.15","10208866",""
"110376","FEBIN EDWANSYAH","BOOSTER AGT 2026 - ACCS","BK","35.6.20260807.15","10491805",""
"110376","FEBIN EDWANSYAH","BOOSTER AGT 2026 - ACCS","BK","35.6.20260807.15","10491806",""
"110376","FEBIN EDWANSYAH","BOOSTER AGT 2026 - ACCS","BK","35.6.20260807.15","10595942",""
"110376","FEBIN EDWANSYAH","BOOSTER AGT 2026 - ACCS","BK","35.6.20260807.15","10668109",""
"110376","FEBIN EDWANSYAH","REGULER","BK","35.6.20260807.18","10607412","2,400"
"110376","FEBIN EDWANSYAH","REGULER","BB","35.10.20260809.18","10573844","7,000"
"110376","FEBIN EDWANSYAH","REGULER","BP","U35.8.20260811.3","10625055","19,200"
"110376","FEBIN EDWANSYAH","BOOSTER AGT 2026 - ACCS","BK","35.10.20260814.4","10201673",""
"110376","FEBIN EDWANSYAH","BOOSTER AGT 2026 - ACCS","BK","35.10.20260814.4","",""
"110376","FEBIN EDWANSYAH","BOOSTER AGT 2026 - ACCS","BK","35.10.20260814.4","",""
"110376","FEBIN EDWANSYAH","BOOSTER AGT 2026 - ACCS","BK","35.10.20260814.4","",""
"110376","FEBIN EDWANSYAH","REGULER","BK","35.10.20260815.29","10212798","2,400"
"110376","FEBIN EDWANSYAH","REGULER","BO","35.10.20260815.9","10698135","2,000"
"110376","FEBIN EDWANSYAH","REGULER","BQ","U35.10.20260815.7","10548352","20,000"
"110376","FEBIN EDWANSYAH","REGULER","BM","U35.10.20260815.7","10702723","14,000"
"110376","FEBIN EDWANSYAH","REGULER","BM","U35.10.20260815.7","10702722","15,000"
"110376","FEBIN EDWANSYAH","REGULER","BQ","U35.10.20260815.7","10699333","25,000"
"110376","FEBIN EDWANSYAH","REGULER","BR","U35.10.20260815.7","10082803","90,000"
"110376","FEBIN EDWANSYAH","BOOSTER AGT 2026 - ACCS","BM","U35.10.20260815.7","10109657",""
"110376","FEBIN EDWANSYAH","BOOSTER AGT 2026 - ACCS","BM","U35.10.20260815.7","10631405",""
"110376","FEBIN EDWANSYAH","BOOSTER AGT 2026 - ACCS","BM","U35.10.20260815.7","10702722",""
"110376","FEBIN EDWANSYAH","BOOSTER AGT 2026 - ACCS","BM","U35.10.20260815.7","10702723",""
"110376","FEBIN EDWANSYAH","BOOSTER AGT 2026 - FURNI","BQ","U35.10.20260815.7","10548352","30,000"
"110376","FEBIN EDWANSYAH","REGULER","BA","U35.7.20260816.8","10681509","30,000"
"110376","FEBIN EDWANSYAH","REGULER","BM","U35.7.20260816.8","10493993","2,000"
"110376","FEBIN EDWANSYAH","SPECIAL","BL","35.6.20260817.34","10474297","20,000"
"110376","FEBIN EDWANSYAH","BOOSTER AGT 2026 - ACCS","BL","35.6.20260817.34","10474297","50,000"
"110376","FEBIN EDWANSYAH","REGULER","BK","35.6.20260817.36","10212798","2,400"
"110376","FEBIN EDWANSYAH","REGULER","BC","U35.8.20260817.7","10701084","25,000"
"110376","FEBIN EDWANSYAH","KHUSUS","BA","U35.8.20260817.7","10644740","54,045"
"110376","FEBIN EDWANSYAH","REGULER","BK","35.10.20260819.8","10668109","13,200"
"110376","FEBIN EDWANSYAH","BOOSTER AGT 2026 - ACCS","BK","35.10.20260819.8","10668109","25,000"
"110376","FEBIN EDWANSYAH","REGULER","BD","U35.10.20260819.4","10560139","210,000"
"110376","FEBIN EDWANSYAH","REGULER","BK","U35.10.20260819.4","10445150","90,000"
"110376","FEBIN EDWANSYAH","BOOSTER AGT 2026 - ACCS","BK","U35.10.20260819.4","10445150","350,000"
"110376","FEBIN EDWANSYAH","REGULER","BK","35.10.20260821.16","10616482","6,000"
"110376","FEBIN EDWANSYAH","REGULER","BK","35.6.20260822.12","10641839","4,800"
"110376","FEBIN EDWANSYAH","REGULER","BK","35.6.20260822.12","10641837","4,800"
"110376","FEBIN EDWANSYAH","REGULER","BK","35.6.20260822.12","10641838","4,800"
"110376","FEBIN EDWANSYAH","BOOSTER AGT 2026 - ACCS","BK","35.6.20260822.12","10641837",""
"110376","FEBIN EDWANSYAH","BOOSTER AGT 2026 - ACCS","BK","35.6.20260822.12","10641838",""
"110376","FEBIN EDWANSYAH","BOOSTER AGT 2026 - ACCS","BK","35.6.20260822.12","10641839",""
"110376","FEBIN EDWANSYAH","REGULER","BK","35.8.20260822.36","10614149","2,400"
"110376","FEBIN EDWANSYAH","REGULER","BB","U35.6.20260822.9","10604361","3,000"
"110376","FEBIN EDWANSYAH","REGULER","BK","U35.6.20260822.9","10567263","3,600"
"110376","FEBIN EDWANSYAH","REGULER","BB","U35.6.20260822.9","10199865","20,000"
"110376","FEBIN EDWANSYAH","REGULER","BK","U35.6.20260822.9","10542780","2,400"
"110376","FEBIN EDWANSYAH","BOOSTER AGT 2026 - ACCS","BK","U35.6.20260822.9","10491807",""
"110376","FEBIN EDWANSYAH","BOOSTER AGT 2026 - ACCS","BK","U35.6.20260822.9","10491808",""
"110376","FEBIN EDWANSYAH","BOOSTER AGT 2026 - ACCS","BK","U35.6.20260822.9","10542780",""
"110376","FEBIN EDWANSYAH","BOOSTER AGT 2026 - ACCS","BK","U35.6.20260822.9","10567263",""
"110376","FEBIN EDWANSYAH","BOOSTER AGT 2026 - ACCS","BK","U35.6.20260822.9","10580754",""
"110376","FEBIN EDWANSYAH","BOOSTER AGT 2026 - ACCS","BK","U35.6.20260822.9","10689733",""
"110376","FEBIN EDWANSYAH","REGULER","BI","35.6.20260824.11","10705768","3,600"
"110376","FEBIN EDWANSYAH","REGULER","BK","35.6.20260824.11","10563175","9,600"
"110376","FEBIN EDWANSYAH","BOOSTER AGT 2026 - ACCS","BK","35.6.20260824.11","10563175","25,000"
"110376","FEBIN EDWANSYAH","REGULER","BM","35.6.20260824.19","10550870","5,000"
"110376","FEBIN EDWANSYAH","REGULER","BM","35.6.20260824.19","10132201","2,000"
"110376","FEBIN EDWANSYAH","BOOSTER AGT 2026 - ACCS","BM","35.6.20260824.19","10132201",""
"110376","FEBIN EDWANSYAH","BOOSTER AGT 2026 - ACCS","BM","35.6.20260824.19","10550870",""
"110376","FEBIN EDWANSYAH","REGULER","BK","35.6.20260824.7","10467893","2,400"
"110376","FEBIN EDWANSYAH","REGULER","BK","35.6.20260824.7","10542779","7,200"
"110376","FEBIN EDWANSYAH","BOOSTER AGT 2026 - ACCS","BK","35.6.20260824.7","10201595","4,064"
"110376","FEBIN EDWANSYAH","BOOSTER AGT 2026 - ACCS","BK","35.6.20260824.7","10467893",""
"110376","FEBIN EDWANSYAH","BOOSTER AGT 2026 - ACCS","BK","35.6.20260824.7","10542779",""
"110376","FEBIN EDWANSYAH","BOOSTER AGT 2026 - ACCS","BK","35.6.20260824.7","10702662",""
"110376","FEBIN EDWANSYAH","BOOSTER AGT 2026 - ACCS","BK","35.6.20260824.7","",""
"110376","FEBIN EDWANSYAH","BOOSTER AGT 2026 - ACCS","BK","35.6.20260824.7","",""
"110376","FEBIN EDWANSYAH","BOOSTER AGT 2026 - ACCS","BK","35.6.20260824.7","",""
"110376","FEBIN EDWANSYAH","BOOSTER AGT 2026 - ACCS","BK","35.6.20260824.7","",""
"110376","FEBIN EDWANSYAH","BOOSTER AGT 2026 - ACCS","BK","35.6.20260824.7","",""
"110376","FEBIN EDWANSYAH","SPECIAL","BD","U35.6.20260824.3","10498001","200,000"
"110376","FEBIN EDWANSYAH","SPECIAL","BB","U35.8.20260824.10","10591297","50,000"
"110376","FEBIN EDWANSYAH","REGULER","BL","U35.10.20260825.6","10698328","16,000"
"110376","FEBIN EDWANSYAH","REGULER","BQ","U35.10.20260825.6","10636494","20,000"
"110376","FEBIN EDWANSYAH","BOOSTER AGT 2026 - ACCS","BL","U35.10.20260825.6","10698328","50,000"
"110376","FEBIN EDWANSYAH","REGULER","BH","U35.6.20260825.23","10426856","30,000"
"110376","FEBIN EDWANSYAH","SPECIAL","BB","U35.7.20260826.4","10686111","300,000"
"110376","FEBIN EDWANSYAH","REGULER","BQ","U35.10.20260827.4","10687013","145,000"
"110376","FEBIN EDWANSYAH","REGULER","BQ","U35.10.20260827.4","10687011","25,000"
"110376","FEBIN EDWANSYAH","REGULER","BQ","U35.10.20260827.5","10499727","25,000"
"110376","FEBIN EDWANSYAH","SPECIAL","BL","35.8.20260828.14","10694056","50,000"
"110376","FEBIN EDWANSYAH","BOOSTER AGT 2026 - ACCS","BL","35.8.20260828.14","10694056","50,000"
"110376","FEBIN EDWANSYAH","SPECIAL","BF","U35.8.20260828.2","10708980","50,000"
"110376","FEBIN EDWANSYAH","REGULER","BF","35.13.20260829.5","10601786","9,000"
"110376","FEBIN EDWANSYAH","SPECIAL","BF","U35.13.20260829.2","10679314","100,000"
"110376","FEBIN EDWANSYAH","BOOSTER AGT 2026 - FURNI","BF","U35.13.20260829.2","10679314","30,000"
"110376","FEBIN EDWANSYAH","REGULER","BD","U35.7.20260829.2","10227124","50,000"
"110376","FEBIN EDWANSYAH","KHUSUS","BA","U35.6.20260830.15","10706832","165,149"
"175001","FERDIAWAN","SPECIAL","BJ","35.3.20260801.2","10444665","15,000"
"175001","FERDIAWAN","REGULER","BA","U35.3.20260801.1","10681507","0"
"175001","FERDIAWAN","KHUSUS","BA","U35.3.20260801.1","10681538","405,223"
"175001","FERDIAWAN","SPECIAL","BJ","U35.3.20260801.2","","4,000"
"175001","FERDIAWAN","SPECIAL","BJ","U35.3.20260801.2","","6,000"
"175001","FERDIAWAN","SPECIAL","BL","U35.3.20260801.2","10632131","70,000"
"175001","FERDIAWAN","BOOSTER AGT 2026 - ACCS","BL","U35.3.20260801.2","10632131","75,000"
"175001","FERDIAWAN","SPECIAL","BJ","35.13.20260802.38","10697903","20,000"
"175001","FERDIAWAN","SPECIAL","BJ","35.4.20260802.13","10444666","15,000"
"175001","FERDIAWAN","SPECIAL","BJ","35.4.20260802.13","10444665","15,000"
"175001","FERDIAWAN","SPECIAL","BG","U35.13.20260802.15","10590728","100,000"
"175001","FERDIAWAN","REGULER","BC","U35.6.20260802.1","10635421","40,000"
"175001","FERDIAWAN","REGULER","BO","35.6.20260804.26","10637805","3,000"
"175001","FERDIAWAN","REGULER","BK","35.13.20260806.2","10453978","0"
"175001","FERDIAWAN","REGULER","BQ","U35.13.20260806.3","10607957","10,000"
"175001","FERDIAWAN","REGULER","BR","U35.13.20260806.3","","12,000"
"175001","FERDIAWAN","REGULER","BQ","U35.13.20260806.3","10410105","18,000"
"175001","FERDIAWAN","REGULER","BD","U35.7.20260806.5","10562026","35,000"
"175001","FERDIAWAN","REGULER","BR","U35.7.20260806.5","10111815","60,000"
"175001","FERDIAWAN","REGULER","BA","U35.7.20260807.7","10564446","75,000"
"175001","FERDIAWAN","REGULER","BD","U35.7.20260807.7","10580404","25,000"
"175001","FERDIAWAN","SPECIAL","BB","U35.7.20260807.7","10553214","100,000"
"175001","FERDIAWAN","SPECIAL","BN","U35.7.20260807.8","10259789","5,000"
"175001","FERDIAWAN","SPECIAL","BL","U35.7.20260807.8","10624946","20,000"
"175001","FERDIAWAN","BOOSTER AGT 2026 - ACCS","BL","U35.7.20260807.8","10624946","25,000"
"175001","FERDIAWAN","REGULER","BB","U35.7.20260808.10","10568823","12,000"
"175001","FERDIAWAN","SPECIAL","BF","U35.7.20260808.9","10601782","70,000"
"175001","FERDIAWAN","REGULER","BP","U35.8.20260808.11","10643609","36,000"
"175001","FERDIAWAN","REGULER","BQ","U35.8.20260808.11","10666134","20,000"
"175001","FERDIAWAN","REGULER","BJ","35.6.20260809.47","10695144","7,000"
"175001","FERDIAWAN","SPECIAL","BJ","35.6.20260809.47","10637440","20,000"
"175001","FERDIAWAN","REGULER","BK","35.6.20260809.6","10433866","2,400"
"175001","FERDIAWAN","REGULER","BK","35.6.20260809.6","10467783","8,400"
"175001","FERDIAWAN","REGULER","BL","35.6.20260809.6","10276076","2,000"
"175001","FERDIAWAN","BOOSTER AGT 2026 - ACCS","BK","35.6.20260809.6","10433866",""
"175001","FERDIAWAN","BOOSTER AGT 2026 - ACCS","BK","35.6.20260809.6","10467783",""
"175001","FERDIAWAN","SPECIAL","BN","35.8.20260809.1","10675111","10,000"
"175001","FERDIAWAN","REGULER","BA","U35.6.20260809.15","10681508","65,000"
"175001","FERDIAWAN","REGULER","BF","U35.6.20260809.15","10627175","45,000"
"175001","FERDIAWAN","SPECIAL","BG","U35.6.20260809.15","10655057","80,000"
"175001","FERDIAWAN","REGULER","BO","35.3.20260816.23","10599270","1,000"
"175001","FERDIAWAN","REGULER","BK","35.3.20260816.23","10575253","16,800"
"175001","FERDIAWAN","REGULER","BO","35.3.20260816.23","10470931","2,000"
"175001","FERDIAWAN","BOOSTER AGT 2026 - ACCS","BK","35.3.20260816.23","10575253","50,000"
"175001","FERDIAWAN","REGULER","BL","35.8.20260816.27","10113993","2,000"
"175001","FERDIAWAN","REGULER","BI","U35.3.20260816.12","10588136","2,400"
"175001","FERDIAWAN","REGULER","BB","U35.3.20260816.12","10199865","20,000"
"175001","FERDIAWAN","BOOSTER AGT 2026 - FURNI","BF","U35.3.20260816.12","10532454","50,000"
"175001","FERDIAWAN","SPECIAL","BJ","35.13.20260817.2","10560076","10,000"
"175001","FERDIAWAN","SPECIAL","BJ","35.13.20260817.2","10560054","9,000"
"175001","FERDIAWAN","REGULER","BQ","35.13.20260817.4","10410103","11,000"
"175001","FERDIAWAN","REGULER","BN","35.3.20260817.32","10515626","1,000"
"175001","FERDIAWAN","SPECIAL","BN","35.3.20260817.32","10259789","5,000"
"175001","FERDIAWAN","REGULER","BK","35.6.20260817.16","10291239","3,600"
"175001","FERDIAWAN","SPECIAL","BI","U35.6.20260817.10","10705955","195,000"
"175001","FERDIAWAN","REGULER","BR","35.4.20260818.15","10275775","10,500"
"175001","FERDIAWAN","REGULER","BB","U35.6.20260818.2","10671374","25,000"
"175001","FERDIAWAN","REGULER","BP","U35.6.20260818.3","10671355","66,000"
"175001","FERDIAWAN","REGULER","BQ","U35.6.20260818.3","10687014","20,000"
"175001","FERDIAWAN","REGULER","BO","35.10.20260821.10","10215365","8,000"
"175001","FERDIAWAN","REGULER","BJ","35.10.20260821.10","10643567","4,000"
"175001","FERDIAWAN","REGULER","DB","35.3.20260821.13","10494518","10,500"
"175001","FERDIAWAN","REGULER","BB","35.3.20260821.18","10602602","9,000"
"175001","FERDIAWAN","REGULER","BM","35.6.20260821.23","10604373","7,000"
"175001","FERDIAWAN","BOOSTER AGT 2026 - ACCS","BM","35.6.20260821.23","10604373","25,000"
"175001","FERDIAWAN","REGULER","BK","35.6.20260821.25","10411586","6,000"
"175001","FERDIAWAN","REGULER","BO","35.78.20260821.42","10570203","1,000"
"175001","FERDIAWAN","REGULER","BO","U35.10.20260821.4","10566457","10,000"
"175001","FERDIAWAN","BOOSTER AGT 2026 - ACCS","BO","U35.10.20260821.4","10566457","30,000"
"175001","FERDIAWAN","REGULER","BN","35.3.20260822.50","10675295","2,000"
"175001","FERDIAWAN","REGULER","BK","35.3.20260822.50","10698138","2,400"
"175001","FERDIAWAN","REGULER","BN","35.7.20260822.28","10466677","1,000"
"175001","FERDIAWAN","REGULER","BL","U35.6.20260822.3","10488915","2,000"
"175001","FERDIAWAN","REGULER","BL","U35.6.20260822.3","10701496","6,000"
"175001","FERDIAWAN","BOOSTER AGT 2026 - ACCS","BL","U35.6.20260822.3","10488915",""
"175001","FERDIAWAN","BOOSTER AGT 2026 - ACCS","BL","U35.6.20260822.3","10701496",""
"175001","FERDIAWAN","REGULER","BK","35.10.20260824.6","10698139","16,800"
"175001","FERDIAWAN","BOOSTER AGT 2026 - ACCS","BK","35.10.20260824.6","10664238",""
"175001","FERDIAWAN","BOOSTER AGT 2026 - ACCS","BK","35.10.20260824.6","10698139",""
"175001","FERDIAWAN","REGULER","BM","35.6.20260824.18","10229516","3,000"
"175001","FERDIAWAN","REGULER","BK","35.6.20260824.18","10639320","7,200"
"175001","FERDIAWAN","REGULER","BO","35.8.20260824.20","10552477","1,000"
"175001","FERDIAWAN","SPECIAL","BJ","35.4.20260825.1","10572381","5,000"
"175001","FERDIAWAN","SPECIAL","BJ","35.4.20260825.1","","15,000"
"175001","FERDIAWAN","REGULER","BK","35.6.20260825.23","10332027","9,600"
"175001","FERDIAWAN","REGULER","BK","35.6.20260825.23","10453975","2,400"
"175001","FERDIAWAN","BOOSTER AGT 2026 - ACCS","BK","35.6.20260825.23","10332027",""
"175001","FERDIAWAN","BOOSTER AGT 2026 - ACCS","BK","35.6.20260825.23","10453975",""
"175001","FERDIAWAN","REGULER","BN","35.7.20260825.16","10636359","2,000"
"175001","FERDIAWAN","REGULER","BC","U35.6.20260825.10","10623355","85,000"
"175001","FERDIAWAN","REGULER","BC","U35.6.20260825.10","10588595","0"
"175001","FERDIAWAN","KHUSUS","BA","U35.8.20260825.23","10691160","735,120"
"175001","FERDIAWAN","SPECIAL","BL","U35.8.20260825.24","10420231","20,000"
"175001","FERDIAWAN","BOOSTER AGT 2026 - ACCS","BL","U35.8.20260825.24","10420231","25,000"
"175001","FERDIAWAN","REGULER","BN","35.7.20260827.5","10544849","2,000"
"175001","FERDIAWAN","REGULER","BM","35.7.20260827.6","10161038","2,000"
"175001","FERDIAWAN","REGULER","BI","35.10.20260829.8","10376563","0"
"175001","FERDIAWAN","REGULER","BI","35.10.20260829.8","10376561","0"
"175832","ASRIADI ASGAR","KHUSUS - JULI 2026","BA","U35.8.20260710.2","10664315","63,054"
"175832","ASRIADI ASGAR","REGULER","BC","U35.6.20260801.5","10649203","55,000"
"175832","ASRIADI ASGAR","REGULER","BC","U35.6.20260801.5","10649200","145,000"
"175832","ASRIADI ASGAR","REGULER","BC","U35.6.20260801.5","10671020","45,000"
"175832","ASRIADI ASGAR","REGULER","BC","U35.6.20260801.5","10649201","45,000"
"175832","ASRIADI ASGAR","REGULER","BC","U35.6.20260801.5","10649202","45,000"
"175832","ASRIADI ASGAR","KHUSUS","BC","U35.6.20260801.5","10649200","100,000"
"175832","ASRIADI ASGAR","KHUSUS","BC","U35.6.20260801.5","10649201","100,000"
"175832","ASRIADI ASGAR","KHUSUS","BC","U35.6.20260801.5","10649202","100,000"
"175832","ASRIADI ASGAR","KHUSUS","BC","U35.6.20260801.5","10649203","100,000"
"175832","ASRIADI ASGAR","KHUSUS","BC","U35.6.20260801.5","10671020","100,000"
"175832","ASRIADI ASGAR","REGULER","BL","U35.8.20260801.4","10698327","16,000"
"175832","ASRIADI ASGAR","KHUSUS","BA","U35.8.20260801.4","10681078","21,614"
"175832","ASRIADI ASGAR","BOOSTER AGT 2026 - ACCS","BL","U35.8.20260801.4","10698327","50,000"
"175832","ASRIADI ASGAR","REGULER","BD","U35.8.20260801.6","10580403","25,000"
"175832","ASRIADI ASGAR","REGULER","BL","35.10.20260803.2","10648698","6,000"
"175832","ASRIADI ASGAR","KHUSUS","BA","U35.10.20260803.2","10553775","45,036"
"175832","ASRIADI ASGAR","REGULER","BL","35.10.20260805.2","10490471","2,000"
"175832","ASRIADI ASGAR","REGULER","BL","35.6.20260806.15","10698780","30,000"
"175832","ASRIADI ASGAR","BOOSTER AGT 2026 - ACCS","BL","35.6.20260806.15","10698780","100,000"
"175832","ASRIADI ASGAR","REGULER","BL","35.7.20260806.5","10556151","2,000"
"175832","ASRIADI ASGAR","REGULER","BL","35.7.20260806.5","10556050","3,000"
"175832","ASRIADI ASGAR","REGULER","BM","35.7.20260806.5","10594888","3,000"
"175832","ASRIADI ASGAR","BOOSTER AGT 2026 - ACCS","BL","35.7.20260806.5","10556050",""
"175832","ASRIADI ASGAR","BOOSTER AGT 2026 - ACCS","BL","35.7.20260806.5","10556151",""
"175832","ASRIADI ASGAR","BOOSTER AGT 2026 - ACCS","BL","35.7.20260806.5","10566691",""
"175832","ASRIADI ASGAR","BOOSTER AGT 2026 - ACCS","BM","35.7.20260806.5","10538034",""
"175832","ASRIADI ASGAR","BOOSTER AGT 2026 - ACCS","BM","35.7.20260806.5","10577371",""
"175832","ASRIADI ASGAR","BOOSTER AGT 2026 - ACCS","BM","35.7.20260806.5","10594888",""
"175832","ASRIADI ASGAR","REGULER","BK","35.6.20260808.18","10426361","4,800"
"175832","ASRIADI ASGAR","REGULER","BK","35.6.20260808.2","10641833","3,600"
"175832","ASRIADI ASGAR","REGULER","BK","35.6.20260809.25","10392722","1,200"
"175832","ASRIADI ASGAR","SPECIAL","BF","U35.6.20260809.5","10681575","45,000"
"175832","ASRIADI ASGAR","REGULER","BO","35.3.20260811.5","10601439","18,000"
"175832","ASRIADI ASGAR","BOOSTER AGT 2026 - ACCS","BO","35.3.20260811.5","10601439","30,000"
"175832","ASRIADI ASGAR","REGULER","BB","U35.3.20260811.1","10584181","10,000"
"175832","ASRIADI ASGAR","REGULER","BB","U35.3.20260811.1","10683070","10,000"
"175832","ASRIADI ASGAR","REGULER","BP","U35.3.20260811.1","10453090","21,600"
"175832","ASRIADI ASGAR","REGULER","BK","U35.3.20260811.1","10648277","6,000"
"175832","ASRIADI ASGAR","REGULER","BD","U35.3.20260811.1","10422556","65,000"
"175832","ASRIADI ASGAR","REGULER","BO","U35.3.20260811.1","10644506","7,000"
"175832","ASRIADI ASGAR","REGULER","BH","U35.3.20260811.2","10701103","11,000"
"175832","ASRIADI ASGAR","REGULER","BK","35.10.20260813.13","10702964","10,800"
"175832","ASRIADI ASGAR","BOOSTER AGT 2026 - ACCS","BK","35.10.20260813.13","10542772",""
"175832","ASRIADI ASGAR","BOOSTER AGT 2026 - ACCS","BK","35.10.20260813.13","10702964",""
"175832","ASRIADI ASGAR","REGULER","BL","35.10.20260813.17","10552218","5,000"
"175832","ASRIADI ASGAR","REGULER","BD","U35.6.20260813.11","10108183","45,000"
"175832","ASRIADI ASGAR","REGULER","BL","35.6.20260815.44","10648698","2,000"
"175832","ASRIADI ASGAR","KHUSUS","BA","U35.10.20260815.14","10679263","184,221"
"175832","ASRIADI ASGAR","KHUSUS","BA","U35.10.20260815.14","10679265","184,221"
"175832","ASRIADI ASGAR","REGULER","BA","U35.10.20260815.5","10564446","75,000"
"175832","ASRIADI ASGAR","REGULER","BM","U35.6.20260815.15","10627015","7,000"
"175832","ASRIADI ASGAR","REGULER","BA","U35.6.20260815.15","10681509","30,000"
"175832","ASRIADI ASGAR","BOOSTER AGT 2026 - ACCS","BM","U35.6.20260815.15","10627015","25,000"
"175832","ASRIADI ASGAR","REGULER","BL","35.10.20260816.24","10706234","1,000"
"175832","ASRIADI ASGAR","REGULER","BK","35.10.20260816.29","10607413","2,400"
"175832","ASRIADI ASGAR","REGULER","BK","35.6.20260816.56","10453978","0"
"175832","ASRIADI ASGAR","REGULER","BK","35.6.20260816.56","10547588","2,400"
"175832","ASRIADI ASGAR","REGULER","BK","35.8.20260816.40","10547588","2,400"
"175832","ASRIADI ASGAR","REGULER","BL","35.10.20260820.20","10648700","4,000"
"175832","ASRIADI ASGAR","BOOSTER AGT 2026 - ACCS","BK","35.10.20260820.8","10119204",""
"175832","ASRIADI ASGAR","BOOSTER AGT 2026 - ACCS","BK","35.10.20260820.8","",""
"175832","ASRIADI ASGAR","REGULER","BN","35.3.20260820.12","10707523","4,000"
"175832","ASRIADI ASGAR","KHUSUS","BA","U35.10.20260820.5","10644741","70,261"
"175832","ASRIADI ASGAR","SPECIAL","BG","U35.3.20260820.3","10590119","50,000"
"175832","ASRIADI ASGAR","SPECIAL","BJ","35.13.20260821.10","10664232","60,000"
"175832","ASRIADI ASGAR","REGULER","BL","35.6.20260821.7","10151601","2,000"
"175832","ASRIADI ASGAR","REGULER","BL","35.6.20260821.7","10196273","0"
"175832","ASRIADI ASGAR","REGULER","BL","35.6.20260821.7","10488928","4,000"
"175832","ASRIADI ASGAR","BOOSTER AGT 2026 - ACCS","BL","35.6.20260821.7","10151601",""
"175832","ASRIADI ASGAR","BOOSTER AGT 2026 - ACCS","BL","35.6.20260821.7","10196273",""
"175832","ASRIADI ASGAR","BOOSTER AGT 2026 - ACCS","BL","35.6.20260821.7","10488928",""
"175832","ASRIADI ASGAR","REGULER","BL","35.6.20260822.20","10550390","2,000"
"175832","ASRIADI ASGAR","REGULER","BM","U35.10.20260822.5","10594886","2,000"
"175832","ASRIADI ASGAR","REGULER","BL","35.7.20260823.4","10555949","2,000"
"175832","ASRIADI ASGAR","REGULER","BL","35.7.20260823.4","10556050","3,000"
"175832","ASRIADI ASGAR","SPECIAL","BL","35.7.20260825.18","10632133","50,000"
"175832","ASRIADI ASGAR","SPECIAL","BL","35.7.20260825.18","10645391","50,000"
"175832","ASRIADI ASGAR","BOOSTER AGT 2026 - ACCS","BL","35.7.20260825.18","10632133",""
"175832","ASRIADI ASGAR","BOOSTER AGT 2026 - ACCS","BL","35.7.20260825.18","10645391",""
"175832","ASRIADI ASGAR","BOOSTER AGT 2026 - ACCS","BL","35.7.20260825.18","10710491",""
"175832","ASRIADI ASGAR","REGULER","BN","35.78.20260825.1","10688657","3,000"
"175832","ASRIADI ASGAR","SPECIAL","BJ","35.78.20260825.10","10560143","3,000"
"175832","ASRIADI ASGAR","REGULER","BN","35.78.20260825.14","10291595","2,000"
"175832","ASRIADI ASGAR","REGULER","BJ","35.78.20260825.16","10680626","7,000"
"175832","ASRIADI ASGAR","REGULER","BN","35.78.20260825.21","10686585","2,000"
"175832","ASRIADI ASGAR","REGULER","BM","35.78.20260825.22","10595794","2,000"
"175832","ASRIADI ASGAR","REGULER","BN","35.78.20260825.24","10686584","3,000"
"175832","ASRIADI ASGAR","REGULER","BN","35.78.20260825.3","10687033","3,000"
"175832","ASRIADI ASGAR","REGULER","BN","35.78.20260825.5","10556634","2,000"
"175832","ASRIADI ASGAR","REGULER","BD","U35.6.20260825.20","10410167","13,000"
"175832","ASRIADI ASGAR","REGULER","BP","U35.6.20260825.20","10621507","24,000"
"175832","ASRIADI ASGAR","SPECIAL","BB","U35.7.20260825.4","10663736","300,000"
"175832","ASRIADI ASGAR","REGULER","BK","35.8.20260827.15","10597287","12,000"
"175832","ASRIADI ASGAR","BOOSTER AGT 2026 - ACCS","BK","35.8.20260827.15","10597287","25,000"
"175832","ASRIADI ASGAR","REGULER","BK","35.6.20260830.25","10467783","8,400"
"175832","ASRIADI ASGAR","BOOSTER AGT 2026 - ACCS","BK","35.6.20260830.25","10467783","25,000"
"162604","RICKY SUBAGJA","KHUSUS - JULI 2026","BA","U35.10.20260719.14","10515727","34,587"
"162604","RICKY SUBAGJA","KHUSUS - JULI 2026","BA","U35.8.20260720.3","10618753","49,541"
"162604","RICKY SUBAGJA","REGULER","BO","35.6.20260802.27","10637800","2,000"
"162604","RICKY SUBAGJA","REGULER","BO","35.6.20260802.27","10506859","0"
"162604","RICKY SUBAGJA","SPECIAL","BN","35.7.20260802.48","10548407","20,000"
"162604","RICKY SUBAGJA","REGULER","BD","U35.7.20260802.15","10705597","65,000"
"162604","RICKY SUBAGJA","SPECIAL","BD","U35.7.20260802.15","10596627","150,000"
"162604","RICKY SUBAGJA","SPECIAL","BL","35.10.20260803.31","10377031","50,000"
"162604","RICKY SUBAGJA","SPECIAL","BL","35.10.20260803.31","10377029","50,000"
"162604","RICKY SUBAGJA","BOOSTER AGT 2026 - ACCS","BL","35.10.20260803.31","10377029",""
"162604","RICKY SUBAGJA","BOOSTER AGT 2026 - ACCS","BL","35.10.20260803.31","10377031",""
"162604","RICKY SUBAGJA","REGULER","BL","35.10.20260803.32","10516814","2,000"
"162604","RICKY SUBAGJA","SPECIAL","BJ","35.4.20260803.14","","3,000"
"162604","RICKY SUBAGJA","SPECIAL","BJ","35.4.20260803.14","10610051","9,000"
"162604","RICKY SUBAGJA","SPECIAL","BJ","35.4.20260803.14","10610087","4,000"
"162604","RICKY SUBAGJA","REGULER","BR","U35.4.20260803.5","10016918","37,500"
"162604","RICKY SUBAGJA","REGULER","BA","U35.6.20260803.9","10155833","35,000"
"162604","RICKY SUBAGJA","SPECIAL","BF","U35.13.20260806.14","10624204","30,000"
"162604","RICKY SUBAGJA","REGULER","BO","35.10.20260807.18","10599270","1,000"
"162604","RICKY SUBAGJA","REGULER","BO","35.10.20260807.18","10599263","1,000"
"162604","RICKY SUBAGJA","REGULER","BO","35.6.20260808.10","10538073","2,000"
"162604","RICKY SUBAGJA","REGULER","BO","35.6.20260808.10","10666066","1,000"
"162604","RICKY SUBAGJA","REGULER","BM","35.6.20260808.37","10477920","2,000"
"162604","RICKY SUBAGJA","REGULER","BK","35.6.20260809.54","10411586","6,000"
"162604","RICKY SUBAGJA","REGULER","BK","35.6.20260809.54","10670586","2,400"
"162604","RICKY SUBAGJA","REGULER","BK","35.6.20260809.54","10453975","2,400"
"162604","RICKY SUBAGJA","REGULER","BK","35.6.20260809.54","10453978","0"
"162604","RICKY SUBAGJA","BOOSTER AGT 2026 - ACCS","BK","35.6.20260809.54","10411586",""
"162604","RICKY SUBAGJA","BOOSTER AGT 2026 - ACCS","BK","35.6.20260809.54","10453975",""
"162604","RICKY SUBAGJA","BOOSTER AGT 2026 - ACCS","BK","35.6.20260809.54","10453978",""
"162604","RICKY SUBAGJA","BOOSTER AGT 2026 - ACCS","BK","35.6.20260809.54","10600538",""
"162604","RICKY SUBAGJA","BOOSTER AGT 2026 - ACCS","BK","35.6.20260809.54","10670586",""
"162604","RICKY SUBAGJA","BOOSTER AGT 2026 - ACCS","BK","35.6.20260809.54","",""
"162604","RICKY SUBAGJA","BOOSTER AGT 2026 - ACCS","BK","35.6.20260809.54","",""
"162604","RICKY SUBAGJA","BOOSTER AGT 2026 - ACCS","BK","35.6.20260809.54","",""
"162604","RICKY SUBAGJA","REGULER","BO","35.7.20260809.10","10506858","0"
"162604","RICKY SUBAGJA","REGULER","BO","35.8.20260809.22","10570202","1,000"
"162604","RICKY SUBAGJA","REGULER","BK","35.8.20260809.22","10541975","14,400"
"162604","RICKY SUBAGJA","REGULER","BK","35.8.20260809.22","10616481","3,600"
"162604","RICKY SUBAGJA","REGULER","BO","35.8.20260809.22","10506858","0"
"162604","RICKY SUBAGJA","REGULER","BK","35.8.20260809.22","10411586","6,000"
"162604","RICKY SUBAGJA","BOOSTER AGT 2026 - ACCS","BK","35.8.20260809.22","10411586",""
"162604","RICKY SUBAGJA","BOOSTER AGT 2026 - ACCS","BK","35.8.20260809.22","10541975",""
"162604","RICKY SUBAGJA","BOOSTER AGT 2026 - ACCS","BK","35.8.20260809.22","10616481",""
"162604","RICKY SUBAGJA","BOOSTER AGT 2026 - ACCS","BL","35.10.20260811.9","10257906",""
"162604","RICKY SUBAGJA","BOOSTER AGT 2026 - ACCS","BL","35.10.20260811.9","10450396",""
"162604","RICKY SUBAGJA","BOOSTER AGT 2026 - ACCS","BL","35.10.20260811.9","10676242",""
"162604","RICKY SUBAGJA","SPECIAL","BN","35.6.20260811.3","10566454","20,000"
"162604","RICKY SUBAGJA","KHUSUS","BA","U35.6.20260811.6","10641789","80,405"
"162604","RICKY SUBAGJA","KHUSUS","BA","U35.6.20260811.6","10655203","752,595"
"162604","RICKY SUBAGJA","BOOSTER AGT 2026 - ACCS","BM","U35.7.20260812.7","10576557","25,000"
"162604","RICKY SUBAGJA","REGULER","BM","35.4.20260814.6","10420957","2,000"
"162604","RICKY SUBAGJA","SPECIAL","BJ","35.10.20260815.29","10568168","4,000"
"162604","RICKY SUBAGJA","REGULER","BO","35.10.20260815.30","10569256","1,000"
"162604","RICKY SUBAGJA","REGULER","BM","35.10.20260816.15","10594886","2,000"
"162604","RICKY SUBAGJA","REGULER","BJ","35.3.20260816.32","10680631","5,000"
"162604","RICKY SUBAGJA","REGULER","BI","35.4.20260816.13","10679248","1,200"
"162604","RICKY SUBAGJA","REGULER","BN","35.7.20260816.36","10508194","2,000"
"162604","RICKY SUBAGJA","REGULER","BK","35.8.20260816.22","10451506","1,200"
"162604","RICKY SUBAGJA","REGULER","BD","35.7.20260817.33","10425283","1,000"
"162604","RICKY SUBAGJA","REGULER","BE","U35.3.20260817.1","10709290","30,000"
"162604","RICKY SUBAGJA","SPECIAL","BF","U35.3.20260817.1","10681575","45,000"
"162604","RICKY SUBAGJA","REGULER","BF","U35.7.20260817.11","10575156","18,000"
"162604","RICKY SUBAGJA","REGULER","BB","U35.7.20260817.11","10604362","5,000"
"162604","RICKY SUBAGJA","REGULER","BB","U35.7.20260817.11","10573845","3,000"
"162604","RICKY SUBAGJA","REGULER","BL","U35.7.20260817.11","10680480","3,000"
"162604","RICKY SUBAGJA","REGULER","BB","U35.7.20260817.11","10648060","3,000"
"162604","RICKY SUBAGJA","REGULER","BR","U35.7.20260817.14","10508384","16,500"
"162604","RICKY SUBAGJA","REGULER","BM","U35.7.20260817.14","10493989","2,000"
"162604","RICKY SUBAGJA","REGULER","BK","35.6.20260819.24","10458864","8,400"
"162604","RICKY SUBAGJA","BOOSTER AGT 2026 - ACCS","BK","35.6.20260819.24","10458864",""
"162604","RICKY SUBAGJA","BOOSTER AGT 2026 - ACCS","BK","35.6.20260819.24","",""
"162604","RICKY SUBAGJA","BOOSTER AGT 2026 - ACCS","BK","35.6.20260819.24","",""
"162604","RICKY SUBAGJA","BOOSTER AGT 2026 - ACCS","BK","35.6.20260819.24","",""
"162604","RICKY SUBAGJA","BOOSTER AGT 2026 - ACCS","BK","35.6.20260819.24","",""
"162604","RICKY SUBAGJA","REGULER","BP","U35.13.20260819.4","10595482","24,000"
"162604","RICKY SUBAGJA","REGULER","BQ","U35.13.20260819.4","10508261","14,000"
"162604","RICKY SUBAGJA","BOOSTER AGT 2026 - FURNI","BI","U35.13.20260819.4","10500629","30,000"
"162604","RICKY SUBAGJA","REGULER","BK","35.6.20260822.19","10542780","2,400"
"162604","RICKY SUBAGJA","REGULER","BK","35.6.20260822.19","10472319","3,600"
"162604","RICKY SUBAGJA","REGULER","BK","35.6.20260822.19","10542782","1,200"
"162604","RICKY SUBAGJA","REGULER","BK","35.6.20260822.19","10542781","4,800"
"162604","RICKY SUBAGJA","REGULER","BK","35.6.20260822.19","10432155","16,800"
"162604","RICKY SUBAGJA","REGULER","BK","35.6.20260822.19","10560808","8,400"
"162604","RICKY SUBAGJA","BOOSTER AGT 2026 - ACCS","BK","35.6.20260822.19","10432155",""
"162604","RICKY SUBAGJA","BOOSTER AGT 2026 - ACCS","BK","35.6.20260822.19","10472319",""
"162604","RICKY SUBAGJA","BOOSTER AGT 2026 - ACCS","BK","35.6.20260822.19","10542772",""
"162604","RICKY SUBAGJA","BOOSTER AGT 2026 - ACCS","BK","35.6.20260822.19","10542780",""
"162604","RICKY SUBAGJA","BOOSTER AGT 2026 - ACCS","BK","35.6.20260822.19","10542781",""
"162604","RICKY SUBAGJA","BOOSTER AGT 2026 - ACCS","BK","35.6.20260822.19","10542782",""
"162604","RICKY SUBAGJA","BOOSTER AGT 2026 - ACCS","BK","35.6.20260822.19","10560808",""
"162604","RICKY SUBAGJA","SPECIAL","BN","35.6.20260822.41","10675111","10,000"
"162604","RICKY SUBAGJA","REGULER","BM","35.10.20260823.29","10052703","6,000"
"162604","RICKY SUBAGJA","REGULER","BM","35.6.20260823.13","10595794","2,000"
"162604","RICKY SUBAGJA","SPECIAL","BG","U35.13.20260823.30","10566546","80,000"
"162604","RICKY SUBAGJA","SPECIAL","BF","U35.13.20260823.30","10451431","500,000"
"162604","RICKY SUBAGJA","SPECIAL","BG","U35.13.20260823.31","10566546","80,000"
"162604","RICKY SUBAGJA","REGULER","BM","35.10.20260825.33","10595794","1,000"
"162604","RICKY SUBAGJA","REGULER","BN","35.3.20260825.40","10630553","3,000"
"162604","RICKY SUBAGJA","SPECIAL","BN","35.3.20260825.40","10630555","5,000"
"162604","RICKY SUBAGJA","SPECIAL","BN","35.3.20260825.40","10630551","5,000"
"162604","RICKY SUBAGJA","REGULER","BK","35.8.20260825.39","10397677","1,200"
"162604","RICKY SUBAGJA","REGULER","BR","U35.13.20260825.22","10105249","52,500"
"162604","RICKY SUBAGJA","SPECIAL","BF","U35.13.20260825.23","10602207","35,000"
"162604","RICKY SUBAGJA","REGULER","BB","35.3.20260828.11","10604362","5,000"
"162604","RICKY SUBAGJA","SPECIAL","BN","35.6.20260828.8","10657074","8,000"
"162604","RICKY SUBAGJA","SPECIAL","BN","35.6.20260828.8","10657076","3,000"
"162604","RICKY SUBAGJA","SPECIAL","BN","35.6.20260828.8","10657072","3,000"
"162604","RICKY SUBAGJA","REGULER","BN","35.7.20260828.17","10544849","2,000"
"162604","RICKY SUBAGJA","REGULER","BJ","35.13.20260829.19","10603613","7,000"
"162604","RICKY SUBAGJA","REGULER","BJ","35.13.20260829.19","10603625","7,000"
"162604","RICKY SUBAGJA","SPECIAL","BJ","35.13.20260829.23","10615280","4,000"
"162604","RICKY SUBAGJA","SPECIAL","BJ","35.13.20260829.23","10597126","4,000"
"162604","RICKY SUBAGJA","REGULER","BN","35.3.20260829.7","10547542","1,000"
"162604","RICKY SUBAGJA","REGULER","BN","35.7.20260829.9","10479298","1,000"
"162604","RICKY SUBAGJA","KHUSUS","BA","U35.3.20260829.6","10644741","70,261"
"162604","RICKY SUBAGJA","REGULER","BI","35.13.20260831.11","10376561","0"
"162604","RICKY SUBAGJA","REGULER","BI","35.13.20260831.11","10610220","2,400"
"176142","ISHAM MUSTAFID","REGULER","BO","35.4.20260802.2","10538073","2,000"
"176142","ISHAM MUSTAFID","REGULER","BO","35.4.20260802.2","10569256","1,000"
"176142","ISHAM MUSTAFID","REGULER","BJ","35.4.20260802.2","10701401","2,000"
"176142","ISHAM MUSTAFID","REGULER","BO","35.4.20260802.2","10523704","0"
"176142","ISHAM MUSTAFID","REGULER","BL","U35.6.20260804.2","10516804","1,000"
"176142","ISHAM MUSTAFID","REGULER","BL","U35.6.20260804.2","10708310","2,000"
"176142","ISHAM MUSTAFID","REGULER","BQ","U35.6.20260804.2","10636493","11,000"
"176142","ISHAM MUSTAFID","REGULER","BK","U35.6.20260804.2","10670663","36,000"
"176142","ISHAM MUSTAFID","BOOSTER AGT 2026 - ACCS","BK","U35.6.20260804.2","10670663","150,000"
"176142","ISHAM MUSTAFID","REGULER","BK","35.78.20260805.12","10495320","0"
"176142","ISHAM MUSTAFID","REGULER","BM","35.78.20260805.15","10056454","1,000"
"176142","ISHAM MUSTAFID","REGULER","BH","U35.4.20260806.3","10587663","25,000"
"176142","ISHAM MUSTAFID","SPECIAL","BJ","35.10.20260808.17","10697902","20,000"
"176142","ISHAM MUSTAFID","SPECIAL","BJ","35.10.20260808.17","","3,000"
"176142","ISHAM MUSTAFID","REGULER","BK","35.7.20260808.41","10095150","4,800"
"176142","ISHAM MUSTAFID","REGULER","BF","35.8.20260808.18","10640936","20,000"
"176142","ISHAM MUSTAFID","REGULER","BK","35.8.20260808.63","10560804","6,000"
"176142","ISHAM MUSTAFID","REGULER","BM","U35.10.20260808.8","10132199","2,000"
"176142","ISHAM MUSTAFID","REGULER","BM","U35.10.20260808.8","10659344","5,000"
"176142","ISHAM MUSTAFID","BOOSTER AGT 2026 - ACCS","BM","U35.10.20260808.8","10132199",""
"176142","ISHAM MUSTAFID","BOOSTER AGT 2026 - ACCS","BM","U35.10.20260808.8","10659344",""
"176142","ISHAM MUSTAFID","REGULER","BO","35.10.20260809.33","10644142","0"
"176142","ISHAM MUSTAFID","REGULER","BL","35.3.20260809.39","10081545","1,000"
"176142","ISHAM MUSTAFID","REGULER","BN","35.3.20260809.5","10547542","1,000"
"176142","ISHAM MUSTAFID","REGULER","BM","35.6.20260810.15","10420957","2,000"
"176142","ISHAM MUSTAFID","REGULER","BK","35.6.20260810.8","10453008","1,200"
"176142","ISHAM MUSTAFID","REGULER","BL","35.7.20260810.10","10698321","2,000"
"176142","ISHAM MUSTAFID","REGULER","BM","35.10.20260816.35","10161038","2,000"
"176142","ISHAM MUSTAFID","REGULER","BP","U35.4.20260816.5","10509691","42,000"
"176142","ISHAM MUSTAFID","REGULER","BD","U35.4.20260816.5","10587667","3,000"
"176142","ISHAM MUSTAFID","REGULER","BR","U35.4.20260816.5","10624525","67,500"
"176142","ISHAM MUSTAFID","REGULER","BP","U35.4.20260816.5","10698113","3,600"
"176142","ISHAM MUSTAFID","REGULER","BP","U35.4.20260816.5","10072164","19,200"
"176142","ISHAM MUSTAFID","REGULER","BA","U35.6.20260816.5","10681507","0"
"176142","ISHAM MUSTAFID","KHUSUS","BA","U35.6.20260816.5","10681538","378,365"
"176142","ISHAM MUSTAFID","REGULER","BJ","35.13.20260817.18","10664236","4,000"
"176142","ISHAM MUSTAFID","SPECIAL","BJ","35.4.20260818.3","10610084","3,000"
"176142","ISHAM MUSTAFID","SPECIAL","BJ","35.4.20260818.3","10609638","6,000"
"176142","ISHAM MUSTAFID","SPECIAL","BJ","35.4.20260818.3","10610076","3,000"
"176142","ISHAM MUSTAFID","SPECIAL","BG","U35.6.20260819.5","10422456","50,000"
"176142","ISHAM MUSTAFID","REGULER","BB","U35.6.20260819.6","10231413","25,000"
"176142","ISHAM MUSTAFID","REGULER","BM","35.78.20260820.22","10161038","3,000"
"176142","ISHAM MUSTAFID","REGULER","BB","U35.6.20260820.4","10668782","25,000"
"176142","ISHAM MUSTAFID","REGULER","BP","U35.6.20260820.4","10679428","24,000"
"176142","ISHAM MUSTAFID","KHUSUS","BA","U35.8.20260820.1","10680479","48,550"
"176142","ISHAM MUSTAFID","REGULER","BK","35.10.20260822.24","10453978","0"
"176142","ISHAM MUSTAFID","SPECIAL","BB","U35.10.20260822.11","10686113","300,000"
"176142","ISHAM MUSTAFID","REGULER","BI","35.6.20260825.36","10679248","1,200"
"176142","ISHAM MUSTAFID","REGULER","BL","35.8.20260825.4","10680482","3,000"
"176142","ISHAM MUSTAFID","SPECIAL","BL","35.8.20260825.7","10694056","50,000"
"176142","ISHAM MUSTAFID","BOOSTER AGT 2026 - ACCS","BL","35.8.20260825.7","10694056","75,000"
"176142","ISHAM MUSTAFID","REGULER","BK","35.8.20260825.9","10482975","2,400"
"176142","ISHAM MUSTAFID","REGULER","BK","35.8.20260825.9","10485452","15,600"
"176142","ISHAM MUSTAFID","BOOSTER AGT 2026 - ACCS","BK","35.8.20260825.9","10482975",""
"176142","ISHAM MUSTAFID","BOOSTER AGT 2026 - ACCS","BK","35.8.20260825.9","10485452",""
"176142","ISHAM MUSTAFID","BOOSTER AGT 2026 - ACCS","BK","35.8.20260825.9","10656087",""
"176142","ISHAM MUSTAFID","REGULER","BL","35.8.20260826.12","10680483","3,000"
"176142","ISHAM MUSTAFID","SPECIAL","BL","U35.3.20260826.5","10571373","20,000"
"176142","ISHAM MUSTAFID","SPECIAL","BL","U35.3.20260826.5","10645389","20,000"
"176142","ISHAM MUSTAFID","BOOSTER AGT 2026 - ACCS","BL","U35.3.20260826.5","10571373","37,500"
"176142","ISHAM MUSTAFID","BOOSTER AGT 2026 - ACCS","BL","U35.3.20260826.5","10645389","37,500"
"176142","ISHAM MUSTAFID","REGULER","BD","U35.7.20260826.4","10105833","650,000"
"176142","ISHAM MUSTAFID","REGULER","BL","35.6.20260827.10","10556198","0"
"176142","ISHAM MUSTAFID","KHUSUS","BA","U35.4.20260827.2","10568394","118,949"
"176142","ISHAM MUSTAFID","KHUSUS","BA","U35.4.20260827.2","10568395","118,949"
"176142","ISHAM MUSTAFID","KHUSUS","BA","U35.4.20260827.2","10568398","118,949"
"176142","ISHAM MUSTAFID","BOOSTER AGT 2026 - ACCS","BL","U35.6.20260827.5","10150083",""
"176142","ISHAM MUSTAFID","BOOSTER AGT 2026 - ACCS","BL","U35.6.20260827.5","10676231",""
"176142","ISHAM MUSTAFID","REGULER","BK","U35.8.20260827.9","10445151","30,000"
"176142","ISHAM MUSTAFID","REGULER","BM","U35.8.20260827.9","10172886","4,000"
"176142","ISHAM MUSTAFID","REGULER","BO","U35.8.20260827.9","10632200","1,000"
"176142","ISHAM MUSTAFID","REGULER","BO","U35.8.20260827.9","10632199","1,000"
"176142","ISHAM MUSTAFID","BOOSTER AGT 2026 - ACCS","BK","U35.8.20260827.9","10445151","100,000"
"176142","ISHAM MUSTAFID","BOOSTER AGT 2026 - ACCS","BO","U35.8.20260827.9","10604553",""
"176142","ISHAM MUSTAFID","BOOSTER AGT 2026 - ACCS","BO","U35.8.20260827.9","10632199",""
"176142","ISHAM MUSTAFID","BOOSTER AGT 2026 - ACCS","BO","U35.8.20260827.9","10632200",""
"176142","ISHAM MUSTAFID","REGULER","BK","35.10.20260829.14","10562186","9,600"
"176142","ISHAM MUSTAFID","BOOSTER AGT 2026 - ACCS","BK","35.10.20260829.14","10562186","25,000"
"176142","ISHAM MUSTAFID","REGULER","BK","35.6.20260829.15","10573497","8,400"
"176142","ISHAM MUSTAFID","REGULER","BL","35.6.20260829.15","10211221","25,000"
"176142","ISHAM MUSTAFID","REGULER","BK","35.6.20260829.15","10457403","1,200"
"176142","ISHAM MUSTAFID","REGULER","BL","35.6.20260829.15","10477243","4,000"
"176142","ISHAM MUSTAFID","SPECIAL","BJ","35.6.20260829.15","","9,000"
"176142","ISHAM MUSTAFID","BOOSTER AGT 2026 - ACCS","BK","35.6.20260829.15","10457403",""
"176142","ISHAM MUSTAFID","BOOSTER AGT 2026 - ACCS","BK","35.6.20260829.15","10573497",""
"176142","ISHAM MUSTAFID","BOOSTER AGT 2026 - ACCS","BL","35.6.20260829.15","10211221",""
"176142","ISHAM MUSTAFID","BOOSTER AGT 2026 - ACCS","BL","35.6.20260829.15","10477243",""
"176142","ISHAM MUSTAFID","REGULER","BK","35.6.20260829.5","10179587","0"
"176142","ISHAM MUSTAFID","REGULER","BL","35.6.20260829.5","10706234","2,000"
"176142","ISHAM MUSTAFID","REGULER","BK","35.6.20260829.5","10472052","7,200"
"176142","ISHAM MUSTAFID","BOOSTER AGT 2026 - ACCS","BK","35.6.20260829.5","10106332",""
"176142","ISHAM MUSTAFID","BOOSTER AGT 2026 - ACCS","BK","35.6.20260829.5","10179587",""
"176142","ISHAM MUSTAFID","BOOSTER AGT 2026 - ACCS","BK","35.6.20260829.5","10472052",""
"176142","ISHAM MUSTAFID","REGULER","BK","35.6.20260830.63","10212798","2,400"
"182110","HAFIDZ ABDULLAH","REGULER","BK","35.3.20260801.25","10212797","2,400"
"182110","HAFIDZ ABDULLAH","REGULER","BN","35.7.20260801.4","10547524","0"
"182110","HAFIDZ ABDULLAH","SPECIAL","BN","35.7.20260801.5","10631399","5,000"
"182110","HAFIDZ ABDULLAH","REGULER","BO","35.8.20260801.40","10599266","1,000"
"182110","HAFIDZ ABDULLAH","KHUSUS","BA","U35.6.20260801.14","10681078","21,614"
"182110","HAFIDZ ABDULLAH","REGULER","BD","U35.8.20260801.19","10633166","35,000"
"182110","HAFIDZ ABDULLAH","REGULER","BK","U35.8.20260801.20","10452867","18,000"
"182110","HAFIDZ ABDULLAH","BOOSTER AGT 2026 - ACCS","BK","U35.8.20260801.20","10452867","50,000"
"182110","HAFIDZ ABDULLAH","REGULER","BB","35.6.20260802.41","10571022","11,000"
"182110","HAFIDZ ABDULLAH","REGULER","BL","35.6.20260802.45","10550394","3,000"
"182110","HAFIDZ ABDULLAH","REGULER","BD","U35.7.20260802.1","10546013","170,000"
"182110","HAFIDZ ABDULLAH","REGULER","BK","35.0.20260807.7","10453977","0"
"182110","HAFIDZ ABDULLAH","REGULER","BN","35.7.20260807.3","10449964","5,000"
"182110","HAFIDZ ABDULLAH","REGULER","BQ","U35.7.20260807.2","","45,000"
"182110","HAFIDZ ABDULLAH","REGULER","BP","U35.7.20260807.2","10671362","54,000"
"182110","HAFIDZ ABDULLAH","SPECIAL","BH","U35.7.20260807.2","10617510","100,000"
"182110","HAFIDZ ABDULLAH","BOOSTER AGT 2026 - FURNI","BP","U35.7.20260807.2","10671362","60,000"
"182110","HAFIDZ ABDULLAH","REGULER","BN","35.3.20260809.19","10291595","2,000"
"182110","HAFIDZ ABDULLAH","REGULER","BN","35.7.20260809.33","10240995","0"
"182110","HAFIDZ ABDULLAH","REGULER","BD","U35.7.20260809.14","10562481","6,000"
"182110","HAFIDZ ABDULLAH","REGULER","BO","35.6.20260810.4","10506858","0"
"182110","HAFIDZ ABDULLAH","REGULER","BO","35.6.20260810.4","10570203","1,000"
"182110","HAFIDZ ABDULLAH","SPECIAL","BN","35.7.20260811.13","10362667","5,000"
"182110","HAFIDZ ABDULLAH","REGULER","BM","35.8.20260813.16","10594886","2,000"
"182110","HAFIDZ ABDULLAH","REGULER","BM","35.6.20260815.49","10465765","1,000"
"182110","HAFIDZ ABDULLAH","REGULER","BJ","35.8.20260816.43","10668277","2,000"
"182110","HAFIDZ ABDULLAH","SPECIAL","BJ","35.4.20260817.13","10560054","9,000"
"182110","HAFIDZ ABDULLAH","SPECIAL","BJ","35.4.20260817.13","10654368","9,000"
"182110","HAFIDZ ABDULLAH","SPECIAL","BJ","35.4.20260817.24","10464924","75,000"
"182110","HAFIDZ ABDULLAH","SPECIAL","BJ","35.4.20260817.24","10396818","75,000"
"182110","HAFIDZ ABDULLAH","REGULER","BN","35.7.20260818.9","10065041","0"
"182110","HAFIDZ ABDULLAH","REGULER","BN","35.7.20260818.9","10361607","0"
"182110","HAFIDZ ABDULLAH","REGULER","BR","U35.3.20260818.6","10624884","28,500"
"182110","HAFIDZ ABDULLAH","REGULER","BA","U35.3.20260818.6","10680606","40,000"
"182110","HAFIDZ ABDULLAH","REGULER","BR","U35.3.20260818.6","10624882","12,000"
"182110","HAFIDZ ABDULLAH","REGULER","BB","U35.3.20260818.6","10584182","25,000"
"182110","HAFIDZ ABDULLAH","REGULER","BR","U35.3.20260818.6","10538931","60,000"
"182110","HAFIDZ ABDULLAH","REGULER","BA","U35.3.20260818.6","10708336","55,000"
"182110","HAFIDZ ABDULLAH","KHUSUS","BA","U35.3.20260818.6","10680603","221,668"
"182110","HAFIDZ ABDULLAH","SPECIAL","BL","U35.3.20260818.6","10571379","70,000"
"182110","HAFIDZ ABDULLAH","BOOSTER AGT 2026 - ACCS","BL","U35.3.20260818.6","10571379","100,000"
"182110","HAFIDZ ABDULLAH","REGULER","BD","U35.7.20260818.2","10596620","30,000"
"182110","HAFIDZ ABDULLAH","REGULER","BN","35.7.20260820.15","10541414","0"
"182110","HAFIDZ ABDULLAH","REGULER","BN","35.7.20260820.15","10541388","0"
"182110","HAFIDZ ABDULLAH","REGULER","BN","35.7.20260820.15","10541390","0"
"182110","HAFIDZ ABDULLAH","REGULER","BN","35.7.20260820.17","10445745","4,000"
"182110","HAFIDZ ABDULLAH","REGULER","BD","U35.4.20260820.2","10417215","60,000"
"182110","HAFIDZ ABDULLAH","SPECIAL","BD","U35.4.20260820.2","10564569","300,000"
"182110","HAFIDZ ABDULLAH","SPECIAL","BG","U35.4.20260820.2","10553211","80,000"
"182110","HAFIDZ ABDULLAH","SPECIAL","BG","U35.4.20260820.3","10553210","80,000"
"182110","HAFIDZ ABDULLAH","REGULER","BN","35.13.20260822.23","10508193","2,000"
"182110","HAFIDZ ABDULLAH","SPECIAL","BJ","35.3.20260822.15","10628992","100,000"
"182110","HAFIDZ ABDULLAH","REGULER","BM","35.6.20260822.24","10566549","2,000"
"182110","HAFIDZ ABDULLAH","REGULER","BQ","U35.13.20260822.15","10699332","15,000"
"182110","HAFIDZ ABDULLAH","REGULER","BL","U35.3.20260822.6","10698334","25,000"
"182110","HAFIDZ ABDULLAH","BOOSTER AGT 2026 - ACCS","BL","U35.3.20260822.6","10698334","75,000"
"182110","HAFIDZ ABDULLAH","REGULER","BK","U35.3.20260822.8","10689135","12,000"
"182110","HAFIDZ ABDULLAH","BOOSTER AGT 2026 - ACCS","BK","U35.3.20260822.8","10689135","25,000"
"182110","HAFIDZ ABDULLAH","SPECIAL","BG","U35.4.20260822.2","10553210","80,000"
"182110","HAFIDZ ABDULLAH","REGULER","BM","35.8.20260823.7","10149476","2,000"
"182110","HAFIDZ ABDULLAH","REGULER","BF","U35.13.20260823.23","10313419","10,000"
"182110","HAFIDZ ABDULLAH","REGULER","BF","U35.13.20260823.23","10571557","18,000"
"182110","HAFIDZ ABDULLAH","SPECIAL","BI","U35.13.20260823.23","10632269","70,000"
"182110","HAFIDZ ABDULLAH","REGULER","BB","35.3.20260824.13","10573848","10,000"
"182110","HAFIDZ ABDULLAH","REGULER","BK","35.3.20260824.13","10291239","3,600"
"182110","HAFIDZ ABDULLAH","REGULER","BN","35.3.20260824.3","10421614","4,000"
"182110","HAFIDZ ABDULLAH","REGULER","BD","35.6.20260825.44","10564727","2,000"
"182110","HAFIDZ ABDULLAH","REGULER","BD","35.6.20260825.44","10564726","8,000"
"182110","HAFIDZ ABDULLAH","REGULER","BD","U35.6.20260825.19","10624522","13,000"
"182110","HAFIDZ ABDULLAH","REGULER","BK","U35.6.20260825.19","10467785","4,800"
"182110","HAFIDZ ABDULLAH","REGULER","BD","U35.6.20260825.19","10624520","13,000"
"182110","HAFIDZ ABDULLAH","REGULER","BD","U35.6.20260825.19","10624521","13,000"
"182110","HAFIDZ ABDULLAH","REGULER","DB","35.3.20260826.3","10622148","6,000"
"182110","HAFIDZ ABDULLAH","REGULER","BM","35.7.20260826.10","10566549","4,000"
"182110","HAFIDZ ABDULLAH","SPECIAL","BJ","35.7.20260826.10","10689139","30,000"
"182110","HAFIDZ ABDULLAH","SPECIAL","BJ","35.7.20260826.10","10559846","9,000"
"182110","HAFIDZ ABDULLAH","SPECIAL","BJ","35.7.20260826.10","10560070","10,000"
"182110","HAFIDZ ABDULLAH","REGULER","BO","35.3.20260828.17","10599266","1,000"
"182110","HAFIDZ ABDULLAH","REGULER","BO","35.3.20260828.17","10565504","1,000"
"182110","HAFIDZ ABDULLAH","REGULER","BK","35.7.20260828.4","10423339","3,600"
"182110","HAFIDZ ABDULLAH","REGULER","BL","35.8.20260828.18","10588630","7,000"
"182110","HAFIDZ ABDULLAH","BOOSTER AGT 2026 - ACCS","BL","35.8.20260828.18","10588630","25,000"
"182110","HAFIDZ ABDULLAH","REGULER","BB","U35.8.20260828.5","10409409","14,000"
"182110","HAFIDZ ABDULLAH","REGULER","BA","U35.8.20260828.5","10665586","50,000"
"182110","HAFIDZ ABDULLAH","KHUSUS","BA","U35.8.20260828.5","10681495","132,887"
"182110","HAFIDZ ABDULLAH","REGULER","BD","35.3.20260830.8","10578755","4,000"
"182110","HAFIDZ ABDULLAH","REGULER","BD","U35.13.20260830.9","10633167","50,000"
"182110","HAFIDZ ABDULLAH","REGULER","BM","U35.13.20260830.9","10229517","5,000"
"182110","HAFIDZ ABDULLAH","SPECIAL","BD","U35.13.20260830.9","10631190","200,000"
"182110","HAFIDZ ABDULLAH","REGULER","BD","U35.3.20260830.9","10510603","125,000"
"133169","PERDI DWISEPTIAN","KHUSUS - JULI 2026","BA","U35.6.20260720.6","10705746","370,674"
"133169","PERDI DWISEPTIAN","KHUSUS - JULI 2026","BA","U35.6.20260722.3","10446861","15,131"
"133169","PERDI DWISEPTIAN","REGULER","BK","35.8.20260801.43","10639322","7,200"
"133169","PERDI DWISEPTIAN","SPECIAL","BF","U35.13.20260801.12","10679315","100,000"
"133169","PERDI DWISEPTIAN","BOOSTER AGT 2026 - FURNI","BF","U35.13.20260801.12","10679315","30,000"
"133169","PERDI DWISEPTIAN","REGULER","BM","35.6.20260802.19","10216754","3,000"
"133169","PERDI DWISEPTIAN","REGULER","DB","35.7.20260802.10","10494518","10,500"
"133169","PERDI DWISEPTIAN","KHUSUS","BA","U35.3.20260802.17","10679263","193,685"
"133169","PERDI DWISEPTIAN","REGULER","BO","35.10.20260807.15","10690775","1,000"
"133169","PERDI DWISEPTIAN","REGULER","BP","U35.10.20260807.8","10098316","42,000"
"133169","PERDI DWISEPTIAN","SPECIAL","BG","U35.8.20260808.14","10590120","80,000"
"133169","PERDI DWISEPTIAN","REGULER","BC","U35.8.20260808.5","10698310","60,000"
"133169","PERDI DWISEPTIAN","REGULER","BO","35.6.20260809.28","10567970","2,000"
"133169","PERDI DWISEPTIAN","REGULER","BO","35.6.20260809.28","10567971","2,000"
"133169","PERDI DWISEPTIAN","REGULER","BB","U35.6.20260809.7","10695712","17,000"
"133169","PERDI DWISEPTIAN","BOOSTER AGT 2026 - ACCS","BL","U35.6.20260809.7","10701346","25,000"
"133169","PERDI DWISEPTIAN","REGULER","BK","35.8.20260810.16","10423339","3,600"
"133169","PERDI DWISEPTIAN","BOOSTER AGT 2026 - ACCS","BK","35.8.20260810.16","10423339",""
"133169","PERDI DWISEPTIAN","BOOSTER AGT 2026 - ACCS","BK","35.8.20260810.16","10491802",""
"133169","PERDI DWISEPTIAN","BOOSTER AGT 2026 - ACCS","BK","35.8.20260810.16","10491803",""
"133169","PERDI DWISEPTIAN","BOOSTER AGT 2026 - ACCS","BL","35.8.20260810.16","10474257",""
"133169","PERDI DWISEPTIAN","BOOSTER AGT 2026 - ACCS","BL","35.8.20260810.16","10552425",""
"133169","PERDI DWISEPTIAN","REGULER","BO","35.8.20260810.17","10644141","5,000"
"133169","PERDI DWISEPTIAN","REGULER","BK","35.8.20260810.8","10567516","4,800"
"133169","PERDI DWISEPTIAN","REGULER","BK","35.8.20260810.8","10421518","8,400"
"133169","PERDI DWISEPTIAN","BOOSTER AGT 2026 - ACCS","BK","35.8.20260810.8","10421518",""
"133169","PERDI DWISEPTIAN","BOOSTER AGT 2026 - ACCS","BK","35.8.20260810.8","10567516",""
"133169","PERDI DWISEPTIAN","REGULER","BQ","U35.8.20260810.4","10666135","95,000"
"133169","PERDI DWISEPTIAN","REGULER","BR","U35.8.20260812.3","10653450","27,000"
"133169","PERDI DWISEPTIAN","SPECIAL","BE","U35.7.20260815.2","10604097","160,000"
"133169","PERDI DWISEPTIAN","REGULER","BD","U35.3.20260816.6","10105834","35,000"
"133169","PERDI DWISEPTIAN","REGULER","BC","U35.6.20260816.11","10588598","95,000"
"133169","PERDI DWISEPTIAN","REGULER","BD","U35.6.20260816.11","10564572","115,000"
"133169","PERDI DWISEPTIAN","REGULER","BL","U35.6.20260816.12","10698334","25,000"
"133169","PERDI DWISEPTIAN","BOOSTER AGT 2026 - ACCS","BL","U35.6.20260816.12","10698334","75,000"
"133169","PERDI DWISEPTIAN","SPECIAL","BG","U35.4.20260817.2","10566547","80,000"
"133169","PERDI DWISEPTIAN","SPECIAL","BJ","35.10.20260821.18","10560078","0"
"133169","PERDI DWISEPTIAN","REGULER","BC","U35.6.20260821.4","10678659","45,000"
"133169","PERDI DWISEPTIAN","REGULER","BP","U35.6.20260821.5","10672450","21,600"
"133169","PERDI DWISEPTIAN","SPECIAL","BJ","35.4.20260822.31","10697903","20,000"
"133169","PERDI DWISEPTIAN","SPECIAL","BJ","35.4.20260822.31","10515575","0"
"133169","PERDI DWISEPTIAN","SPECIAL","BJ","35.4.20260822.31","10610089","4,000"
"133169","PERDI DWISEPTIAN","SPECIAL","BJ","35.4.20260822.31","10698794","10,000"
"133169","PERDI DWISEPTIAN","SPECIAL","BJ","35.4.20260822.31","10610081","4,000"
"133169","PERDI DWISEPTIAN","REGULER","BK","35.8.20260822.21","10627877","8,400"
"133169","PERDI DWISEPTIAN","BOOSTER AGT 2026 - ACCS","BK","35.8.20260822.21","10627877","25,000"
"133169","PERDI DWISEPTIAN","REGULER","BK","35.8.20260822.9","10215980","16,800"
"133169","PERDI DWISEPTIAN","REGULER","BK","35.8.20260822.9","10463229","4,800"
"133169","PERDI DWISEPTIAN","REGULER","BK","35.8.20260822.9","10597289","24,000"
"133169","PERDI DWISEPTIAN","REGULER","BK","35.8.20260822.9","10701102","3,600"
"133169","PERDI DWISEPTIAN","REGULER","BK","35.8.20260822.9","10541975","19,200"
"133169","PERDI DWISEPTIAN","BOOSTER AGT 2026 - ACCS","BK","35.8.20260822.9","10215980",""
"133169","PERDI DWISEPTIAN","BOOSTER AGT 2026 - ACCS","BK","35.8.20260822.9","10463229",""
"133169","PERDI DWISEPTIAN","BOOSTER AGT 2026 - ACCS","BK","35.8.20260822.9","10541975",""
"133169","PERDI DWISEPTIAN","BOOSTER AGT 2026 - ACCS","BK","35.8.20260822.9","10597289",""
"133169","PERDI DWISEPTIAN","BOOSTER AGT 2026 - ACCS","BK","35.8.20260822.9","10701102",""
"133169","PERDI DWISEPTIAN","REGULER","BP","U35.13.20260822.7","10581766","138,000"
"133169","PERDI DWISEPTIAN","REGULER","BN","35.6.20260823.31","10470079","4,000"
"133169","PERDI DWISEPTIAN","REGULER","BN","35.7.20260823.9","10687693","4,000"
"133169","PERDI DWISEPTIAN","REGULER","BN","35.7.20260823.9","10704386","3,000"
"133169","PERDI DWISEPTIAN","SPECIAL","BN","35.7.20260823.9","10449626","9,000"
"133169","PERDI DWISEPTIAN","BOOSTER AGT 2026 - ACCS","BM","U35.6.20260823.3","10657106","25,000"
"133169","PERDI DWISEPTIAN","REGULER","BL","35.6.20260825.48","10515706","3,000"
"133169","PERDI DWISEPTIAN","REGULER","BK","35.6.20260825.50","10501720","1,200"
"133169","PERDI DWISEPTIAN","REGULER","BN","35.7.20260825.6","10663851","2,000"
"133169","PERDI DWISEPTIAN","REGULER","BN","35.78.20260825.48","10612063","1,000"
"133169","PERDI DWISEPTIAN","SPECIAL","BJ","35.78.20260825.51","10602646","4,000"
"133169","PERDI DWISEPTIAN","REGULER","BK","35.8.20260825.35","10631384","3,600"
"133169","PERDI DWISEPTIAN","REGULER","BC","U35.7.20260825.1","10698303","85,000"
"133169","PERDI DWISEPTIAN","REGULER","BK","U35.8.20260825.20","10667925","7,200"
"133169","PERDI DWISEPTIAN","SPECIAL","BJ","35.13.20260826.3","10643627","30,000"
"133169","PERDI DWISEPTIAN","BOOSTER AGT 2026 - ACCS","BO","U35.8.20260827.1","10572601",""
"133169","PERDI DWISEPTIAN","BOOSTER AGT 2026 - ACCS","BO","U35.8.20260827.1","10572602",""
"133169","PERDI DWISEPTIAN","REGULER","BC","U35.8.20260827.8","10629709","150,000"
"133169","PERDI DWISEPTIAN","REGULER","BO","U35.10.20260828.3","10604533","4,000"
"133169","PERDI DWISEPTIAN","BOOSTER AGT 2026 - ACCS","BO","U35.10.20260828.3","10604533",""
"133169","PERDI DWISEPTIAN","BOOSTER AGT 2026 - ACCS","BO","U35.10.20260828.3","10666306",""
"175496","FATHAN AZIS","KHUSUS - JULI 2026","BA","U35.10.20260705.13","10578759","166,879"
"175496","FATHAN AZIS","KHUSUS - JULI 2026","BA","U35.3.20260715.5","10581950","21,622"
"175496","FATHAN AZIS","REGULER","BM","35.10.20260801.30","10582557","2,000"
"175496","FATHAN AZIS","REGULER","DB","35.3.20260801.24","10574052","7,500"
"175496","FATHAN AZIS","BOOSTER AGT 2026 - ACCS","DB","35.3.20260801.24","10441566",""
"175496","FATHAN AZIS","BOOSTER AGT 2026 - ACCS","DB","35.3.20260801.24","10574052",""
"175496","FATHAN AZIS","REGULER","BO","35.3.20260802.5","10644142","3,000"
"175496","FATHAN AZIS","REGULER","BL","35.4.20260802.1","10504962","4,000"
"175496","FATHAN AZIS","REGULER","BL","35.4.20260802.1","10504960","0"
"175496","FATHAN AZIS","REGULER","BD","U35.3.20260802.2","10626145","45,000"
"175496","FATHAN AZIS","KHUSUS","BA","U35.10.20260804.4","10215532","104,495"
"175496","FATHAN AZIS","SPECIAL","BF","U35.10.20260804.4","10648126","150,000"
"175496","FATHAN AZIS","REGULER","BB","U35.10.20260804.5","10625926","14,000"
"175496","FATHAN AZIS","REGULER","BO","U35.8.20260804.8","10552479","16,000"
"175496","FATHAN AZIS","REGULER","BD","U35.8.20260804.8","10685787","14,000"
"175496","FATHAN AZIS","REGULER","BK","U35.8.20260804.8","10526186","12,000"
"175496","FATHAN AZIS","BOOSTER AGT 2026 - ACCS","BK","U35.8.20260804.8","10526186","25,000"
"175496","FATHAN AZIS","BOOSTER AGT 2026 - ACCS","BO","U35.8.20260804.8","10552479","30,000"
"175496","FATHAN AZIS","REGULER","BM","35.10.20260805.1","10209631","2,000"
"175496","FATHAN AZIS","REGULER","BP","U35.7.20260806.8","10098316","14,400"
"175496","FATHAN AZIS","REGULER","BQ","U35.7.20260806.8","10499718","20,000"
"175496","FATHAN AZIS","SPECIAL","BG","U35.6.20260807.5","10566548","100,000"
"175496","FATHAN AZIS","REGULER","BD","U35.7.20260807.5","10658986","40,000"
"175496","FATHAN AZIS","REGULER","BN","35.3.20260809.31","10291595","2,000"
"175496","FATHAN AZIS","REGULER","BB","U35.3.20260809.11","10622186","18,000"
"175496","FATHAN AZIS","REGULER","BB","U35.3.20260809.11","10350222","9,000"
"175496","FATHAN AZIS","REGULER","BD","35.0.20260812.5","","-8,000"
"175496","FATHAN AZIS","REGULER","BD","35.7.20260812.11","","8,000"
"175496","FATHAN AZIS","REGULER","BD","35.7.20260812.13","","8,000"
"175496","FATHAN AZIS","REGULER","BM","35.7.20260812.15","10613618","2,000"
"175496","FATHAN AZIS","REGULER","BK","35.7.20260812.15","10431564","8,400"
"175496","FATHAN AZIS","BOOSTER AGT 2026 - ACCS","BK","35.7.20260812.15","10431564",""
"175496","FATHAN AZIS","BOOSTER AGT 2026 - ACCS","BK","35.7.20260812.15","10568708",""
"175496","FATHAN AZIS","REGULER","BD","U35.7.20260812.2","10705602","70,000"
"175496","FATHAN AZIS","REGULER","BD","U35.7.20260814.4","10700750","8,000"
"175496","FATHAN AZIS","REGULER","BD","U35.7.20260814.4","10658986","40,000"
"175496","FATHAN AZIS","REGULER","BD","U35.10.20260815.11","10410166","25,000"
"175496","FATHAN AZIS","REGULER","BM","U35.10.20260815.12","10161038","2,000"
"175496","FATHAN AZIS","REGULER","BB","U35.10.20260815.12","10573844","7,000"
"175496","FATHAN AZIS","REGULER","BK","U35.10.20260815.12","10452200","2,400"
"175496","FATHAN AZIS","REGULER","BK","U35.10.20260815.12","10607409","2,400"
"175496","FATHAN AZIS","SPECIAL","BG","U35.10.20260815.19","10577268","80,000"
"175496","FATHAN AZIS","BOOSTER AGT 2026 - FURNI","BI","U35.10.20260815.19","10690168","90,000"
"175496","FATHAN AZIS","REGULER","BD","U35.8.20260815.9","10705598","75,000"
"175496","FATHAN AZIS","SPECIAL","BJ","35.10.20260817.17","10642996","25,000"
"175496","FATHAN AZIS","REGULER","BN","35.3.20260817.40","10707524","4,000"
"175496","FATHAN AZIS","REGULER","BD","U35.10.20260817.11","10716524","60,000"
"175496","FATHAN AZIS","SPECIAL","BD","U35.10.20260817.11","10655961","200,000"
"175496","FATHAN AZIS","SPECIAL","BN","35.7.20260818.8","10608390","10,000"
"175496","FATHAN AZIS","REGULER","BB","U35.3.20260820.2","10571023","16,000"
"175496","FATHAN AZIS","KHUSUS","BB","U35.3.20260820.2","10441251","20,270"
"175496","FATHAN AZIS","REGULER","BD","U35.7.20260820.3","10580876","9,000"
"175496","FATHAN AZIS","REGULER","BN","35.13.20260822.47","10475936","4,000"
"175496","FATHAN AZIS","REGULER","BN","35.13.20260822.47","10630553","3,000"
"175496","FATHAN AZIS","SPECIAL","BJ","35.13.20260822.47","10676770","30,000"
"175496","FATHAN AZIS","SPECIAL","BN","35.13.20260822.47","10630550","5,000"
"175496","FATHAN AZIS","SPECIAL","BN","35.3.20260822.41","10624348","5,000"
"175496","FATHAN AZIS","REGULER","BN","35.3.20260822.42","10547542","1,000"
"175496","FATHAN AZIS","REGULER","BD","U35.3.20260822.12","10580042","7,000"
"175496","FATHAN AZIS","REGULER","BB","U35.3.20260824.6","10602601","8,000"
"175496","FATHAN AZIS","KHUSUS","BA","U35.3.20260824.6","10681078","25,218"
"175496","FATHAN AZIS","REGULER","BL","35.8.20260825.14","10558524","2,000"
"175496","FATHAN AZIS","REGULER","BD","U35.3.20260825.27","10580403","25,000"
"175496","FATHAN AZIS","REGULER","BO","U35.3.20260825.6","10698132","20,000"
"175496","FATHAN AZIS","BOOSTER AGT 2026 - ACCS","BO","U35.3.20260825.6","10698132","60,000"
"175496","FATHAN AZIS","REGULER","BC","U35.6.20260825.21","10677167","60,000"
"175496","FATHAN AZIS","REGULER","BC","U35.6.20260825.21","10649459","100,000"
"175496","FATHAN AZIS","REGULER","BC","U35.6.20260825.22","10632845","45,000"
"175496","FATHAN AZIS","REGULER","BN","35.7.20260826.7","10636360","2,000"
"175496","FATHAN AZIS","REGULER","BK","U35.8.20260826.5","10714553","4,800"
"175496","FATHAN AZIS","REGULER","BP","U35.8.20260826.5","10671362","54,000"
"175496","FATHAN AZIS","REGULER","BK","U35.8.20260826.5","10469867","2,400"
"175496","FATHAN AZIS","BOOSTER AGT 2026 - ACCS","BK","U35.8.20260826.5","10469867",""
"175496","FATHAN AZIS","BOOSTER AGT 2026 - ACCS","BK","U35.8.20260826.5","10670698",""
"175496","FATHAN AZIS","BOOSTER AGT 2026 - ACCS","BK","U35.8.20260826.5","10714553",""
"175496","FATHAN AZIS","BOOSTER AGT 2026 - FURNI","BP","U35.8.20260826.5","10671362","60,000"
"175496","FATHAN AZIS","REGULER","BM","35.6.20260828.9","10459950","5,000"
"175496","FATHAN AZIS","REGULER","BK","35.6.20260828.9","10453346","2,400"
"175496","FATHAN AZIS","REGULER","BL","35.6.20260828.9","10708311","5,000"
"175496","FATHAN AZIS","REGULER","BK","35.6.20260828.9","10664353","3,600"
"175496","FATHAN AZIS","REGULER","BK","35.6.20260828.9","10670663","36,000"
"175496","FATHAN AZIS","REGULER","BK","35.6.20260828.9","10700338","3,600"
"175496","FATHAN AZIS","REGULER","BK","35.6.20260828.9","10249897","6,000"
"175496","FATHAN AZIS","REGULER","BK","35.6.20260828.9","10464994","9,600"
"175496","FATHAN AZIS","REGULER","BK","35.6.20260828.9","10507013","4,800"
"175496","FATHAN AZIS","REGULER","BM","35.6.20260828.9","10459847","3,000"
"175496","FATHAN AZIS","REGULER","BK","35.6.20260828.9","10453348","2,400"
"175496","FATHAN AZIS","REGULER","BK","35.6.20260828.9","10568714","14,400"
"175496","FATHAN AZIS","REGULER","BM","35.6.20260828.9","10459848","3,000"
"175496","FATHAN AZIS","REGULER","BM","35.6.20260828.9","10459846","3,000"
"175496","FATHAN AZIS","SPECIAL","BJ","35.6.20260828.9","10695311","4,000"
"175496","FATHAN AZIS","SPECIAL","BJ","35.6.20260828.9","10666982","2,000"
"175496","FATHAN AZIS","SPECIAL","BJ","35.6.20260828.9","10695141","2,000"
"175496","FATHAN AZIS","SPECIAL","BJ","35.6.20260828.9","10695142","2,000"
"175496","FATHAN AZIS","BOOSTER AGT 2026 - ACCS","BK","35.6.20260828.9","10249897",""
"175496","FATHAN AZIS","BOOSTER AGT 2026 - ACCS","BK","35.6.20260828.9","10453346",""
"175496","FATHAN AZIS","BOOSTER AGT 2026 - ACCS","BK","35.6.20260828.9","10453348",""
"175496","FATHAN AZIS","BOOSTER AGT 2026 - ACCS","BK","35.6.20260828.9","10464994",""
"175496","FATHAN AZIS","BOOSTER AGT 2026 - ACCS","BK","35.6.20260828.9","10507013",""
"175496","FATHAN AZIS","BOOSTER AGT 2026 - ACCS","BK","35.6.20260828.9","10520528",""
"175496","FATHAN AZIS","BOOSTER AGT 2026 - ACCS","BK","35.6.20260828.9","10520529",""
"175496","FATHAN AZIS","BOOSTER AGT 2026 - ACCS","BK","35.6.20260828.9","10554247",""
"175496","FATHAN AZIS","BOOSTER AGT 2026 - ACCS","BK","35.6.20260828.9","10568706",""
"175496","FATHAN AZIS","BOOSTER AGT 2026 - ACCS","BK","35.6.20260828.9","10568707",""
"175496","FATHAN AZIS","BOOSTER AGT 2026 - ACCS","BK","35.6.20260828.9","10568708",""
"175496","FATHAN AZIS","BOOSTER AGT 2026 - ACCS","BK","35.6.20260828.9","10568709",""
"175496","FATHAN AZIS","BOOSTER AGT 2026 - ACCS","BK","35.6.20260828.9","10568714",""
"175496","FATHAN AZIS","BOOSTER AGT 2026 - ACCS","BK","35.6.20260828.9","10664240",""
"175496","FATHAN AZIS","BOOSTER AGT 2026 - ACCS","BK","35.6.20260828.9","10664353",""
"175496","FATHAN AZIS","BOOSTER AGT 2026 - ACCS","BK","35.6.20260828.9","10665071",""
"175496","FATHAN AZIS","BOOSTER AGT 2026 - ACCS","BK","35.6.20260828.9","10665072",""
"175496","FATHAN AZIS","BOOSTER AGT 2026 - ACCS","BK","35.6.20260828.9","10670663",""
"175496","FATHAN AZIS","BOOSTER AGT 2026 - ACCS","BK","35.6.20260828.9","10700338",""
"175496","FATHAN AZIS","BOOSTER AGT 2026 - ACCS","BK","35.6.20260828.9","10701077",""
"175496","FATHAN AZIS","BOOSTER AGT 2026 - ACCS","BM","35.6.20260828.9","10459846",""
"175496","FATHAN AZIS","BOOSTER AGT 2026 - ACCS","BM","35.6.20260828.9","10459847",""
"175496","FATHAN AZIS","BOOSTER AGT 2026 - ACCS","BM","35.6.20260828.9","10459848",""
"175496","FATHAN AZIS","BOOSTER AGT 2026 - ACCS","BM","35.6.20260828.9","10459950",""
"175496","FATHAN AZIS","REGULER","BF","U35.13.20260829.4","10567427","17,000"
"175496","FATHAN AZIS","REGULER","BD","U35.4.20260830.25","10633166","50,000"
"175496","FATHAN AZIS","SPECIAL","BF","U35.4.20260830.25","10607910","45,000"
"175496","FATHAN AZIS","SPECIAL","BF","U35.4.20260830.25","10629075","150,000"
"175496","FATHAN AZIS","REGULER","BP","U35.4.20260830.26","10542610","14,400"
"175496","FATHAN AZIS","REGULER","BD","U35.3.20260831.6","10626145","45,000"
"176136","RIDHO GUSTIANTORO","KHUSUS - JULI 2026","BA","U35.3.20260723.4","10215532","94,586"
"176136","RIDHO GUSTIANTORO","SPECIAL","BD","U35.7.20260801.12","10229358","250,000"
"176136","RIDHO GUSTIANTORO","BOOSTER AGT 2026 - FURNI","BD","U35.7.20260801.12","10229358","50,000"
"176136","RIDHO GUSTIANTORO","REGULER","BR","35.13.20260802.12","10508384","7,500"
"176136","RIDHO GUSTIANTORO","REGULER","BD","U35.3.20260802.12","10121926","100,000"
"176136","RIDHO GUSTIANTORO","REGULER","BD","U35.3.20260802.13","10121926","100,000"
"176136","RIDHO GUSTIANTORO","REGULER","BM","35.10.20260805.4","10599300","12,000"
"176136","RIDHO GUSTIANTORO","REGULER","BK","35.10.20260805.4","10453978","0"
"176136","RIDHO GUSTIANTORO","REGULER","BK","35.10.20260805.4","10453977","0"
"176136","RIDHO GUSTIANTORO","BOOSTER AGT 2026 - ACCS","BM","35.10.20260805.4","10599299",""
"176136","RIDHO GUSTIANTORO","BOOSTER AGT 2026 - ACCS","BM","35.10.20260805.4","10599300",""
"176136","RIDHO GUSTIANTORO","REGULER","BK","35.3.20260805.8","10286412","1,200"
"176136","RIDHO GUSTIANTORO","REGULER","BQ","35.4.20260805.11","10507189","16,000"
"176136","RIDHO GUSTIANTORO","REGULER","BL","U35.3.20260805.3","10550396","3,000"
"176136","RIDHO GUSTIANTORO","REGULER","BF","U35.3.20260805.3","10604929","3,000"
"176136","RIDHO GUSTIANTORO","REGULER","BO","U35.3.20260805.3","10698131","7,000"
"176136","RIDHO GUSTIANTORO","REGULER","BB","U35.3.20260805.3","10208195","8,000"
"176136","RIDHO GUSTIANTORO","REGULER","BD","U35.3.20260805.3","10108185","35,000"
"176136","RIDHO GUSTIANTORO","REGULER","BL","U35.3.20260805.3","10550400","5,000"
"176136","RIDHO GUSTIANTORO","BOOSTER AGT 2026 - ACCS","BL","U35.3.20260805.3","10550396",""
"176136","RIDHO GUSTIANTORO","BOOSTER AGT 2026 - ACCS","BL","U35.3.20260805.3","10550400",""
"176136","RIDHO GUSTIANTORO","REGULER","BM","35.13.20260806.6","10593568","2,000"
"176136","RIDHO GUSTIANTORO","SPECIAL","BJ","35.13.20260806.6","","6,000"
"176136","RIDHO GUSTIANTORO","SPECIAL","BJ","35.13.20260806.6","10602649","10,000"
"176136","RIDHO GUSTIANTORO","SPECIAL","BJ","35.13.20260806.6","10249385","8,000"
"176136","RIDHO GUSTIANTORO","REGULER","BQ","U35.13.20260806.6","10507192","16,000"
"176136","RIDHO GUSTIANTORO","REGULER","BR","U35.13.20260806.6","10641430","24,000"
"176136","RIDHO GUSTIANTORO","REGULER","BN","35.4.20260808.5","10568432","2,000"
"176136","RIDHO GUSTIANTORO","REGULER","BB","U35.8.20260808.2","10593093","25,000"
"176136","RIDHO GUSTIANTORO","REGULER","BB","U35.8.20260808.2","10574599","14,000"
"176136","RIDHO GUSTIANTORO","REGULER","BB","U35.8.20260808.2","10574600","35,000"
"176136","RIDHO GUSTIANTORO","REGULER","BK","35.3.20260809.3","10697865","4,800"
"176136","RIDHO GUSTIANTORO","BOOSTER AGT 2026 - ACCS","BK","35.3.20260809.3","10507020",""
"176136","RIDHO GUSTIANTORO","BOOSTER AGT 2026 - ACCS","BK","35.3.20260809.3","10534573",""
"176136","RIDHO GUSTIANTORO","BOOSTER AGT 2026 - ACCS","BK","35.3.20260809.3","10534574",""
"176136","RIDHO GUSTIANTORO","BOOSTER AGT 2026 - ACCS","BK","35.3.20260809.3","10534575",""
"176136","RIDHO GUSTIANTORO","BOOSTER AGT 2026 - ACCS","BK","35.3.20260809.3","10534588",""
"176136","RIDHO GUSTIANTORO","BOOSTER AGT 2026 - ACCS","BK","35.3.20260809.3","10602197",""
"176136","RIDHO GUSTIANTORO","BOOSTER AGT 2026 - ACCS","BK","35.3.20260809.3","10656084",""
"176136","RIDHO GUSTIANTORO","BOOSTER AGT 2026 - ACCS","BK","35.3.20260809.3","10656086",""
"176136","RIDHO GUSTIANTORO","BOOSTER AGT 2026 - ACCS","BK","35.3.20260809.3","10697865",""
"176136","RIDHO GUSTIANTORO","BOOSTER AGT 2026 - ACCS","BM","35.3.20260809.3","10552063",""
"176136","RIDHO GUSTIANTORO","BOOSTER AGT 2026 - ACCS","BM","35.3.20260809.3","10555021",""
"176136","RIDHO GUSTIANTORO","BOOSTER AGT 2026 - ACCS","BM","35.3.20260809.3","10566960",""
"176136","RIDHO GUSTIANTORO","BOOSTER AGT 2026 - ACCS","BM","35.3.20260809.3","10657102",""
"176136","RIDHO GUSTIANTORO","REGULER","BK","35.7.20260809.15","10607408","2,400"
"176136","RIDHO GUSTIANTORO","REGULER","BK","35.7.20260809.15","10420965","7,200"
"176136","RIDHO GUSTIANTORO","BOOSTER AGT 2026 - ACCS","BK","35.7.20260809.15","10420965",""
"176136","RIDHO GUSTIANTORO","BOOSTER AGT 2026 - ACCS","BK","35.7.20260809.15","10607408",""
"176136","RIDHO GUSTIANTORO","SPECIAL","BB","U35.10.20260809.6","10686113","0"
"176136","RIDHO GUSTIANTORO","REGULER","BD","U35.3.20260809.1","10564725","5,000"
"176136","RIDHO GUSTIANTORO","REGULER","BD","U35.3.20260809.1","10564726","5,000"
"176136","RIDHO GUSTIANTORO","REGULER","BK","U35.3.20260809.1","10457405","2,400"
"176136","RIDHO GUSTIANTORO","REGULER","DA","U35.3.20260809.1","10643797","27,000"
"176136","RIDHO GUSTIANTORO","REGULER","BB","U35.3.20260809.1","10199862","20,000"
"176136","RIDHO GUSTIANTORO","BOOSTER AGT 2026 - ACCS","DA","U35.3.20260809.1","10643797","30,000"
"176136","RIDHO GUSTIANTORO","BOOSTER AGT 2026 - ACCS","DA","U35.7.20260810.9","10493752","150,000"
"176136","RIDHO GUSTIANTORO","REGULER","BR","U35.8.20260810.1","10475585","21,000"
"176136","RIDHO GUSTIANTORO","SPECIAL","BG","U35.8.20260810.1","10447852","80,000"
"176136","RIDHO GUSTIANTORO","REGULER","BK","35.6.20260813.3","10292950","2,400"
"176136","RIDHO GUSTIANTORO","SPECIAL","BN","35.6.20260813.8","10349991","5,000"
"176136","RIDHO GUSTIANTORO","REGULER","BL","35.3.20260815.1","10151605","6,000"
"176136","RIDHO GUSTIANTORO","BOOSTER AGT 2026 - ACCS","BL","35.3.20260815.1","10151605","25,000"
"176136","RIDHO GUSTIANTORO","BOOSTER AGT 2026 - ACCS","DB","35.7.20260815.3","10669975","30,000"
"176136","RIDHO GUSTIANTORO","REGULER","BF","U35.3.20260815.1","10571558","25,000"
"176136","RIDHO GUSTIANTORO","REGULER","BD","U35.4.20260815.20","10580042","15,000"
"176136","RIDHO GUSTIANTORO","REGULER","BF","U35.4.20260815.20","10634177","20,000"
"176136","RIDHO GUSTIANTORO","REGULER","BP","U35.4.20260815.20","10453090","21,600"
"176136","RIDHO GUSTIANTORO","REGULER","BQ","U35.4.20260815.21","10499724","19,000"
"176136","RIDHO GUSTIANTORO","REGULER","BN","35.10.20260817.2","10069765","6,000"
"176136","RIDHO GUSTIANTORO","SPECIAL","BN","35.10.20260817.2","10158111","20,000"
"176136","RIDHO GUSTIANTORO","REGULER","BO","35.4.20260817.15","10599267","1,000"
"176136","RIDHO GUSTIANTORO","SPECIAL","BJ","35.4.20260817.15","10602642","10,000"
"176136","RIDHO GUSTIANTORO","SPECIAL","BJ","35.4.20260817.15","10559840","10,000"
"176136","RIDHO GUSTIANTORO","REGULER","BN","35.3.20260819.2","10437852","1,000"
"176136","RIDHO GUSTIANTORO","REGULER","BN","35.3.20260819.2","10059178","6,000"
"176136","RIDHO GUSTIANTORO","REGULER","BQ","35.6.20260819.13","10564051","55,000"
"176136","RIDHO GUSTIANTORO","BOOSTER AGT 2026 - FURNI","BQ","35.6.20260819.13","10564051","80,000"
"176136","RIDHO GUSTIANTORO","REGULER","BD","U35.3.20260819.1","10435138","25,000"
"176136","RIDHO GUSTIANTORO","REGULER","BI","U35.4.20260819.6","","21,600"
"176136","RIDHO GUSTIANTORO","REGULER","BI","U35.4.20260819.6","","72,000"
"176136","RIDHO GUSTIANTORO","REGULER","BM","35.3.20260820.3","10594886","8,000"
"176136","RIDHO GUSTIANTORO","BOOSTER AGT 2026 - ACCS","BM","35.3.20260820.3","10594886","25,000"
"176136","RIDHO GUSTIANTORO","REGULER","BC","U35.6.20260821.6","10681949","135,000"
"176136","RIDHO GUSTIANTORO","REGULER","BJ","35.6.20260822.42","10680631","5,000"
"176136","RIDHO GUSTIANTORO","SPECIAL","BJ","35.6.20260822.42","10676776","4,000"
"176136","RIDHO GUSTIANTORO","SPECIAL","BB","U35.0.20260822.2","10686113","-300,000"
"176136","RIDHO GUSTIANTORO","REGULER","BK","U35.6.20260822.14","10648278","9,600"
"176136","RIDHO GUSTIANTORO","REGULER","BM","U35.6.20260822.14","10613393","7,000"
"176136","RIDHO GUSTIANTORO","REGULER","BC","U35.6.20260822.14","10588596","35,000"
"176136","RIDHO GUSTIANTORO","BOOSTER AGT 2026 - ACCS","BK","U35.6.20260822.14","10648278","25,000"
"176136","RIDHO GUSTIANTORO","BOOSTER AGT 2026 - ACCS","BM","U35.6.20260822.14","10613393","25,000"
"176136","RIDHO GUSTIANTORO","SPECIAL","BB","U35.7.20260822.11","10686113","300,000"
"176136","RIDHO GUSTIANTORO","REGULER","BN","U35.7.20260822.18","10413583","1,000"
"176136","RIDHO GUSTIANTORO","SPECIAL","BN","U35.7.20260822.18","10443912","12,000"
"176136","RIDHO GUSTIANTORO","SPECIAL","BN","U35.7.20260822.18","10686410","20,000"
"176136","RIDHO GUSTIANTORO","SPECIAL","BN","U35.7.20260822.18","10178459","8,000"
"176136","RIDHO GUSTIANTORO","SPECIAL","BN","U35.7.20260822.18","10555573","12,000"
"176136","RIDHO GUSTIANTORO","SPECIAL","BN","U35.7.20260822.18","10666234","30,000"
"176136","RIDHO GUSTIANTORO","SPECIAL","BN","U35.7.20260822.18","10667683","6,000"
"176136","RIDHO GUSTIANTORO","SPECIAL","BD","U35.3.20260823.14","10568811","200,000"
"176136","RIDHO GUSTIANTORO","REGULER","BD","U35.7.20260823.7","10583766","235,000"
"176136","RIDHO GUSTIANTORO","REGULER","BL","35.6.20260824.13","10276076","3,000"
"176136","RIDHO GUSTIANTORO","REGULER","BL","35.6.20260824.13","10457748","4,000"
"176136","RIDHO GUSTIANTORO","BOOSTER AGT 2026 - ACCS","BL","35.6.20260824.13","10276076",""
"176136","RIDHO GUSTIANTORO","BOOSTER AGT 2026 - ACCS","BL","35.6.20260824.13","10457748",""
"176136","RIDHO GUSTIANTORO","SPECIAL","BD","35.10.20260827.5","10498001","200,000"
"176136","RIDHO GUSTIANTORO","REGULER","BD","U35.7.20260827.1","10578755","8,000"
"176136","RIDHO GUSTIANTORO","BOOSTER AGT 2026 - FURNI","BI","U35.7.20260827.1","10653555","20,000"
"176136","RIDHO GUSTIANTORO","BOOSTER AGT 2026 - FURNI","BI","U35.7.20260827.1","10653557","5,000"
"176136","RIDHO GUSTIANTORO","BOOSTER AGT 2026 - FURNI","BI","U35.7.20260827.1","10653558","25,000"
"176136","RIDHO GUSTIANTORO","BOOSTER AGT 2026 - FURNI","BI","U35.7.20260827.1","10653559","20,000"
"176136","RIDHO GUSTIANTORO","SPECIAL","BJ","35.6.20260829.15","10560054","9,000"
"176136","RIDHO GUSTIANTORO","SPECIAL","BJ","35.6.20260829.15","10661428","20,000"
"176136","RIDHO GUSTIANTORO","SPECIAL","BJ","35.6.20260829.15","10560076","10,000"
"176136","RIDHO GUSTIANTORO","KHUSUS","BA","U35.6.20260829.9","10486390","34,946"
"176136","RIDHO GUSTIANTORO","REGULER","BP","U35.13.20260831.3","10591345","66,000"
"177535","NUR LISTIANA","KHUSUS - JULI 2026","BA","U35.3.20260705.6","10582002","337,824"
"177535","NUR LISTIANA","KHUSUS - JULI 2026","BA","U35.3.20260715.5","10581746","37,838"
"177535","NUR LISTIANA","KHUSUS - JULI 2026","BA","U35.3.20260715.5","10581749","37,838"
"177535","NUR LISTIANA","KHUSUS - JULI 2026","BA","U35.4.20260726.14","10681078","21,614"
"177535","NUR LISTIANA","KHUSUS - JULI 2026","BA","U35.7.20260726.2","10571914","28,822"
"177535","NUR LISTIANA","REGULER","BO","35.6.20260801.6","10567970","1,000"
"177535","NUR LISTIANA","REGULER","BN","35.7.20260801.55","10515626","2,000"
"177535","NUR LISTIANA","REGULER","BR","U35.8.20260801.26","10672856","30,000"
"177535","NUR LISTIANA","REGULER","BQ","35.13.20260802.1","10666137","25,000"
"177535","NUR LISTIANA","REGULER","DA","35.13.20260802.25","10544633","12,000"
"177535","NUR LISTIANA","REGULER","DB","35.13.20260802.25","10177398","6,000"
"177535","NUR LISTIANA","BOOSTER AGT 2026 - ACCS","DA","35.13.20260802.25","10544633",""
"177535","NUR LISTIANA","BOOSTER AGT 2026 - ACCS","DB","35.13.20260802.25","10177398",""
"177535","NUR LISTIANA","REGULER","BN","35.7.20260802.1","10475936","2,000"
"177535","NUR LISTIANA","REGULER","BN","35.10.20260804.1","10688658","3,000"
"177535","NUR LISTIANA","REGULER","BM","35.10.20260805.1","10566951","4,000"
"177535","NUR LISTIANA","REGULER","BM","35.10.20260805.1","10021017","3,000"
"177535","NUR LISTIANA","BOOSTER AGT 2026 - ACCS","BM","35.10.20260805.1","10021017",""
"177535","NUR LISTIANA","BOOSTER AGT 2026 - ACCS","BM","35.10.20260805.1","10566951",""
"177535","NUR LISTIANA","REGULER","BR","U35.7.20260806.8","10561988","9,000"
"177535","NUR LISTIANA","REGULER","BP","U35.7.20260806.8","10098317","270,000"
"177535","NUR LISTIANA","REGULER","BK","U35.7.20260806.8","10426361","10,800"
"177535","NUR LISTIANA","REGULER","BQ","U35.7.20260806.8","10699335","95,000"
"177535","NUR LISTIANA","BOOSTER AGT 2026 - ACCS","BK","U35.7.20260806.8","10426361","25,000"
"177535","NUR LISTIANA","REGULER","BQ","U35.7.20260806.9","10699335","75,000"
"177535","NUR LISTIANA","REGULER","BG","35.4.20260807.19","10508199","7,000"
"177535","NUR LISTIANA","REGULER","BL","35.8.20260807.16","10457950","0"
"177535","NUR LISTIANA","REGULER","BL","35.8.20260807.16","10196361","0"
"177535","NUR LISTIANA","REGULER","BK","U35.10.20260807.3","10601000","3,600"
"177535","NUR LISTIANA","REGULER","BQ","U35.10.20260807.3","10607958","75,000"
"177535","NUR LISTIANA","REGULER","BK","U35.10.20260807.3","10600654","8,400"
"177535","NUR LISTIANA","BOOSTER AGT 2026 - ACCS","BK","U35.10.20260807.3","10600654",""
"177535","NUR LISTIANA","BOOSTER AGT 2026 - ACCS","BK","U35.10.20260807.3","10601000",""
"177535","NUR LISTIANA","REGULER","BK","35.6.20260808.14","10367684","7,200"
"177535","NUR LISTIANA","REGULER","DB","35.7.20260808.38","10571116","7,500"
"177535","NUR LISTIANA","REGULER","BN","35.7.20260808.7","10547542","1,000"
"177535","NUR LISTIANA","REGULER","BP","U35.13.20260808.13","10428754","24,000"
"177535","NUR LISTIANA","SPECIAL","BF","U35.13.20260808.13","10332809","75,000"
"177535","NUR LISTIANA","SPECIAL","BI","U35.13.20260808.13","10632269","70,000"
"177535","NUR LISTIANA","REGULER","BL","U35.13.20260808.14","10680484","5,000"
"177535","NUR LISTIANA","REGULER","BM","35.10.20260809.24","10242350","3,000"
"177535","NUR LISTIANA","SPECIAL","BJ","35.13.20260809.15","","3,000"
"177535","NUR LISTIANA","SPECIAL","BJ","35.4.20260809.11","10689140","30,000"
"177535","NUR LISTIANA","SPECIAL","BJ","35.8.20260809.37","10664234","30,000"
"177535","NUR LISTIANA","REGULER","BI","35.8.20260809.43","10588139","2,400"
"177535","NUR LISTIANA","REGULER","BI","35.8.20260809.43","10588136","2,400"
"177535","NUR LISTIANA","REGULER","BI","35.8.20260809.43","10643798","2,400"
"177535","NUR LISTIANA","REGULER","BP","U35.4.20260809.9","10589616","16,800"
"177535","NUR LISTIANA","REGULER","BQ","U35.4.20260809.9","10642397","9,000"
"177535","NUR LISTIANA","REGULER","BI","35.10.20260811.7","10569971","3,600"
"177535","NUR LISTIANA","SPECIAL","BJ","35.4.20260811.11","10568370","4,000"
"177535","NUR LISTIANA","REGULER","BM","35.10.20260814.14","10628701","4,000"
"177535","NUR LISTIANA","REGULER","BN","35.10.20260815.21","10663036","2,000"
"177535","NUR LISTIANA","REGULER","BI","35.4.20260815.29","10702672","6,000"
"177535","NUR LISTIANA","REGULER","BI","35.4.20260815.30","10702674","6,000"
"177535","NUR LISTIANA","SPECIAL","BN","35.7.20260815.1","10657065","3,000"
"177535","NUR LISTIANA","REGULER","BF","U35.4.20260815.22","10180382","18,000"
"177535","NUR LISTIANA","REGULER","BF","U35.4.20260815.22","10634177","40,000"
"177535","NUR LISTIANA","REGULER","BQ","U35.4.20260815.5","10636493","11,000"
"177535","NUR LISTIANA","REGULER","BO","35.10.20260816.45","10523704","0"
"177535","NUR LISTIANA","REGULER","BC","35.3.20260816.1","10196474","35,000"
"177535","NUR LISTIANA","REGULER","BM","35.8.20260816.32","10216800","1,000"
"177535","NUR LISTIANA","SPECIAL","BJ","35.8.20260816.32","10664234","30,000"
"177535","NUR LISTIANA","REGULER","BP","U35.10.20260816.16","10428754","24,000"
"177535","NUR LISTIANA","REGULER","BP","U35.6.20260816.8","10583341","10,800"
"177535","NUR LISTIANA","REGULER","BB","U35.8.20260816.15","10622142","14,000"
"177535","NUR LISTIANA","BOOSTER AGT 2026 - ACCS","BK","35.10.20260817.28","",""
"177535","NUR LISTIANA","BOOSTER AGT 2026 - ACCS","BK","35.10.20260817.28","",""
"177535","NUR LISTIANA","BOOSTER AGT 2026 - ACCS","BK","35.10.20260817.28","",""
"177535","NUR LISTIANA","BOOSTER AGT 2026 - ACCS","BK","35.10.20260817.28","",""
"177535","NUR LISTIANA","REGULER","BO","35.10.20260817.37","10632602","1,000"
"177535","NUR LISTIANA","REGULER","BL","35.7.20260817.21","10550396","3,000"
"177535","NUR LISTIANA","SPECIAL","BL","35.8.20260817.36","10571376","50,000"
"177535","NUR LISTIANA","BOOSTER AGT 2026 - ACCS","BL","35.8.20260817.36","10571376","75,000"
"177535","NUR LISTIANA","SPECIAL","BL","U35.10.20260817.13","10690160","70,000"
"177535","NUR LISTIANA","BOOSTER AGT 2026 - ACCS","BL","U35.10.20260817.13","10690160","100,000"
"177535","NUR LISTIANA","SPECIAL","BL","U35.10.20260817.14","10645392","50,000"
"177535","NUR LISTIANA","BOOSTER AGT 2026 - ACCS","BL","U35.10.20260817.14","10645392","75,000"
"177535","NUR LISTIANA","REGULER","BB","U35.10.20260817.22","10149049","25,000"
"177535","NUR LISTIANA","REGULER","BO","35.10.20260819.2","10506860","0"
"177535","NUR LISTIANA","REGULER","BO","35.10.20260819.2","10565167","2,000"
"177535","NUR LISTIANA","REGULER","BR","U35.13.20260819.15","","45,000"
"177535","NUR LISTIANA","SPECIAL","BN","35.3.20260821.9","10513427","30,000"
"177535","NUR LISTIANA","REGULER","BO","35.10.20260822.27","10565167","5,000"
"177535","NUR LISTIANA","REGULER","BI","35.13.20260822.1","10678100","10,800"
"177535","NUR LISTIANA","REGULER","BD","U35.3.20260822.3","10564573","20,000"
"177535","NUR LISTIANA","REGULER","BD","U35.3.20260822.3","10605785","25,000"
"177535","NUR LISTIANA","REGULER","BD","U35.3.20260822.4","10564573","7,000"
"177535","NUR LISTIANA","REGULER","BO","35.10.20260824.12","10523704","0"
"177535","NUR LISTIANA","REGULER","BB","U35.8.20260824.1","10593094","25,000"
"177535","NUR LISTIANA","REGULER","BB","U35.8.20260824.1","10648058","25,000"
"177535","NUR LISTIANA","REGULER","BA","U35.8.20260824.12","10560291","35,000"
"177535","NUR LISTIANA","REGULER","BB","U35.8.20260824.2","10593091","20,000"
"177535","NUR LISTIANA","SPECIAL","BN","35.3.20260825.32","10657077","5,000"
"177535","NUR LISTIANA","SPECIAL","BN","35.3.20260825.32","10656999","5,000"
"177535","NUR LISTIANA","SPECIAL","BN","35.3.20260825.32","10656995","7,000"
"177535","NUR LISTIANA","REGULER","BK","35.4.20260825.46","10627872","9,600"
"177535","NUR LISTIANA","SPECIAL","BJ","35.4.20260825.46","10215872","12,000"
"177535","NUR LISTIANA","BOOSTER AGT 2026 - ACCS","BK","35.4.20260825.46","10627872","25,000"
"177535","NUR LISTIANA","REGULER","BN","35.7.20260825.28","10421614","4,000"
"177535","NUR LISTIANA","REGULER","BO","35.8.20260825.28","10506860","0"
"177535","NUR LISTIANA","REGULER","BO","35.8.20260825.28","10516533","6,000"
"177535","NUR LISTIANA","REGULER","BK","U35.10.20260825.12","10676054","24,000"
"177535","NUR LISTIANA","REGULER","BK","U35.10.20260825.12","10600997","13,200"
"177535","NUR LISTIANA","BOOSTER AGT 2026 - ACCS","BK","U35.10.20260825.12","10600997",""
"177535","NUR LISTIANA","BOOSTER AGT 2026 - ACCS","BK","U35.10.20260825.12","10676054",""
"177535","NUR LISTIANA","REGULER","BE","U35.3.20260825.2","10413103","30,000"
"177535","NUR LISTIANA","REGULER","BB","U35.3.20260825.2","10648058","25,000"
"177535","NUR LISTIANA","REGULER","BB","U35.3.20260825.2","10583275","30,000"
"177535","NUR LISTIANA","REGULER","BD","35.0.20260828.2","10583766","-360,000"
"177535","NUR LISTIANA","REGULER","BK","35.6.20260828.9","10636522","4,800"
"177535","NUR LISTIANA","REGULER","BK","35.6.20260828.9","10631389","6,000"
"177535","NUR LISTIANA","BOOSTER AGT 2026 - ACCS","BK","35.6.20260828.9","10631389",""
"177535","NUR LISTIANA","BOOSTER AGT 2026 - ACCS","BK","35.6.20260828.9","10636522",""
"177535","NUR LISTIANA","REGULER","BD","U35.10.20260828.5","10583766","360,000"
"177535","NUR LISTIANA","SPECIAL","BE","U35.3.20260828.6","10604098","170,000"
"177535","NUR LISTIANA","REGULER","BD","U35.10.20260830.4","10705600","30,000"
"177535","NUR LISTIANA","REGULER","BQ","U35.4.20260830.36","10636490","30,000"
"177535","NUR LISTIANA","REGULER","BR","U35.10.20260831.6","10274781","37,500"
"119861","ANGKY LESMANA","INSENTIF COMMERCIAL","CZ","U35.4.20260827.11","10721234","136,000"
"143021","NUKY SEPTIAN CHRISANDY","INSENTIF COMMERCIAL","CZ","U35.13.20260822.13","10721234","136,000"
"143021","NUKY SEPTIAN CHRISANDY","INSENTIF COMMERCIAL","CZ","U35.4.20260823.30","10721234","136,000"
"154035","MOCHAMMAD SANWANI","INSENTIF COMMERCIAL","CZ","U35.10.20260830.7","10721234","136,000"
"166968","MOHAMMAD RIZALY FAHMI AFANDI","INSENTIF COMMERCIAL","CZ","U35.4.20260822.16","10721234","136,000"
"173609","TOMY PUTRA AGUSTIEN","INSENTIF COMMERCIAL","CZ","U35.13.20260811.12","10721234","139,000"
"176556","HERRY YUSWAN","INSENTIF COMMERCIAL","CZ","U35.4.20260809.5","10721234","144,000"
"119861","ANGKY LESMANA","INSENTIF COMMERCIAL","CZ","U35.13.20260822.4","10721234","410,000"
"176728","NANDA SETIANA","INSENTIF COMMERCIAL","CZ","U35.4.20260830.16","10721234","547,000"
"119861","ANGKY LESMANA","INSENTIF COMMERCIAL","CZ","U35.13.20260822.3","10721234","958,000"
"176927","ALDI","INSENTIF COMMERCIAL","CZ","35.13.20260823.4","10445569","68,000"
"186905","MUHAMMAD ZULKARNAIN","INSENTIF COMMERCIAL","CZ","U35.13.20260830.1","10647094","26,000"
"179965","MUHAMAD AGUNG","INSENTIF COMMERCIAL","CZ","U35.6.20260830.23","10647094","26,000"
"115570","NOVITA SARI","INSENTIF COMMERCIAL","CZ","U35.13.20260809.23","10647094","27,000"
"183303","ABIL DURAHMAN","INSENTIF COMMERCIAL","CZ","U35.13.20260812.1","10647094","27,000"
"192427","PARHAN ANDRIAN","INSENTIF COMMERCIAL","CZ","U35.13.20260802.13","10647094","27,000"
"195002","DESTA PUJA DINATA","INSENTIF COMMERCIAL","CZ","U35.4.20260808.16","10647094","27,000"
"185701","DEDI ANGGARA","INSENTIF COMMERCIAL","CZ","U35.8.20260829.5","10647094","52,000"
"194849","AFGAN IBNU AZAIDAN","INSENTIF COMMERCIAL","CZ","U35.4.20260801.22","10509702","104,000"
"190020","WAHYU BUKHORI","INSENTIF COMMERCIAL","CZ","U35.4.20260804.3","10509703","106,000"
"176728","NANDA SETIANA","INSENTIF COMMERCIAL","CZ","U35.4.20260824.1","10726023","40,000"
"193455","MAULANA MARIS","INSENTIF COMMERCIAL","CZ","U35.4.20260827.15","10726023","48,000"
"171706","DISHA FEBRIANI","INSENTIF COMMERCIAL","CZ","U35.13.20260825.4","10508810","457,000"
"130203","LISTANTO","INSENTIF COMMERCIAL","CZ","U35.0.20260814.1","10721235","-960,000"
"101853","RIKI SUBAGJA","INSENTIF COMMERCIAL","CZ","U35.13.20260815.7","10721235","160,000"
"119861","ANGKY LESMANA","INSENTIF COMMERCIAL","CZ","U35.4.20260822.4","10721235","160,000"
"190020","WAHYU BUKHORI","INSENTIF COMMERCIAL","CZ","U35.13.20260814.13","10721235","160,000"
"192992","ILYASA ALIFANSYACH","INSENTIF COMMERCIAL","CZ","U35.10.20260819.8","10721235","640,000"
"130203","LISTANTO","INSENTIF COMMERCIAL","CZ","U35.6.20260812.1","10721235","960,000"
"130203","LISTANTO","INSENTIF COMMERCIAL","CZ","U35.13.20260814.12","10721235","960,000"
"176136","RIDHO GUSTIANTORO","INSENTIF COMMERCIAL","CZ","U35.13.20260825.28","10721235","960,000"
"130203","LISTANTO","INSENTIF COMMERCIAL","CZ","U35.4.20260809.24","10721235","1,600,000"
"154035","MOCHAMMAD SANWANI","INSENTIF COMMERCIAL","CZ","U35.13.20260816.18","10721236","98,000"
"176728","NANDA SETIANA","INSENTIF COMMERCIAL","CZ","U35.4.20260809.11","10721236","102,000"
"154251","FITRI SILPANI","INSENTIF COMMERCIAL","CZ","U35.13.20260822.20","10721236","107,000"
"171189","ABDURAHMAN WAHID","INSENTIF COMMERCIAL","CZ","U35.3.20260823.7","10721236","107,000"
"192993","FAHREZA NUGROHO","INSENTIF COMMERCIAL","CZ","U35.13.20260825.18","10721236","107,000"
"194974","DANIEL FEBRIAN","INSENTIF COMMERCIAL","CZ","U35.4.20260817.17","10721236","107,000"
"195002","DESTA PUJA DINATA","INSENTIF COMMERCIAL","CZ","U35.13.20260822.19","10721236","107,000"
"173763","FERHANS IQBAL HERDIANSYAH","INSENTIF COMMERCIAL","CZ","U35.13.20260828.8","10721236","215,000"
"194974","DANIEL FEBRIAN","INSENTIF COMMERCIAL","CZ","U35.10.20260819.8","10721236","215,000"
"173609","TOMY PUTRA AGUSTIEN","INSENTIF COMMERCIAL","CZ","U35.13.20260819.11","10721236","323,000"
"122727","RETNO BUDI RIANTO","INSENTIF COMMERCIAL","CZ","U35.4.20260831.6","10721236","539,000"
"192219","ATHALLA NAUFAL AL FARIDZ","INSENTIF COMMERCIAL","CZ","U35.13.20260829.10","10721236","646,000"
"130203","LISTANTO","INSENTIF COMMERCIAL","CZ","U35.13.20260812.6","10721236","1,286,000"
"115570","NOVITA SARI","INSENTIF COMMERCIAL","CZ","U35.4.20260814.6","10721236","1,401,000"
"115570","NOVITA SARI","INSENTIF COMMERCIAL","CZ","U35.4.20260824.4","10613182","90,000"
"117452","DODI SANMARTIN","INSENTIF COMMERCIAL","CZ","U35.13.20260813.2","10564214","129,000"
"192992","ILYASA ALIFANSYACH","INSENTIF COMMERCIAL","CZ","U35.8.20260825.8","10564214","129,000"
"194645","DEWI FEBRIANI","INSENTIF COMMERCIAL","CZ","U35.10.20260803.7","10564214","129,000"
"194645","DEWI FEBRIANI","INSENTIF COMMERCIAL","CZ","U35.6.20260829.12","10564214","129,000"
"94682","ANDREI HILCES.","INSENTIF COMMERCIAL","CZ","1","1","799,000"
"94840","LUKMANUL HAKIM.","INSENTIF COMMERCIAL","CZ","1","1","1,051,900"
"96802","MUHAMMAD ADUN","INSENTIF COMMERCIAL","CZ","1","1","354,000"
"101172","RIZKY BUDI PRASTYA","INSENTIF COMMERCIAL","CZ","1","1","1,848,800"
"101853","RIKI SUBAGJA","INSENTIF COMMERCIAL","CZ","1","1","1,073,300"
"103337","PRIMA MAELANA","INSENTIF COMMERCIAL","CZ","1","1","76,800"
"105269","AHMAD SOBANDI","INSENTIF COMMERCIAL","CZ","1","1","1,500"
"106202","PEPI FIRDAUS","INSENTIF COMMERCIAL","CZ","1","1","1,175,100"
"106399","PRATAMA SUKARNO PUTRA","INSENTIF COMMERCIAL","CZ","1","1","272,600"
"106504","WAHYU SUSANTO","INSENTIF COMMERCIAL","CZ","1","1","469,600"
"108387","CHOIRUN NISSA","INSENTIF COMMERCIAL","CZ","1","1","554,000"
"110376","FEBIN EDWANSYAH","INSENTIF COMMERCIAL","CZ","1","1","480,200"
"111740","RETIANA AYUNING WARDAYA","INSENTIF COMMERCIAL","CZ","1","1","988,900"
"115570","NOVITA SARI","INSENTIF COMMERCIAL","CZ","1","1","296,800"
"117452","DODI SANMARTIN","INSENTIF COMMERCIAL","CZ","1","1","266,900"
"119738","NANDA WARIZKA","INSENTIF COMMERCIAL","CZ","1","1","344,200"
"119861","ANGKY LESMANA","INSENTIF COMMERCIAL","CZ","1","1","387,600"
"133169","PERDI DWISEPTIAN","INSENTIF COMMERCIAL","CZ","1","1","323,600"
"137443","ULFAN ADITA PRATAMA","INSENTIF COMMERCIAL","CZ","1","1","63,000"
"148068","ZAM ZAM SALEHUDIN AHMADI","INSENTIF COMMERCIAL","CZ","1","1","142,000"
"154035","MOCHAMMAD SANWANI","INSENTIF COMMERCIAL","CZ","1","1","1,778,500"
"154251","FITRI SILPANI","INSENTIF COMMERCIAL","CZ","1","1","203,000"
"160429","BAYU CAHYO HUTOYO","INSENTIF COMMERCIAL","CZ","1","1","142,200"
"162284","YUKI FHILIF SAPUTRA","INSENTIF COMMERCIAL","CZ","1","1","751,500"
"162604","RICKY SUBAGJA","INSENTIF COMMERCIAL","CZ","1","1","144,500"
"165513","MOH FARHAN NURRAHMAN","INSENTIF COMMERCIAL","CZ","1","1","174,900"
"166968","MOHAMMAD RIZALY FAHMI AFANDI","INSENTIF COMMERCIAL","CZ","1","1","10,000"
"168289","GABRIEL SEBASTIAN JAMES UMBOH","INSENTIF COMMERCIAL","CZ","1","1","30,400"
"171706","DISHA FEBRIANI","INSENTIF COMMERCIAL","CZ","1","1","179,000"
"171707","PUTRI AYU NAIBAHO","INSENTIF COMMERCIAL","CZ","1","1","270,000"
"171999","INDAH LIANA SARI","INSENTIF COMMERCIAL","CZ","1","1","624,000"
"172000","AZRIM ANGKONI","INSENTIF COMMERCIAL","CZ","1","1","155,000"
"172644","SADAM AL FAYED","INSENTIF COMMERCIAL","CZ","1","1","531,200"
"173609","TOMY PUTRA AGUSTIEN","INSENTIF COMMERCIAL","CZ","1","1","152,500"
"174457","FERA YUNIAR","INSENTIF COMMERCIAL","CZ","1","1","39,900"
"175001","FERDIAWAN","INSENTIF COMMERCIAL","CZ","1","1","263,500"
"175495","TONI HIDAYAT","INSENTIF COMMERCIAL","CZ","1","1","529,000"
"175496","FATHAN AZIS","INSENTIF COMMERCIAL","CZ","1","1","102,800"
"175694","TIFANI HERAWATI","INSENTIF COMMERCIAL","CZ","1","1","55,000"
"175832","ASRIADI ASGAR","INSENTIF COMMERCIAL","CZ","1","1","45,600"
"175833","AZIZ MIFTAHUL FAUZI","INSENTIF COMMERCIAL","CZ","1","1","123,200"
"176136","RIDHO GUSTIANTORO","INSENTIF COMMERCIAL","CZ","1","1","246,100"
"176137","RAHMAT ADITYA","INSENTIF COMMERCIAL","CZ","1","1","324,000"
"176138","AHMAD FADILA","INSENTIF COMMERCIAL","CZ","1","1","269,800"
"176140","WAHYU PERMANA","INSENTIF COMMERCIAL","CZ","1","1","673,800"
"176141","MUHAMAD YUSUF","INSENTIF COMMERCIAL","CZ","1","1","212,500"
"176142","ISHAM MUSTAFID","INSENTIF COMMERCIAL","CZ","1","1","167,300"
"176556","HERRY YUSWAN","INSENTIF COMMERCIAL","CZ","1","1","27,500"
"176646","RIZKY FADHILLA","INSENTIF COMMERCIAL","CZ","1","1","202,000"
"176649","PREDIANSYAH","INSENTIF COMMERCIAL","CZ","1","1","1,799,700"
"176651","NIA AULINA","INSENTIF COMMERCIAL","CZ","1","1","649,000"
"176927","ALDI","INSENTIF COMMERCIAL","CZ","1","1","597,400"
"176928","REPAN","INSENTIF COMMERCIAL","CZ","1","1","260,100"
"177063","NABILAH ADANI","INSENTIF COMMERCIAL","CZ","1","1","723,000"
"177065","VANNY ERIYANI","INSENTIF COMMERCIAL","CZ","1","1","239,500"
"177535","NUR LISTIANA","INSENTIF COMMERCIAL","CZ","1","1","787,100"
"178197","RYAN YULIANTO","INSENTIF COMMERCIAL","CZ","1","1","104,800"
"179029","YUDA ADITYA NUGRAHA","INSENTIF COMMERCIAL","CZ","1","1","903,500"
"179039","RISSA NURSANTI","INSENTIF COMMERCIAL","CZ","1","1","135,000"
"179583","RAMA DHANI","INSENTIF COMMERCIAL","CZ","1","1","746,000"
"179965","MUHAMAD AGUNG","INSENTIF COMMERCIAL","CZ","1","1","167,500"
"180436","FIKRI MAULANA","INSENTIF COMMERCIAL","CZ","1","1","281,500"
"181370","KAMILA INDAH PRATIWI","INSENTIF COMMERCIAL","CZ","1","1","82,500"
"181680","MAHSYA IZDIHAR","INSENTIF COMMERCIAL","CZ","1","1","81,200"
"182106","YOGA MATORIS","INSENTIF COMMERCIAL","CZ","1","1","237,600"
"182109","BAGAS PRAYOGA","INSENTIF COMMERCIAL","CZ","1","1","349,800"
"182110","HAFIDZ ABDULLAH","INSENTIF COMMERCIAL","CZ","1","1","214,500"
"183303","ABIL DURAHMAN","INSENTIF COMMERCIAL","CZ","1","1","303,200"
"183731","SAEKHONI YAHYA","INSENTIF COMMERCIAL","CZ","1","1","586,100"
"184962","RAHMAT HIDAYAT","INSENTIF COMMERCIAL","CZ","1","1","31,500"
"184963","ADIT KURNIAWAN","INSENTIF COMMERCIAL","CZ","1","1","64,700"
"185551","DICKY SETIAWAN","INSENTIF COMMERCIAL","CZ","1","1","326,000"
"186905","MUHAMMAD ZULKARNAIN","INSENTIF COMMERCIAL","CZ","1","1","280,900"
"186986","HERDIANSYAH FARHAN TRI SAPUTRA","INSENTIF COMMERCIAL","CZ","1","1","252,200"
"188489","SUDIARTO AGUS NUR ROHMAN","INSENTIF COMMERCIAL","CZ","1","1","398,200"
"189824","SARI NOVATIANI","INSENTIF COMMERCIAL","CZ","1","1","1,841,000"
"190793","ANDRI","INSENTIF COMMERCIAL","CZ","1","1","439,400"
"191316","AGUNG PERMADI","INSENTIF COMMERCIAL","CZ","1","1","98,000"
"192303","AUDY ALIF PUTRA","INSENTIF COMMERCIAL","CZ","1","1","559,900"
"192340","SALSA BILAHNURYUDA","INSENTIF COMMERCIAL","CZ","1","1","131,400"
"192427","PARHAN ANDRIAN","INSENTIF COMMERCIAL","CZ","1","1","241,400"
"192993","FAHREZA NUGROHO","INSENTIF COMMERCIAL","CZ","1","1","619,200"
"193309","WILFRIDA DWI APRIANA TURNIP","INSENTIF COMMERCIAL","CZ","1","1","141,600"
"193310","RIFKI JULIAN","INSENTIF COMMERCIAL","CZ","1","1","238,000"
"193312","NAZWA SAFIRA","INSENTIF COMMERCIAL","CZ","1","1","206,600"
"193455","MAULANA MARIS","INSENTIF COMMERCIAL","CZ","1","1","729,000"
"193688","RUDI TRESNA","INSENTIF COMMERCIAL","CZ","1","1","61,000"
"194067","LUFITA RAMADHANY ZULKIFLY","INSENTIF COMMERCIAL","CZ","1","1","237,500"
"194353","INTAN AYU LARASATI","INSENTIF COMMERCIAL","CZ","1","1","214,000"
"194645","DEWI FEBRIANI","INSENTIF COMMERCIAL","CZ","1","1","946,700"
"194646","ADITYA KUSUMA YUDISTIRA","INSENTIF COMMERCIAL","CZ","1","1","168,000"
"194849","AFGAN IBNU AZAIDAN","INSENTIF COMMERCIAL","CZ","1","1","112,800"
"194974","DANIEL FEBRIAN","INSENTIF COMMERCIAL","CZ","1","1","294,400"
"194975","DIVA NURFAUZIAH","INSENTIF COMMERCIAL","CZ","1","1","514,000"
"194976","SYAMSUL HIBATULLAH","INSENTIF COMMERCIAL","CZ","1","1","67,500"
"195002","DESTA PUJA DINATA","INSENTIF COMMERCIAL","CZ","1","1","440,000"
"195739","DIKI WAHYUDI","INSENTIF COMMERCIAL","CZ","1","1","754,100"
"195855","BAGUS PRAKOSO","INSENTIF COMMERCIAL","CZ","1","1","70,100"
"197422","ALYA TYA SAMANTA","INSENTIF COMMERCIAL","CZ","1","1","303,200"
"176928","REPAN","INSENTIF COMMERCIAL","CZ","U35.0.20260827.2","10589329","-2,100,000"
"176928","REPAN","INSENTIF COMMERCIAL","CZ","U35.0.20260827.1","10589329","-1,400,000"
"176928","REPAN","INSENTIF COMMERCIAL","CZ","U35.13.20260826.9","10589329","1,400,000"
"176928","REPAN","INSENTIF COMMERCIAL","CZ","U35.4.20260827.5","10589329","1,400,000"
"176928","REPAN","INSENTIF COMMERCIAL","CZ","U35.13.20260826.10","10589329","2,100,000"
"176928","REPAN","INSENTIF COMMERCIAL","CZ","U35.4.20260827.6","10589329","2,100,000"
"179039","RISSA NURSANTI","REGULER","BN","35.3.20260801.27","10681574","2,000"
"179039","RISSA NURSANTI","SPECIAL","BJ","35.4.20260801.41","10568370","4,000"
"179039","RISSA NURSANTI","REGULER","BN","35.8.20260801.26","10048543","3,000"
"179039","RISSA NURSANTI","REGULER","BE","U35.7.20260801.16","10426000","40,000"
"179039","RISSA NURSANTI","REGULER","BD","35.13.20260802.47","10612729","1,000"
"179039","RISSA NURSANTI","KHUSUS","BA","U35.13.20260802.18","10562032","216,203"
"179039","RISSA NURSANTI","REGULER","BK","35.8.20260804.16","10607412","2,400"
"179039","RISSA NURSANTI","SPECIAL","BG","U35.8.20260804.11","10558396","50,000"
"179039","RISSA NURSANTI","REGULER","BN","35.10.20260807.13","10451729","2,000"
"179039","RISSA NURSANTI","REGULER","BD","U35.10.20260807.6","10626145","45,000"
"179039","RISSA NURSANTI","REGULER","BB","U35.10.20260807.6","10568823","35,000"
"179039","RISSA NURSANTI","REGULER","BN","35.8.20260808.11","10570655","2,000"
"179039","RISSA NURSANTI","SPECIAL","BF","U35.4.20260809.5","10658960","350,000"
"179039","RISSA NURSANTI","BOOSTER AGT 2026 - FURNI","BF","U35.4.20260809.5","10658960","30,000"
"179039","RISSA NURSANTI","REGULER","BP","U35.7.20260814.6","10532346","114,000"
"179039","RISSA NURSANTI","BOOSTER AGT 2026 - FURNI","BP","U35.7.20260814.6","10532346","140,000"
"179039","RISSA NURSANTI","REGULER","BL","35.10.20260816.5","10624945","5,000"
"179039","RISSA NURSANTI","REGULER","BL","35.10.20260816.5","10486410","2,000"
"179039","RISSA NURSANTI","BOOSTER AGT 2026 - ACCS","BL","35.10.20260816.5","10486410",""
"179039","RISSA NURSANTI","BOOSTER AGT 2026 - ACCS","BL","35.10.20260816.5","10624945",""
"179039","RISSA NURSANTI","REGULER","BH","U35.7.20260816.6","10635790","35,000"
"179039","RISSA NURSANTI","REGULER","BR","U35.7.20260816.6","10680209","21,000"
"179039","RISSA NURSANTI","REGULER","BB","U35.7.20260816.6","10622188","20,000"
"179039","RISSA NURSANTI","REGULER","BD","U35.7.20260816.6","10626145","45,000"
"179039","RISSA NURSANTI","SPECIAL","BH","U35.7.20260816.6","10626837","150,000"
"179039","RISSA NURSANTI","REGULER","BA","U35.8.20260816.6","10511955","0"
"179039","RISSA NURSANTI","KHUSUS","BA","U35.8.20260816.6","10706833","160,795"
"179039","RISSA NURSANTI","SPECIAL","BB","U35.8.20260816.7","10688002","200,000"
"179039","RISSA NURSANTI","REGULER","BN","35.6.20260817.7","10558500","2,000"
"179039","RISSA NURSANTI","REGULER","BN","35.6.20260817.7","10452142","5,000"
"179039","RISSA NURSANTI","REGULER","BO","35.6.20260817.7","10565511","1,000"
"179039","RISSA NURSANTI","REGULER","BK","35.6.20260817.7","10575253","16,800"
"179039","RISSA NURSANTI","BOOSTER AGT 2026 - ACCS","BK","35.6.20260817.7","10548869",""
"179039","RISSA NURSANTI","BOOSTER AGT 2026 - ACCS","BK","35.6.20260817.7","10575253",""
"179039","RISSA NURSANTI","BOOSTER AGT 2026 - ACCS","BK","35.6.20260817.7","10615867",""
"179039","RISSA NURSANTI","BOOSTER AGT 2026 - ACCS","BK","35.6.20260817.7","10631390",""
"179039","RISSA NURSANTI","BOOSTER AGT 2026 - ACCS","BK","35.6.20260817.7","10697869",""
"179039","RISSA NURSANTI","SPECIAL","BG","U35.0.20260817.1","10685701","-100,000"
"179039","RISSA NURSANTI","BOOSTER AGT 2026 - FURNI","BG","U35.0.20260817.1","10685701","-30,000"
"179039","RISSA NURSANTI","KHUSUS","BA","U35.3.20260817.17","10679263","193,685"
"179039","RISSA NURSANTI","REGULER","BG","U35.4.20260817.23","10566221","20,000"
"179039","RISSA NURSANTI","SPECIAL","BD","U35.8.20260817.11","10564569","300,000"
"179039","RISSA NURSANTI","REGULER","BN","35.6.20260818.9","10532957","2,000"
"179039","RISSA NURSANTI","REGULER","BN","35.6.20260818.9","10086079","3,000"
"179039","RISSA NURSANTI","REGULER","BN","35.6.20260818.9","10013974","4,000"
"179039","RISSA NURSANTI","REGULER","BN","35.6.20260818.9","10086059","4,000"
"179039","RISSA NURSANTI","REGULER","BN","35.6.20260818.9","10198897","3,000"
"179039","RISSA NURSANTI","REGULER","BN","35.6.20260818.9","10038200","4,000"
"179039","RISSA NURSANTI","REGULER","BI","35.4.20260820.15","10702674","6,000"
"179039","RISSA NURSANTI","REGULER","BI","35.4.20260820.15","10702669","4,800"
"179039","RISSA NURSANTI","REGULER","BL","35.6.20260820.17","10488915","2,000"
"179039","RISSA NURSANTI","REGULER","BK","35.6.20260820.3","10513895","18,000"
"179039","RISSA NURSANTI","BOOSTER AGT 2026 - ACCS","BK","35.6.20260820.3","10513895",""
"179039","RISSA NURSANTI","BOOSTER AGT 2026 - ACCS","BK","35.6.20260820.3","10600538",""
"179039","RISSA NURSANTI","SPECIAL","BN","35.8.20260820.5","10606804","5,000"
"179039","RISSA NURSANTI","REGULER","BI","U35.4.20260820.8","10678099","10,800"
"179039","RISSA NURSANTI","REGULER","BI","U35.4.20260820.8","10430557","54,000"
"179039","RISSA NURSANTI","REGULER","BO","35.10.20260822.3","10594770","0"
"179039","RISSA NURSANTI","REGULER","BO","35.10.20260822.7","10102574","1,000"
"179039","RISSA NURSANTI","REGULER","BO","35.10.20260822.8","10632602","1,000"
"179039","RISSA NURSANTI","REGULER","BK","35.4.20260822.1","10631382","3,600"
"179039","RISSA NURSANTI","REGULER","BK","35.4.20260822.1","10528186","1,200"
"179039","RISSA NURSANTI","REGULER","BK","35.4.20260822.1","10463226","2,400"
"179039","RISSA NURSANTI","BOOSTER AGT 2026 - ACCS","BK","35.4.20260822.1","10463226",""
"179039","RISSA NURSANTI","BOOSTER AGT 2026 - ACCS","BK","35.4.20260822.1","10488979",""
"179039","RISSA NURSANTI","BOOSTER AGT 2026 - ACCS","BK","35.4.20260822.1","10495328",""
"179039","RISSA NURSANTI","BOOSTER AGT 2026 - ACCS","BK","35.4.20260822.1","10528186",""
"179039","RISSA NURSANTI","BOOSTER AGT 2026 - ACCS","BK","35.4.20260822.1","10595932",""
"179039","RISSA NURSANTI","BOOSTER AGT 2026 - ACCS","BK","35.4.20260822.1","10595935",""
"179039","RISSA NURSANTI","BOOSTER AGT 2026 - ACCS","BK","35.4.20260822.1","10603463",""
"179039","RISSA NURSANTI","BOOSTER AGT 2026 - ACCS","BK","35.4.20260822.1","10603468",""
"179039","RISSA NURSANTI","BOOSTER AGT 2026 - ACCS","BK","35.4.20260822.1","10603469",""
"179039","RISSA NURSANTI","BOOSTER AGT 2026 - ACCS","BK","35.4.20260822.1","10631382",""
"179039","RISSA NURSANTI","BOOSTER AGT 2026 - ACCS","BK","35.4.20260822.1","10644752",""
"179039","RISSA NURSANTI","BOOSTER AGT 2026 - ACCS","BK","35.4.20260822.1","10656086",""
"179039","RISSA NURSANTI","BOOSTER AGT 2026 - ACCS","BK","35.4.20260822.1","10667474",""
"179039","RISSA NURSANTI","BOOSTER AGT 2026 - ACCS","BK","35.4.20260822.1","10667476",""
"179039","RISSA NURSANTI","BOOSTER AGT 2026 - ACCS","BK","35.4.20260822.1","10670698",""
"179039","RISSA NURSANTI","BOOSTER AGT 2026 - ACCS","BK","35.4.20260822.1","10675050",""
"179039","RISSA NURSANTI","BOOSTER AGT 2026 - ACCS","BK","35.4.20260822.1","10675053",""
"179039","RISSA NURSANTI","BOOSTER AGT 2026 - ACCS","BK","35.4.20260822.1","10700478",""
"179039","RISSA NURSANTI","REGULER","BM","35.6.20260822.14","10621339","5,000"
"179039","RISSA NURSANTI","REGULER","BM","35.8.20260822.14","10097234","2,000"
"179039","RISSA NURSANTI","REGULER","BM","35.8.20260822.14","10599301","2,000"
"179039","RISSA NURSANTI","REGULER","BL","35.8.20260822.41","10506532","4,000"
"179039","RISSA NURSANTI","REGULER","BM","35.8.20260823.34","10490288","4,000"
"179039","RISSA NURSANTI","BOOSTER AGT 2026 - ACCS","BM","35.8.20260823.34","10490288",""
"179039","RISSA NURSANTI","BOOSTER AGT 2026 - ACCS","BM","35.8.20260823.34","10555901",""
"179039","RISSA NURSANTI","BOOSTER AGT 2026 - ACCS","BM","35.8.20260823.34","10593573",""
"179039","RISSA NURSANTI","REGULER","BF","U35.3.20260823.1","10601786","9,000"
"179039","RISSA NURSANTI","REGULER","BL","35.3.20260825.10","10276072","4,000"
"179039","RISSA NURSANTI","REGULER","BL","35.3.20260825.10","10486411","10,000"
"179039","RISSA NURSANTI","BOOSTER AGT 2026 - ACCS","BL","35.3.20260825.10","10276072",""
"179039","RISSA NURSANTI","BOOSTER AGT 2026 - ACCS","BL","35.3.20260825.10","10486411",""
"179039","RISSA NURSANTI","REGULER","BM","35.3.20260825.37","10021017","3,000"
"179039","RISSA NURSANTI","REGULER","BM","35.3.20260825.37","10582557","2,000"
"179039","RISSA NURSANTI","REGULER","BM","35.3.20260825.37","10599301","2,000"
"179039","RISSA NURSANTI","BOOSTER AGT 2026 - ACCS","BM","35.3.20260825.37","10021017",""
"179039","RISSA NURSANTI","BOOSTER AGT 2026 - ACCS","BM","35.3.20260825.37","10582557",""
"179039","RISSA NURSANTI","BOOSTER AGT 2026 - ACCS","BM","35.3.20260825.37","10599301",""
"179039","RISSA NURSANTI","REGULER","BK","35.78.20260825.41","10453343","4,800"
"179039","RISSA NURSANTI","REGULER","BN","35.78.20260825.41","10291595","2,000"
"179039","RISSA NURSANTI","REGULER","BO","35.78.20260825.42","10632600","1,000"
"179039","RISSA NURSANTI","BOOSTER AGT 2026 - ACCS","DB","35.78.20260825.43","10534413","60,000"
"179039","RISSA NURSANTI","REGULER","BO","35.78.20260825.47","10565507","1,000"
"179039","RISSA NURSANTI","REGULER","BM","35.78.20260825.49","10420958","3,000"
"179039","RISSA NURSANTI","REGULER","BN","35.78.20260825.52","10624764","2,000"
"179039","RISSA NURSANTI","REGULER","BO","35.78.20260825.53","10570203","1,000"
"179039","RISSA NURSANTI","REGULER","BK","35.8.20260825.27","10608584","10,800"
"179039","RISSA NURSANTI","BOOSTER AGT 2026 - ACCS","BK","35.8.20260825.27","10608584","25,000"
"179039","RISSA NURSANTI","SPECIAL","BG","U35.4.20260825.10","10558582","80,000"
"179039","RISSA NURSANTI","REGULER","BM","35.8.20260826.1","10465765","1,000"
"179039","RISSA NURSANTI","REGULER","BK","35.8.20260826.3","10467781","8,400"
"179039","RISSA NURSANTI","REGULER","BK","35.8.20260826.3","10472321","9,600"
"179039","RISSA NURSANTI","BOOSTER AGT 2026 - ACCS","BK","35.8.20260826.3","10467781",""
"179039","RISSA NURSANTI","BOOSTER AGT 2026 - ACCS","BK","35.8.20260826.3","10472321",""
"179039","RISSA NURSANTI","REGULER","BD","U35.13.20260830.2","10596619","25,000"
"179039","RISSA NURSANTI","SPECIAL","BD","U35.13.20260830.2","10445244","150,000"
"179039","RISSA NURSANTI","BOOSTER AGT 2026 - FURNI","BD","U35.13.20260830.2","10445244","50,000"
"162284","YUKI FHILIF SAPUTRA","KHUSUS - JULI 2026","BA","U35.6.20260707.3","10523499","72,063"
"162284","YUKI FHILIF SAPUTRA","REGULER","BD","35.3.20260802.29","10578756","8,000"
"162284","YUKI FHILIF SAPUTRA","SPECIAL","BN","35.3.20260802.29","10555917","5,000"
"162284","YUKI FHILIF SAPUTRA","REGULER","BO","35.3.20260802.30","10599263","1,000"
"162284","YUKI FHILIF SAPUTRA","REGULER","BK","35.6.20260803.9","10467773","30,000"
"162284","YUKI FHILIF SAPUTRA","BOOSTER AGT 2026 - ACCS","BK","35.6.20260803.9","10467773","75,000"
"162284","YUKI FHILIF SAPUTRA","REGULER","BF","U35.6.20260803.4","10451427","13,000"
"162284","YUKI FHILIF SAPUTRA","REGULER","BF","U35.6.20260803.4","10451428","5,000"
"162284","YUKI FHILIF SAPUTRA","REGULER","BF","U35.6.20260803.4","10153124","50,000"
"162284","YUKI FHILIF SAPUTRA","SPECIAL","BG","U35.6.20260803.4","10577269","80,000"
"162284","YUKI FHILIF SAPUTRA","REGULER","BL","35.10.20260806.3","10457745","17,000"
"162284","YUKI FHILIF SAPUTRA","BOOSTER AGT 2026 - ACCS","BL","35.10.20260806.3","10457745","50,000"
"162284","YUKI FHILIF SAPUTRA","REGULER","BR","U35.6.20260806.1","10516493","660,000"
"162284","YUKI FHILIF SAPUTRA","SPECIAL","BF","U35.3.20260808.2","10648126","150,000"
"162284","YUKI FHILIF SAPUTRA","REGULER","BR","U35.6.20260808.2","10565987","16,500"
"162284","YUKI FHILIF SAPUTRA","REGULER","BK","U35.6.20260808.2","10332027","12,000"
"162284","YUKI FHILIF SAPUTRA","SPECIAL","BJ","U35.6.20260808.2","10643613","30,000"
"162284","YUKI FHILIF SAPUTRA","SPECIAL","BJ","U35.6.20260808.2","10643617","30,000"
"162284","YUKI FHILIF SAPUTRA","SPECIAL","BJ","U35.6.20260808.2","10643612","30,000"
"162284","YUKI FHILIF SAPUTRA","SPECIAL","BJ","U35.6.20260808.2","10643616","30,000"
"162284","YUKI FHILIF SAPUTRA","BOOSTER AGT 2026 - ACCS","BK","U35.6.20260808.2","10332027","25,000"
"162284","YUKI FHILIF SAPUTRA","REGULER","BB","U35.7.20260809.9","10600727","16,000"
"162284","YUKI FHILIF SAPUTRA","SPECIAL","BJ","U35.6.20260811.2","","3,000"
"162284","YUKI FHILIF SAPUTRA","SPECIAL","BJ","U35.6.20260811.2","","2,000"
"162284","YUKI FHILIF SAPUTRA","SPECIAL","BJ","U35.6.20260811.2","10602648","10,000"
"162284","YUKI FHILIF SAPUTRA","SPECIAL","BJ","U35.6.20260811.2","10221897","20,000"
"162284","YUKI FHILIF SAPUTRA","SPECIAL","BG","U35.6.20260811.2","10658966","80,000"
"162284","YUKI FHILIF SAPUTRA","KHUSUS","BA","U35.6.20260815.17","10537705","515,486"
"162284","YUKI FHILIF SAPUTRA","REGULER","BR","U35.7.20260816.10","10538931","37,500"
"162284","YUKI FHILIF SAPUTRA","REGULER","BE","U35.7.20260816.9","10629899","55,000"
"162284","YUKI FHILIF SAPUTRA","REGULER","BE","U35.7.20260816.9","10628512","30,000"
"162284","YUKI FHILIF SAPUTRA","REGULER","BR","U35.7.20260816.9","10538931","37,500"
"162284","YUKI FHILIF SAPUTRA","REGULER","BE","U35.7.20260816.9","10629323","10,000"
"162284","YUKI FHILIF SAPUTRA","SPECIAL","BB","U35.7.20260816.9","10467344","100,000"
"162284","YUKI FHILIF SAPUTRA","REGULER","BD","U35.8.20260816.16","10546013","150,000"
"162284","YUKI FHILIF SAPUTRA","REGULER","BK","35.3.20260817.37","10664543","1,200"
"162284","YUKI FHILIF SAPUTRA","REGULER","BN","35.3.20260817.37","10508194","2,000"
"162284","YUKI FHILIF SAPUTRA","REGULER","BN","35.3.20260817.37","10547539","2,000"
"162284","YUKI FHILIF SAPUTRA","REGULER","BK","35.8.20260820.8","10636524","4,800"
"162284","YUKI FHILIF SAPUTRA","REGULER","BK","U35.10.20260820.2","10456163","13,200"
"162284","YUKI FHILIF SAPUTRA","BOOSTER AGT 2026 - ACCS","BK","U35.10.20260820.2","10456163","25,000"
"162284","YUKI FHILIF SAPUTRA","REGULER","BC","U35.6.20260820.9","","30,000"
"162284","YUKI FHILIF SAPUTRA","REGULER","BN","35.7.20260822.13","10681574","2,000"
"162284","YUKI FHILIF SAPUTRA","REGULER","BN","35.7.20260822.13","10681572","2,000"
"162284","YUKI FHILIF SAPUTRA","REGULER","BM","35.78.20260822.48","10161037","2,000"
"162284","YUKI FHILIF SAPUTRA","REGULER","BL","35.78.20260822.48","10488933","6,000"
"162284","YUKI FHILIF SAPUTRA","BOOSTER AGT 2026 - ACCS","BL","35.78.20260822.48","10488933","25,000"
"162284","YUKI FHILIF SAPUTRA","REGULER","BC","U35.8.20260822.13","10698310","0"
"162284","YUKI FHILIF SAPUTRA","SPECIAL","BL","U35.8.20260822.13","10501860","0"
"162284","YUKI FHILIF SAPUTRA","BOOSTER AGT 2026 - ACCS","BL","U35.8.20260822.13","10501860","50,000"
"162284","YUKI FHILIF SAPUTRA","REGULER","DB","35.3.20260823.18","10500700","4,500"
"162284","YUKI FHILIF SAPUTRA","REGULER","BM","35.78.20260823.1","10095999","0"
"162284","YUKI FHILIF SAPUTRA","REGULER","BM","35.78.20260823.10","10095999","0"
"162284","YUKI FHILIF SAPUTRA","REGULER","BI","35.78.20260823.11","10670390","1,200"
"162284","YUKI FHILIF SAPUTRA","REGULER","BK","35.78.20260823.14","10453977","0"
"162284","YUKI FHILIF SAPUTRA","REGULER","BO","35.78.20260823.23","10609953","1,000"
"162284","YUKI FHILIF SAPUTRA","SPECIAL","BJ","35.78.20260823.24","10559831","11,000"
"162284","YUKI FHILIF SAPUTRA","SPECIAL","BJ","35.78.20260823.27","10642984","25,000"
"162284","YUKI FHILIF SAPUTRA","REGULER","BK","35.78.20260823.28","10212798","2,400"
"162284","YUKI FHILIF SAPUTRA","REGULER","BM","35.78.20260823.30","10699168","4,000"
"162284","YUKI FHILIF SAPUTRA","REGULER","BM","35.78.20260823.31","10628702","2,000"
"162284","YUKI FHILIF SAPUTRA","REGULER","BJ","35.78.20260823.34","10603621","7,000"
"162284","YUKI FHILIF SAPUTRA","REGULER","BO","35.78.20260823.36","10550340","0"
"162284","YUKI FHILIF SAPUTRA","REGULER","BO","35.78.20260823.5","10599264","1,000"
"162284","YUKI FHILIF SAPUTRA","REGULER","BK","35.78.20260823.7","10462452","3,600"
"162284","YUKI FHILIF SAPUTRA","REGULER","BK","U35.8.20260823.1","10665596","12,000"
"162284","YUKI FHILIF SAPUTRA","REGULER","BK","U35.8.20260823.1","10447522","21,600"
"162284","YUKI FHILIF SAPUTRA","BOOSTER AGT 2026 - ACCS","BK","U35.8.20260823.1","10447522",""
"162284","YUKI FHILIF SAPUTRA","BOOSTER AGT 2026 - ACCS","BK","U35.8.20260823.1","10665596",""
"162284","YUKI FHILIF SAPUTRA","REGULER","BM","35.78.20260824.10","10102966","3,000"
"162284","YUKI FHILIF SAPUTRA","REGULER","BM","35.78.20260824.17","10132201","2,000"
"162284","YUKI FHILIF SAPUTRA","REGULER","BM","35.78.20260824.3","10523859","2,000"
"162284","YUKI FHILIF SAPUTRA","REGULER","BJ","35.78.20260824.6","10668277","2,000"
"162284","YUKI FHILIF SAPUTRA","REGULER","BK","35.10.20260825.46","10542781","9,600"
"162284","YUKI FHILIF SAPUTRA","BOOSTER AGT 2026 - ACCS","BK","35.10.20260825.46","10159233",""
"162284","YUKI FHILIF SAPUTRA","BOOSTER AGT 2026 - ACCS","BK","35.10.20260825.46","10451515",""
"162284","YUKI FHILIF SAPUTRA","BOOSTER AGT 2026 - ACCS","BK","35.10.20260825.46","10542781",""
"162284","YUKI FHILIF SAPUTRA","BOOSTER AGT 2026 - ACCS","BK","35.10.20260825.46","10562191",""
"162284","YUKI FHILIF SAPUTRA","BOOSTER AGT 2026 - ACCS","BK","35.10.20260825.46","10618068",""
"162284","YUKI FHILIF SAPUTRA","BOOSTER AGT 2026 - ACCS","BK","35.10.20260825.46","10618069",""
"162284","YUKI FHILIF SAPUTRA","BOOSTER AGT 2026 - ACCS","BK","35.10.20260825.46","10702665",""
"162284","YUKI FHILIF SAPUTRA","BOOSTER AGT 2026 - ACCS","BK","35.10.20260825.46","",""
"162284","YUKI FHILIF SAPUTRA","BOOSTER AGT 2026 - ACCS","BK","35.10.20260825.46","",""
"162284","YUKI FHILIF SAPUTRA","SPECIAL","BJ","U35.13.20260830.14","10213922","10,000"
"162284","YUKI FHILIF SAPUTRA","REGULER","BC","U35.6.20260831.2","10628223","55,000"
"192303","AUDY ALIF PUTRA","KHUSUS - JULI 2026","BA","U35.6.20260728.6","10435441","172,284"
"192303","AUDY ALIF PUTRA","KHUSUS - JULI 2026","BA","U35.6.20260728.6","","172,284"
"192303","AUDY ALIF PUTRA","REGULER","BD","U35.3.20260801.4","10628138","25,000"
"192303","AUDY ALIF PUTRA","REGULER","BN","35.3.20260802.10","10700414","4,000"
"192303","AUDY ALIF PUTRA","REGULER","BN","35.3.20260802.9","10508193","1,000"
"192303","AUDY ALIF PUTRA","REGULER","BN","35.3.20260802.9","10547532","2,000"
"192303","AUDY ALIF PUTRA","REGULER","BN","35.3.20260802.9","10291595","2,000"
"192303","AUDY ALIF PUTRA","SPECIAL","BN","35.7.20260802.4","10631399","5,000"
"192303","AUDY ALIF PUTRA","REGULER","BB","U35.3.20260802.3","10630354","20,000"
"192303","AUDY ALIF PUTRA","SPECIAL","BD","U35.7.20260802.16","10417216","200,000"
"192303","AUDY ALIF PUTRA","REGULER","BR","U35.3.20260804.8","10412637","19,500"
"192303","AUDY ALIF PUTRA","REGULER","BR","U35.7.20260804.4","10412637","187,500"
"192303","AUDY ALIF PUTRA","REGULER","BQ","U35.13.20260806.4","10468600","12,000"
"192303","AUDY ALIF PUTRA","REGULER","BD","U35.6.20260806.3","10578760","40,000"
"192303","AUDY ALIF PUTRA","SPECIAL","BD","U35.6.20260806.3","10445245","150,000"
"192303","AUDY ALIF PUTRA","BOOSTER AGT 2026 - FURNI","BD","U35.6.20260806.3","10445245","50,000"
"192303","AUDY ALIF PUTRA","REGULER","BF","U35.8.20260807.1","10639453","10,000"
"192303","AUDY ALIF PUTRA","REGULER","BN","35.3.20260809.26","10627019","4,000"
"192303","AUDY ALIF PUTRA","REGULER","BE","U35.7.20260809.4","10686027","25,000"
"192303","AUDY ALIF PUTRA","REGULER","BB","U35.7.20260809.4","10577831","19,000"
"192303","AUDY ALIF PUTRA","REGULER","BB","U35.7.20260809.5","10577827","19,000"
"192303","AUDY ALIF PUTRA","REGULER","BR","35.13.20260810.2","10570193","1,500"
"192303","AUDY ALIF PUTRA","REGULER","BI","35.13.20260810.2","10594893","2,400"
"192303","AUDY ALIF PUTRA","REGULER","BN","35.8.20260810.3","10547542","1,000"
"192303","AUDY ALIF PUTRA","SPECIAL","BJ","35.10.20260812.11","10615289","4,000"
"192303","AUDY ALIF PUTRA","REGULER","BO","35.8.20260812.18","10552478","1,000"
"192303","AUDY ALIF PUTRA","REGULER","BD","35.8.20260812.18","10595468","2,000"
"192303","AUDY ALIF PUTRA","KHUSUS","BB","35.8.20260812.18","10506537","31,068"
"192303","AUDY ALIF PUTRA","REGULER","BM","U35.8.20260813.3","10599301","2,000"
"192303","AUDY ALIF PUTRA","REGULER","BE","U35.8.20260813.3","10709290","30,000"
"192303","AUDY ALIF PUTRA","REGULER","BN","35.7.20260815.24","10443219","2,000"
"192303","AUDY ALIF PUTRA","REGULER","BL","35.7.20260815.31","10219471","4,000"
"192303","AUDY ALIF PUTRA","BOOSTER AGT 2026 - ACCS","BL","35.7.20260815.31","10219471",""
"192303","AUDY ALIF PUTRA","BOOSTER AGT 2026 - ACCS","BL","35.7.20260815.31","10707068",""
"192303","AUDY ALIF PUTRA","REGULER","BP","U35.7.20260815.5","10625057","18,000"
"192303","AUDY ALIF PUTRA","REGULER","BP","U35.7.20260815.5","10625061","20,400"
"192303","AUDY ALIF PUTRA","REGULER","BN","35.7.20260816.18","10630553","2,000"
"192303","AUDY ALIF PUTRA","REGULER","BN","35.7.20260816.18","10541169","2,000"
"192303","AUDY ALIF PUTRA","REGULER","BN","35.7.20260816.8","10549833","4,000"
"192303","AUDY ALIF PUTRA","REGULER","BB","U35.7.20260816.11","10604362","5,000"
"192303","AUDY ALIF PUTRA","REGULER","BD","U35.7.20260816.3","10564573","25,000"
"192303","AUDY ALIF PUTRA","SPECIAL","BD","U35.7.20260816.3","10713500","150,000"
"192303","AUDY ALIF PUTRA","REGULER","DB","35.13.20260817.19","10152400","6,000"
"192303","AUDY ALIF PUTRA","REGULER","BJ","35.13.20260817.19","10680626","7,000"
"192303","AUDY ALIF PUTRA","SPECIAL","BE","U35.3.20260817.23","10507602","95,000"
"192303","AUDY ALIF PUTRA","REGULER","BE","U35.3.20260817.5","10552508","11,000"
"192303","AUDY ALIF PUTRA","REGULER","BE","U35.3.20260817.5","10552509","7,000"
"192303","AUDY ALIF PUTRA","REGULER","BG","35.4.20260819.5","10469825","14,000"
"192303","AUDY ALIF PUTRA","REGULER","BO","35.10.20260820.12","10632600","1,000"
"192303","AUDY ALIF PUTRA","REGULER","BM","35.10.20260820.12","10021016","2,000"
"192303","AUDY ALIF PUTRA","REGULER","BJ","35.10.20260820.12","10701401","2,000"
"192303","AUDY ALIF PUTRA","BOOSTER AGT 2026 - ACCS","BM","35.10.20260820.12","10021016",""
"192303","AUDY ALIF PUTRA","BOOSTER AGT 2026 - ACCS","BM","35.10.20260820.12","10223284",""
"192303","AUDY ALIF PUTRA","BOOSTER AGT 2026 - ACCS","BM","35.10.20260820.12","10421453",""
"192303","AUDY ALIF PUTRA","BOOSTER AGT 2026 - ACCS","BM","35.10.20260820.12","10421455",""
"192303","AUDY ALIF PUTRA","BOOSTER AGT 2026 - ACCS","BM","35.10.20260820.12","10446541",""
"192303","AUDY ALIF PUTRA","BOOSTER AGT 2026 - ACCS","BM","35.10.20260820.12","10683549",""
"192303","AUDY ALIF PUTRA","BOOSTER AGT 2026 - ACCS","BM","35.10.20260820.12","10686005",""
"192303","AUDY ALIF PUTRA","BOOSTER AGT 2026 - ACCS","BM","35.10.20260820.12","",""
"192303","AUDY ALIF PUTRA","REGULER","BD","35.7.20260820.13","10612729","1,000"
"192303","AUDY ALIF PUTRA","REGULER","BF","35.7.20260820.13","10640939","2,000"
"192303","AUDY ALIF PUTRA","REGULER","BQ","U35.6.20260820.10","10148885","25,000"
"192303","AUDY ALIF PUTRA","REGULER","BM","35.3.20260821.5","10423516","4,000"
"192303","AUDY ALIF PUTRA","SPECIAL","BJ","35.4.20260822.32","10213919","10,000"
"192303","AUDY ALIF PUTRA","SPECIAL","BE","U35.7.20260822.2","10574543","100,000"
"192303","AUDY ALIF PUTRA","REGULER","BD","U35.7.20260823.3","10605785","25,000"
"192303","AUDY ALIF PUTRA","REGULER","BD","U35.7.20260823.3","10578760","25,000"
"192303","AUDY ALIF PUTRA","REGULER","BD","U35.7.20260823.3","10708330","9,000"
"192303","AUDY ALIF PUTRA","BOOSTER AGT 2026 - ACCS","BK","35.10.20260824.7","10201595",""
"192303","AUDY ALIF PUTRA","BOOSTER AGT 2026 - ACCS","BK","35.10.20260824.7","10458023",""
"192303","AUDY ALIF PUTRA","BOOSTER AGT 2026 - ACCS","BK","35.10.20260824.7","10618066",""
"192303","AUDY ALIF PUTRA","BOOSTER AGT 2026 - ACCS","DB","35.3.20260825.38","10157331","30,000"
"192303","AUDY ALIF PUTRA","REGULER","BM","35.3.20260825.7","10547011","2,000"
"192303","AUDY ALIF PUTRA","BOOSTER AGT 2026 - ACCS","BM","35.3.20260825.7","10547011",""
"192303","AUDY ALIF PUTRA","BOOSTER AGT 2026 - ACCS","BM","35.3.20260825.7","10576556",""
"192303","AUDY ALIF PUTRA","SPECIAL","BJ","35.6.20260825.37","10213920","10,000"
"192303","AUDY ALIF PUTRA","SPECIAL","BJ","35.6.20260825.37","10572038","11,000"
"192303","AUDY ALIF PUTRA","SPECIAL","BJ","35.6.20260825.37","10572377","4,000"
"192303","AUDY ALIF PUTRA","SPECIAL","BJ","35.6.20260825.37","10572017","10,000"
"192303","AUDY ALIF PUTRA","SPECIAL","BJ","35.6.20260825.37","10572384","4,000"
"192303","AUDY ALIF PUTRA","REGULER","BM","35.7.20260825.17","10554523","2,000"
"192303","AUDY ALIF PUTRA","REGULER","BM","35.8.20260825.51","10599300","6,000"
"192303","AUDY ALIF PUTRA","REGULER","BM","35.8.20260825.51","10702722","2,000"
"192303","AUDY ALIF PUTRA","BOOSTER AGT 2026 - ACCS","BM","35.8.20260825.51","10599299",""
"192303","AUDY ALIF PUTRA","BOOSTER AGT 2026 - ACCS","BM","35.8.20260825.51","10599300",""
"192303","AUDY ALIF PUTRA","BOOSTER AGT 2026 - ACCS","BM","35.8.20260825.51","10702722",""
"192303","AUDY ALIF PUTRA","REGULER","BP","U35.13.20260825.17","10488767","42,000"
"192303","AUDY ALIF PUTRA","REGULER","BP","U35.3.20260825.13","10591345","66,000"
"192303","AUDY ALIF PUTRA","REGULER","BP","U35.3.20260825.13","10581751","60,000"
"192303","AUDY ALIF PUTRA","REGULER","BP","U35.3.20260825.13","10590531","48,000"
"192303","AUDY ALIF PUTRA","REGULER","BP","U35.3.20260825.13","10590527","60,000"
"192303","AUDY ALIF PUTRA","REGULER","BD","U35.3.20260825.3","10704749","80,000"
"192303","AUDY ALIF PUTRA","REGULER","BM","35.6.20260827.18","10566950","2,000"
"192303","AUDY ALIF PUTRA","REGULER","BF","U35.10.20260827.3","10507813","14,000"
"192303","AUDY ALIF PUTRA","REGULER","BN","35.6.20260828.8","10663035","3,000"
"192303","AUDY ALIF PUTRA","REGULER","BN","35.6.20260828.8","10467689","3,000"
"192303","AUDY ALIF PUTRA","REGULER","BN","35.6.20260828.8","10489777","3,000"
"192303","AUDY ALIF PUTRA","REGULER","BN","35.6.20260828.8","10663033","2,000"
"192303","AUDY ALIF PUTRA","SPECIAL","BN","35.6.20260828.8","10657070","8,000"
"192303","AUDY ALIF PUTRA","REGULER","BK","35.8.20260829.12","10194913","22,800"
"192303","AUDY ALIF PUTRA","REGULER","BK","35.8.20260829.12","10548969","18,000"
"192303","AUDY ALIF PUTRA","REGULER","BK","35.8.20260829.12","10249897","2,400"
"192303","AUDY ALIF PUTRA","REGULER","BK","35.8.20260829.12","10437786","4,800"
"192303","AUDY ALIF PUTRA","REGULER","BK","35.8.20260829.12","10562186","8,400"
"192303","AUDY ALIF PUTRA","REGULER","BK","35.8.20260829.12","10542778","12,000"
"192303","AUDY ALIF PUTRA","REGULER","BK","35.8.20260829.12","10437787","6,000"
"192303","AUDY ALIF PUTRA","REGULER","BK","35.8.20260829.12","10223774","21,600"
"192303","AUDY ALIF PUTRA","BOOSTER AGT 2026 - ACCS","BK","35.8.20260829.12","10194913",""
"192303","AUDY ALIF PUTRA","BOOSTER AGT 2026 - ACCS","BK","35.8.20260829.12","10223774",""
"192303","AUDY ALIF PUTRA","BOOSTER AGT 2026 - ACCS","BK","35.8.20260829.12","10249897",""
"192303","AUDY ALIF PUTRA","BOOSTER AGT 2026 - ACCS","BK","35.8.20260829.12","10437786",""
"192303","AUDY ALIF PUTRA","BOOSTER AGT 2026 - ACCS","BK","35.8.20260829.12","10437787",""
"192303","AUDY ALIF PUTRA","BOOSTER AGT 2026 - ACCS","BK","35.8.20260829.12","10542778",""
"192303","AUDY ALIF PUTRA","BOOSTER AGT 2026 - ACCS","BK","35.8.20260829.12","10548969",""
"192303","AUDY ALIF PUTRA","BOOSTER AGT 2026 - ACCS","BK","35.8.20260829.12","10562186",""
"192303","AUDY ALIF PUTRA","BOOSTER AGT 2026 - ACCS","BK","35.8.20260829.12","10664240",""
"192303","AUDY ALIF PUTRA","REGULER","BE","U35.3.20260829.7","10575155","6,000"
"192303","AUDY ALIF PUTRA","REGULER","BE","U35.3.20260829.7","10709290","30,000"
"192303","AUDY ALIF PUTRA","SPECIAL","BE","U35.8.20260830.10","10617982","160,000"
"94682","ANDREI HILCES.","KHUSUS - JULI 2026","BA","U35.13.20260707.8","10680479","48,550"
"94682","ANDREI HILCES.","KHUSUS - JULI 2026","BA","U35.6.20260713.2","10680479","51,496"
"94682","ANDREI HILCES.","KHUSUS - JULI 2026","BA","U35.6.20260718.11","10654749","261,243"
"94682","ANDREI HILCES.","REGULER","BR","35.4.20260801.30","10111816","16,500"
"94682","ANDREI HILCES.","REGULER","BL","35.78.20260801.1","10496341","2,000"
"94682","ANDREI HILCES.","REGULER","BK","35.78.20260801.10","10669974","3,600"
"94682","ANDREI HILCES.","REGULER","BO","35.78.20260801.11","10550340","0"
"94682","ANDREI HILCES.","REGULER","BK","35.78.20260801.12","10614142","4,800"
"94682","ANDREI HILCES.","REGULER","BN","35.78.20260801.14","10429434","2,000"
"94682","ANDREI HILCES.","SPECIAL","BJ","35.78.20260801.2","10666982","2,000"
"94682","ANDREI HILCES.","REGULER","BD","35.78.20260801.20","10425283","1,000"
"94682","ANDREI HILCES.","REGULER","BK","35.78.20260801.21","10435639","36,000"
"94682","ANDREI HILCES.","BOOSTER AGT 2026 - ACCS","BK","35.78.20260801.21","10435639","150,000"
"94682","ANDREI HILCES.","REGULER","BF","35.78.20260801.28","10601786","9,000"
"94682","ANDREI HILCES.","SPECIAL","BJ","35.78.20260801.31","10661776","5,000"
"94682","ANDREI HILCES.","SPECIAL","BJ","35.78.20260801.31","10661882","5,000"
"94682","ANDREI HILCES.","REGULER","BI","35.78.20260801.33","10376561","0"
"94682","ANDREI HILCES.","REGULER","BK","35.78.20260801.37","10664534","12,000"
"94682","ANDREI HILCES.","BOOSTER AGT 2026 - ACCS","BK","35.78.20260801.37","10600543",""
"94682","ANDREI HILCES.","BOOSTER AGT 2026 - ACCS","BK","35.78.20260801.37","10664534",""
"94682","ANDREI HILCES.","REGULER","BK","35.78.20260801.44","10545979","6,000"
"94682","ANDREI HILCES.","REGULER","BN","35.78.20260801.45","10627018","3,000"
"94682","ANDREI HILCES.","REGULER","BN","35.78.20260801.47","10688657","3,000"
"94682","ANDREI HILCES.","REGULER","BN","35.78.20260801.48","10627018","3,000"
"94682","ANDREI HILCES.","SPECIAL","BN","35.78.20260801.5","10259789","5,000"
"94682","ANDREI HILCES.","REGULER","BN","35.78.20260801.50","10030488","25,000"
"94682","ANDREI HILCES.","REGULER","BM","35.78.20260801.52","10594886","3,000"
"94682","ANDREI HILCES.","REGULER","BR","35.78.20260801.57","10424812","10,500"
"94682","ANDREI HILCES.","REGULER","BN","35.78.20260801.62","10686584","3,000"
"94682","ANDREI HILCES.","REGULER","BN","35.78.20260801.7","10634229","5,000"
"94682","ANDREI HILCES.","REGULER","BB","35.78.20260801.9","10573848","9,000"
"94682","ANDREI HILCES.","REGULER","BI","U35.10.20260801.1","10569967","7,200"
"94682","ANDREI HILCES.","REGULER","BR","U35.10.20260801.1","10471861","45,000"
"94682","ANDREI HILCES.","REGULER","BD","U35.7.20260803.11","10105834","35,000"
"94682","ANDREI HILCES.","REGULER","BK","35.0.20260807.2","10452200","-2,400"
"94682","ANDREI HILCES.","REGULER","BM","35.78.20260807.21","10693891","4,000"
"94682","ANDREI HILCES.","REGULER","BM","35.78.20260807.24","10659345","2,000"
"94682","ANDREI HILCES.","REGULER","BF","35.78.20260807.26","10601785","9,000"
"94682","ANDREI HILCES.","SPECIAL","BJ","35.78.20260807.27","10602642","10,000"
"94682","ANDREI HILCES.","SPECIAL","BJ","35.78.20260807.27","10602645","20,000"
"94682","ANDREI HILCES.","REGULER","BN","35.78.20260807.29","10081814","20,000"
"94682","ANDREI HILCES.","REGULER","BK","35.78.20260807.35","10212798","2,400"
"94682","ANDREI HILCES.","REGULER","BM","35.78.20260807.40","10216754","2,000"
"94682","ANDREI HILCES.","REGULER","BO","35.78.20260807.41","10570203","1,000"
"94682","ANDREI HILCES.","REGULER","BK","35.78.20260807.42","10664356","3,600"
"94682","ANDREI HILCES.","REGULER","BI","35.78.20260807.46","10679350","1,200"
"94682","ANDREI HILCES.","REGULER","BI","35.78.20260807.46","10679248","1,200"
"94682","ANDREI HILCES.","SPECIAL","BN","35.78.20260807.48","10485965","5,000"
"94682","ANDREI HILCES.","REGULER","BK","35.78.20260807.49","10212798","2,400"
"94682","ANDREI HILCES.","SPECIAL","BF","U35.13.20260807.7","10648127","35,000"
"94682","ANDREI HILCES.","REGULER","BP","U35.3.20260807.1","10549677","10,800"
"94682","ANDREI HILCES.","REGULER","BJ","35.78.20260808.1","10695144","8,000"
"94682","ANDREI HILCES.","REGULER","BI","35.78.20260808.1","10702673","6,000"
"94682","ANDREI HILCES.","REGULER","DB","35.78.20260808.100","10596019","16,500"
"94682","ANDREI HILCES.","BOOSTER AGT 2026 - ACCS","DB","35.78.20260808.100","10596019","30,000"
"94682","ANDREI HILCES.","REGULER","BM","35.78.20260808.101","10595794","2,000"
"94682","ANDREI HILCES.","REGULER","BI","35.78.20260808.105","10670392","1,200"
"94682","ANDREI HILCES.","SPECIAL","BJ","35.78.20260808.2","10572387","5,000"
"94682","ANDREI HILCES.","SPECIAL","BJ","35.78.20260808.2","10572024","15,000"
"94682","ANDREI HILCES.","SPECIAL","BJ","35.78.20260808.2","10572380","5,000"
"94682","ANDREI HILCES.","REGULER","BD","35.78.20260808.28","10587666","2,000"
"94682","ANDREI HILCES.","SPECIAL","BJ","35.78.20260808.3","10572389","5,000"
"94682","ANDREI HILCES.","SPECIAL","BJ","35.78.20260808.3","10572382","5,000"
"94682","ANDREI HILCES.","SPECIAL","BJ","35.78.20260808.3","10572031","14,000"
"94682","ANDREI HILCES.","SPECIAL","BJ","35.78.20260808.46","10422542","12,000"
"94682","ANDREI HILCES.","REGULER","BM","35.78.20260808.50","10693891","4,000"
"94682","ANDREI HILCES.","REGULER","BJ","35.78.20260808.60","10668279","2,000"
"94682","ANDREI HILCES.","REGULER","BN","35.78.20260808.61","10686584","3,000"
"94682","ANDREI HILCES.","REGULER","BM","35.78.20260808.68","10599300","3,000"
"94682","ANDREI HILCES.","SPECIAL","BJ","35.78.20260808.7","10666985","10,000"
"94682","ANDREI HILCES.","REGULER","BN","35.78.20260808.72","10624234","5,000"
"94682","ANDREI HILCES.","REGULER","BM","35.78.20260808.79","10659345","2,000"
"94682","ANDREI HILCES.","REGULER","BN","35.78.20260808.83","10688658","3,000"
"94682","ANDREI HILCES.","REGULER","BJ","35.78.20260808.88","10603617","7,000"
"94682","ANDREI HILCES.","REGULER","BI","35.78.20260808.89","10376563","0"
"94682","ANDREI HILCES.","REGULER","BI","35.78.20260808.89","10376561","0"
"94682","ANDREI HILCES.","REGULER","BI","35.78.20260808.89","10376557","0"
"94682","ANDREI HILCES.","REGULER","BI","35.78.20260808.89","10376564","0"
"94682","ANDREI HILCES.","REGULER","BO","35.78.20260808.93","10567936","0"
"94682","ANDREI HILCES.","REGULER","BD","U35.8.20260808.1","10564728","30,000"
"94682","ANDREI HILCES.","REGULER","BB","U35.8.20260808.6","10668782","25,000"
"94682","ANDREI HILCES.","KHUSUS","BA","U35.8.20260808.6","10680479","44,135"
"94682","ANDREI HILCES.","REGULER","BQ","U35.13.20260809.1","10490463","30,000"
"94682","ANDREI HILCES.","SPECIAL","BJ","35.78.20260811.35","10603211","75,000"
"94682","ANDREI HILCES.","REGULER","BI","U35.6.20260811.1","10535730","24,000"
"94682","ANDREI HILCES.","REGULER","BR","35.78.20260815.25","10274780","3,000"
"94682","ANDREI HILCES.","REGULER","BN","35.78.20260815.51","10522417","1,000"
"94682","ANDREI HILCES.","REGULER","BP","U35.3.20260815.7","10679428","24,000"
"94682","ANDREI HILCES.","REGULER","BB","U35.3.20260815.7","10668782","25,000"
"94682","ANDREI HILCES.","REGULER","BR","U35.3.20260815.7","10471861","45,000"
"94682","ANDREI HILCES.","REGULER","BF","U35.3.20260815.7","10425249","25,000"
"94682","ANDREI HILCES.","REGULER","BF","U35.3.20260815.7","10518673","55,000"
"94682","ANDREI HILCES.","KHUSUS","BA","U35.3.20260815.7","10680479","44,135"
"94682","ANDREI HILCES.","REGULER","BD","U35.4.20260816.4","10108184","130,000"
"94682","ANDREI HILCES.","REGULER","BC","U35.7.20260816.13","10652858","45,000"
"94682","ANDREI HILCES.","REGULER","BC","U35.10.20260817.18","10675065","135,000"
"94682","ANDREI HILCES.","KHUSUS","BC","U35.10.20260817.18","10675065","230,141"
"94682","ANDREI HILCES.","REGULER","BF","U35.13.20260817.21","10613341","11,000"
"94682","ANDREI HILCES.","REGULER","BF","U35.8.20260817.5","10532455","60,000"
"94682","ANDREI HILCES.","REGULER","BF","U35.6.20260820.4","10425249","25,000"
"94682","ANDREI HILCES.","REGULER","BI","U35.6.20260820.4","10569960","54,000"
"94682","ANDREI HILCES.","REGULER","BF","35.8.20260822.29","10605629","13,000"
"94682","ANDREI HILCES.","REGULER","BP","U35.3.20260825.12","10598023","14,400"
"94682","ANDREI HILCES.","REGULER","BP","U35.13.20260826.13","10603389","132,000"
"94682","ANDREI HILCES.","REGULER","BQ","U35.10.20260828.1","10666134","115,000"
"94682","ANDREI HILCES.","REGULER","BM","35.78.20260829.70","10588841","2,000"
"94682","ANDREI HILCES.","REGULER","BP","U35.4.20260829.1","10589616","336,000"
"94682","ANDREI HILCES.","SPECIAL","BF","U35.13.20260830.8","10601782","70,000"
"94682","ANDREI HILCES.","REGULER","BD","35.78.20260831.35","10138337","1,000"
"94682","ANDREI HILCES.","REGULER","BO","35.78.20260831.53","10660393","2,000"
"94682","ANDREI HILCES.","REGULER","BG","35.78.20260831.55","10508199","6,000"
"94682","ANDREI HILCES.","REGULER","BP","U35.7.20260831.1","10589616","16,800"
"194067","LUFITA RAMADHANY ZULKIFLY","REGULER","BN","35.3.20260801.21","10429434","2,000"
"194067","LUFITA RAMADHANY ZULKIFLY","REGULER","BD","35.3.20260801.21","10612730","3,000"
"194067","LUFITA RAMADHANY ZULKIFLY","REGULER","BN","35.3.20260801.21","10564558","3,000"
"194067","LUFITA RAMADHANY ZULKIFLY","REGULER","BM","35.3.20260801.21","10550871","3,000"
"194067","LUFITA RAMADHANY ZULKIFLY","BOOSTER AGT 2026 - ACCS","BM","35.3.20260801.21","10034073",""
"194067","LUFITA RAMADHANY ZULKIFLY","BOOSTER AGT 2026 - ACCS","BM","35.3.20260801.21","10223283",""
"194067","LUFITA RAMADHANY ZULKIFLY","BOOSTER AGT 2026 - ACCS","BM","35.3.20260801.21","10426756",""
"194067","LUFITA RAMADHANY ZULKIFLY","BOOSTER AGT 2026 - ACCS","BM","35.3.20260801.21","10550871",""
"194067","LUFITA RAMADHANY ZULKIFLY","BOOSTER AGT 2026 - ACCS","BM","35.3.20260801.21","10555894",""
"194067","LUFITA RAMADHANY ZULKIFLY","BOOSTER AGT 2026 - ACCS","BM","35.3.20260801.21","10613621",""
"194067","LUFITA RAMADHANY ZULKIFLY","BOOSTER AGT 2026 - ACCS","BM","35.3.20260801.21","10663446",""
"194067","LUFITA RAMADHANY ZULKIFLY","REGULER","BD","U35.7.20260801.10","10424071","80,000"
"194067","LUFITA RAMADHANY ZULKIFLY","SPECIAL","BD","U35.7.20260801.10","10560138","300,000"
"194067","LUFITA RAMADHANY ZULKIFLY","REGULER","BO","U35.7.20260801.11","10698132","20,000"
"194067","LUFITA RAMADHANY ZULKIFLY","BOOSTER AGT 2026 - ACCS","BO","U35.7.20260801.11","10698132","60,000"
"194067","LUFITA RAMADHANY ZULKIFLY","SPECIAL","BG","U35.3.20260802.26","10553211","80,000"
"194067","LUFITA RAMADHANY ZULKIFLY","REGULER","BR","U35.7.20260802.10","10275775","37,500"
"194067","LUFITA RAMADHANY ZULKIFLY","REGULER","BD","U35.7.20260802.10","10138337","20,000"
"194067","LUFITA RAMADHANY ZULKIFLY","REGULER","BK","35.10.20260803.38","10573496","3,600"
"194067","LUFITA RAMADHANY ZULKIFLY","REGULER","BK","35.10.20260803.38","10562185","2,400"
"194067","LUFITA RAMADHANY ZULKIFLY","REGULER","BK","35.10.20260803.38","10344628","1,200"
"194067","LUFITA RAMADHANY ZULKIFLY","BOOSTER AGT 2026 - ACCS","BK","35.10.20260803.38","10344628",""
"194067","LUFITA RAMADHANY ZULKIFLY","BOOSTER AGT 2026 - ACCS","BK","35.10.20260803.38","10562185",""
"194067","LUFITA RAMADHANY ZULKIFLY","BOOSTER AGT 2026 - ACCS","BK","35.10.20260803.38","10573496",""
"194067","LUFITA RAMADHANY ZULKIFLY","REGULER","DB","35.7.20260803.9","10567201","10,500"
"194067","LUFITA RAMADHANY ZULKIFLY","REGULER","BE","U35.10.20260803.14","10582006","25,000"
"194067","LUFITA RAMADHANY ZULKIFLY","REGULER","BN","35.3.20260804.9","10624234","5,000"
"194067","LUFITA RAMADHANY ZULKIFLY","SPECIAL","BJ","35.6.20260804.13","10602644","20,000"
"194067","LUFITA RAMADHANY ZULKIFLY","SPECIAL","BJ","35.6.20260804.13","10664228","30,000"
"194067","LUFITA RAMADHANY ZULKIFLY","SPECIAL","BJ","35.6.20260804.13","10422764","0"
"194067","LUFITA RAMADHANY ZULKIFLY","SPECIAL","BJ","35.6.20260804.13","10689141","30,000"
"194067","LUFITA RAMADHANY ZULKIFLY","REGULER","DB","35.3.20260807.11","10500700","4,500"
"194067","LUFITA RAMADHANY ZULKIFLY","REGULER","BN","35.7.20260807.10","10449053","1,000"
"194067","LUFITA RAMADHANY ZULKIFLY","REGULER","BL","35.6.20260808.26","10655622","11,000"
"194067","LUFITA RAMADHANY ZULKIFLY","BOOSTER AGT 2026 - ACCS","BL","35.6.20260808.26","10566691",""
"194067","LUFITA RAMADHANY ZULKIFLY","BOOSTER AGT 2026 - ACCS","BL","35.6.20260808.26","10655622",""
"194067","LUFITA RAMADHANY ZULKIFLY","REGULER","BC","35.6.20260808.35","10677510","20,000"
"194067","LUFITA RAMADHANY ZULKIFLY","REGULER","BN","35.7.20260808.15","10449961","2,000"
"194067","LUFITA RAMADHANY ZULKIFLY","REGULER","BM","35.8.20260808.62","10052703","6,000"
"194067","LUFITA RAMADHANY ZULKIFLY","REGULER","BQ","U35.8.20260808.22","10548352","70,000"
"194067","LUFITA RAMADHANY ZULKIFLY","BOOSTER AGT 2026 - FURNI","BQ","U35.8.20260808.22","10548352","90,000"
"194067","LUFITA RAMADHANY ZULKIFLY","BOOSTER AGT 2026 - ACCS","BK","35.13.20260809.23","10670796","25,000"
"194067","LUFITA RAMADHANY ZULKIFLY","REGULER","BL","35.10.20260810.6","10556153","6,000"
"194067","LUFITA RAMADHANY ZULKIFLY","REGULER","BQ","U35.13.20260812.3","10642396","9,000"
"194067","LUFITA RAMADHANY ZULKIFLY","REGULER","BM","35.10.20260814.17","10699168","4,000"
"194067","LUFITA RAMADHANY ZULKIFLY","REGULER","BQ","U35.7.20260814.8","10607957","40,000"
"194067","LUFITA RAMADHANY ZULKIFLY","KHUSUS","BA","U35.8.20260814.6","10545471","130,622"
"194067","LUFITA RAMADHANY ZULKIFLY","REGULER","BK","35.6.20260815.12","10421515","10,800"
"194067","LUFITA RAMADHANY ZULKIFLY","REGULER","BL","35.6.20260815.12","10677733","6,000"
"194067","LUFITA RAMADHANY ZULKIFLY","SPECIAL","BN","35.6.20260815.12","10553950","5,000"
"194067","LUFITA RAMADHANY ZULKIFLY","BOOSTER AGT 2026 - ACCS","BK","35.6.20260815.12","10421515","25,000"
"194067","LUFITA RAMADHANY ZULKIFLY","BOOSTER AGT 2026 - ACCS","BL","35.6.20260815.12","10677733","25,000"
"194067","LUFITA RAMADHANY ZULKIFLY","REGULER","BM","35.6.20260815.33","10566950","2,000"
"194067","LUFITA RAMADHANY ZULKIFLY","KHUSUS","BA","U35.6.20260816.17","10682728","168,459"
"194067","LUFITA RAMADHANY ZULKIFLY","REGULER","BN","35.3.20260817.14","10425319","4,000"
"194067","LUFITA RAMADHANY ZULKIFLY","REGULER","BN","35.7.20260817.27","10445742","4,000"
"194067","LUFITA RAMADHANY ZULKIFLY","REGULER","BN","35.7.20260817.27","10547533","2,000"
"194067","LUFITA RAMADHANY ZULKIFLY","REGULER","BN","35.7.20260817.29","10263752","1,000"
"194067","LUFITA RAMADHANY ZULKIFLY","REGULER","BN","35.7.20260817.29","10487179","4,000"
"194067","LUFITA RAMADHANY ZULKIFLY","REGULER","BN","35.7.20260817.29","10564645","1,000"
"194067","LUFITA RAMADHANY ZULKIFLY","REGULER","BB","U35.3.20260817.10","10583275","18,000"
"194067","LUFITA RAMADHANY ZULKIFLY","REGULER","BL","U35.4.20260817.3","10457023","7,000"
"194067","LUFITA RAMADHANY ZULKIFLY","SPECIAL","BL","U35.4.20260817.3","10474297","20,000"
"194067","LUFITA RAMADHANY ZULKIFLY","SPECIAL","BL","U35.4.20260817.3","10625050","20,000"
"194067","LUFITA RAMADHANY ZULKIFLY","BOOSTER AGT 2026 - ACCS","BL","U35.4.20260817.3","10457023",""
"194067","LUFITA RAMADHANY ZULKIFLY","BOOSTER AGT 2026 - ACCS","BL","U35.4.20260817.3","10474297",""
"194067","LUFITA RAMADHANY ZULKIFLY","BOOSTER AGT 2026 - ACCS","BL","U35.4.20260817.3","10625050",""
"194067","LUFITA RAMADHANY ZULKIFLY","REGULER","BN","35.10.20260819.12","10551823","3,000"
"194067","LUFITA RAMADHANY ZULKIFLY","REGULER","BR","U35.7.20260819.4","10203634","21,000"
"194067","LUFITA RAMADHANY ZULKIFLY","REGULER","BR","U35.7.20260819.4","10472023","60,000"
"194067","LUFITA RAMADHANY ZULKIFLY","SPECIAL","BJ","35.4.20260821.5","10560074","9,000"
"194067","LUFITA RAMADHANY ZULKIFLY","SPECIAL","BJ","35.4.20260821.5","10560053","6,000"
"194067","LUFITA RAMADHANY ZULKIFLY","SPECIAL","BJ","35.4.20260821.5","10560051","8,000"
"194067","LUFITA RAMADHANY ZULKIFLY","REGULER","BN","35.7.20260821.12","10489761","2,000"
"194067","LUFITA RAMADHANY ZULKIFLY","REGULER","DB","35.3.20260822.29","10530815","6,000"
"194067","LUFITA RAMADHANY ZULKIFLY","REGULER","BK","35.8.20260822.30","10648276","9,600"
"194067","LUFITA RAMADHANY ZULKIFLY","BOOSTER AGT 2026 - ACCS","BK","35.8.20260822.30","10648276","25,000"
"194067","LUFITA RAMADHANY ZULKIFLY","KHUSUS","BA","U35.7.20260822.5","10433876","95,477"
"194067","LUFITA RAMADHANY ZULKIFLY","SPECIAL","BN","35.3.20260823.20","10644134","3,000"
"194067","LUFITA RAMADHANY ZULKIFLY","REGULER","BK","35.6.20260823.10","10260014","14,400"
"194067","LUFITA RAMADHANY ZULKIFLY","BOOSTER AGT 2026 - ACCS","BK","35.6.20260823.10","10260014","25,000"
"194067","LUFITA RAMADHANY ZULKIFLY","REGULER","BL","35.6.20260823.9","10694066","5,000"
"194067","LUFITA RAMADHANY ZULKIFLY","REGULER","BN","35.6.20260823.9","10556635","4,000"
"194067","LUFITA RAMADHANY ZULKIFLY","REGULER","BL","35.6.20260823.9","10708310","5,000"
"194067","LUFITA RAMADHANY ZULKIFLY","REGULER","BL","35.6.20260823.9","10532042","2,000"
"194067","LUFITA RAMADHANY ZULKIFLY","BOOSTER AGT 2026 - ACCS","BL","35.6.20260823.9","10532042",""
"194067","LUFITA RAMADHANY ZULKIFLY","BOOSTER AGT 2026 - ACCS","BL","35.6.20260823.9","10694066",""
"194067","LUFITA RAMADHANY ZULKIFLY","BOOSTER AGT 2026 - ACCS","BL","35.6.20260823.9","10708310",""
"194067","LUFITA RAMADHANY ZULKIFLY","REGULER","BB","U35.7.20260823.15","10591162","11,000"
"194067","LUFITA RAMADHANY ZULKIFLY","REGULER","BN","35.7.20260825.10","10541168","4,000"
"194067","LUFITA RAMADHANY ZULKIFLY","REGULER","BN","35.7.20260825.10","10449961","2,000"
"194067","LUFITA RAMADHANY ZULKIFLY","KHUSUS","BA","U35.10.20260825.19","10702597","840,783"
"194067","LUFITA RAMADHANY ZULKIFLY","SPECIAL","BJ","35.8.20260827.13","10560148","2,000"
"194067","LUFITA RAMADHANY ZULKIFLY","SPECIAL","BJ","35.8.20260827.13","10560073","10,000"
"194067","LUFITA RAMADHANY ZULKIFLY","REGULER","BD","35.3.20260829.3","10612730","1,000"
"190793","ANDRI","SPECIAL","BJ","35.4.20260803.8","10559817","50,000"
"190793","ANDRI","REGULER","BL","35.7.20260803.28","10457747","5,000"
"190793","ANDRI","REGULER","BR","U35.3.20260803.3","10672854","22,500"
"190793","ANDRI","REGULER","BN","35.10.20260804.10","10444846","1,000"
"190793","ANDRI","REGULER","BO","35.7.20260804.10","10666060","2,000"
"190793","ANDRI","REGULER","BO","35.7.20260804.10","10599264","1,000"
"190793","ANDRI","SPECIAL","BN","35.7.20260804.10","10553955","5,000"
"190793","ANDRI","SPECIAL","BN","35.7.20260804.10","10657067","5,000"
"190793","ANDRI","REGULER","BP","U35.4.20260804.10","10590527","78,000"
"190793","ANDRI","REGULER","BP","U35.4.20260804.10","10590531","90,000"
"190793","ANDRI","REGULER","BQ","U35.4.20260804.6","10507189","45,000"
"190793","ANDRI","SPECIAL","BB","U35.6.20260804.1","10104533","100,000"
"190793","ANDRI","REGULER","BD","U35.7.20260804.3","10553026","90,000"
"190793","ANDRI","KHUSUS","BA","U35.8.20260806.6","10578759","175,662"
"190793","ANDRI","REGULER","BB","35.7.20260808.22","10622187","18,000"
"190793","ANDRI","REGULER","BK","35.8.20260809.29","10212798","2,400"
"190793","ANDRI","REGULER","BK","35.8.20260809.29","10457868","3,600"
"190793","ANDRI","BOOSTER AGT 2026 - ACCS","BK","35.8.20260809.29","10212798",""
"190793","ANDRI","BOOSTER AGT 2026 - ACCS","BK","35.8.20260809.29","10457868",""
"190793","ANDRI","BOOSTER AGT 2026 - ACCS","BK","35.8.20260809.29","10534566",""
"190793","ANDRI","BOOSTER AGT 2026 - ACCS","BK","35.8.20260809.29","10534580",""
"190793","ANDRI","BOOSTER AGT 2026 - ACCS","BK","35.8.20260809.29","10670588",""
"190793","ANDRI","BOOSTER AGT 2026 - ACCS","BK","35.8.20260809.29","10704722",""
"190793","ANDRI","REGULER","BL","U35.8.20260809.10","10659548","17,000"
"190793","ANDRI","BOOSTER AGT 2026 - ACCS","BL","U35.8.20260809.10","10659548","50,000"
"190793","ANDRI","REGULER","BN","35.7.20260812.8","10198897","3,000"
"190793","ANDRI","REGULER","BN","35.7.20260812.8","10663033","2,000"
"190793","ANDRI","SPECIAL","BN","35.7.20260812.8","10661486","10,000"
"190793","ANDRI","SPECIAL","BJ","35.7.20260812.8","10444667","15,000"
"190793","ANDRI","SPECIAL","BJ","35.7.20260812.8","","10,000"
"190793","ANDRI","SPECIAL","BJ","35.7.20260812.8","10568164","8,000"
"190793","ANDRI","SPECIAL","BJ","35.7.20260812.8","10602706","4,000"
"190793","ANDRI","SPECIAL","BJ","35.7.20260812.8","10602646","3,000"
"190793","ANDRI","REGULER","BM","35.3.20260815.19","10102966","3,000"
"190793","ANDRI","REGULER","DB","35.3.20260815.19","10556172","6,000"
"190793","ANDRI","REGULER","BM","35.4.20260815.2","10566549","2,000"
"190793","ANDRI","REGULER","BC","U35.6.20260815.10","10678659","20,000"
"190793","ANDRI","REGULER","BB","U35.8.20260815.1","10442013","8,000"
"190793","ANDRI","SPECIAL","BJ","35.4.20260816.32","","9,000"
"190793","ANDRI","SPECIAL","BJ","35.4.20260816.32","","3,000"
"190793","ANDRI","REGULER","BM","35.8.20260816.11","10702723","4,000"
"190793","ANDRI","REGULER","BM","35.8.20260816.11","10702722","2,000"
"190793","ANDRI","BOOSTER AGT 2026 - ACCS","BM","35.8.20260816.11","10702722",""
"190793","ANDRI","BOOSTER AGT 2026 - ACCS","BM","35.8.20260816.11","10702723",""
"190793","ANDRI","KHUSUS","BA","U35.4.20260816.20","10685019","21,613"
"190793","ANDRI","SPECIAL","BD","U35.6.20260816.14","10417216","200,000"
"190793","ANDRI","REGULER","BQ","U35.6.20260818.4","10687014","20,000"
"190793","ANDRI","REGULER","BB","35.4.20260820.11","10622140","18,000"
"190793","ANDRI","REGULER","BR","35.4.20260820.11","10137239","24,000"
"190793","ANDRI","REGULER","BR","35.4.20260820.11","10137241","28,500"
"190793","ANDRI","REGULER","BN","35.7.20260820.18","10541398","0"
"190793","ANDRI","REGULER","BN","35.7.20260820.18","10541394","1,000"
"190793","ANDRI","REGULER","BJ","35.8.20260820.6","10487114","6,000"
"190793","ANDRI","REGULER","BP","U35.3.20260821.1","10598023","14,400"
"190793","ANDRI","SPECIAL","BN","U35.3.20260821.1","10631399","5,000"
"190793","ANDRI","REGULER","BM","35.8.20260822.13","10628698","2,000"
"190793","ANDRI","REGULER","BD","U35.3.20260822.17","10633166","35,000"
"190793","ANDRI","REGULER","BN","35.3.20260823.14","10422357","2,000"
"190793","ANDRI","SPECIAL","BN","35.3.20260823.14","10609942","10,000"
"190793","ANDRI","REGULER","BK","35.7.20260823.17","10614148","2,400"
"190793","ANDRI","REGULER","BL","35.7.20260823.17","10680482","3,000"
"190793","ANDRI","REGULER","BP","U35.4.20260823.34","10647093","54,000"
"190793","ANDRI","REGULER","BD","U35.7.20260823.17","10580404","25,000"
"190793","ANDRI","REGULER","BB","U35.7.20260823.17","10622189","20,000"
"190793","ANDRI","REGULER","BA","U35.8.20260824.8","10681499","80,000"
"190793","ANDRI","SPECIAL","BB","U35.8.20260824.8","10466981","30,000"
"190793","ANDRI","SPECIAL","BB","U35.8.20260824.8","10637819","100,000"
"190793","ANDRI","REGULER","BG","35.7.20260826.16","10568050","7,000"
"190793","ANDRI","REGULER","BD","35.7.20260826.16","10564726","5,000"
"190793","ANDRI","REGULER","BD","35.7.20260826.16","10564728","2,000"
"190793","ANDRI","REGULER","BR","U35.7.20260826.3","10537907","45,000"
"190793","ANDRI","REGULER","BM","U35.7.20260826.3","10462836","6,000"
"190793","ANDRI","SPECIAL","BG","U35.7.20260826.3","10607764","10,000"
"190793","ANDRI","REGULER","BB","U35.6.20260827.9","10648562","60,000"
"190793","ANDRI","REGULER","BD","U35.6.20260827.9","10612729","7,000"
"190793","ANDRI","REGULER","BB","U35.6.20260827.9","10421634","15,000"
"190793","ANDRI","SPECIAL","BG","U35.6.20260827.9","10607768","60,000"
"190793","ANDRI","SPECIAL","BF","U35.6.20260827.9","10605625","600,000"
"190793","ANDRI","SPECIAL","BJ","35.13.20260828.21","10609633","12,000"
"190793","ANDRI","SPECIAL","BJ","35.13.20260828.21","10610075","3,000"
"190793","ANDRI","SPECIAL","BJ","35.13.20260828.21","10610083","3,000"
"190793","ANDRI","REGULER","BJ","35.7.20260828.7","10701401","2,000"
"190793","ANDRI","REGULER","BQ","U35.13.20260828.6","10499723","18,000"
"190793","ANDRI","SPECIAL","BN","35.3.20260829.5","10609942","10,000"
"190793","ANDRI","SPECIAL","BN","35.7.20260829.18","10562498","9,000"
"190793","ANDRI","REGULER","BK","35.8.20260829.37","10478762","6,000"
"190793","ANDRI","REGULER","BK","35.8.20260829.40","10438208","10,800"
"190793","ANDRI","REGULER","BK","35.8.20260829.40","10421515","10,800"
"190793","ANDRI","REGULER","BK","35.8.20260829.40","10457398","21,600"
"190793","ANDRI","BOOSTER AGT 2026 - ACCS","BK","35.8.20260829.40","10421515",""
"190793","ANDRI","BOOSTER AGT 2026 - ACCS","BK","35.8.20260829.40","10438208",""
"190793","ANDRI","BOOSTER AGT 2026 - ACCS","BK","35.8.20260829.40","10457398",""
"190793","ANDRI","REGULER","BJ","35.10.20260830.14","10603621","7,000"
"190793","ANDRI","REGULER","BJ","35.10.20260830.14","10603613","7,000"
"190793","ANDRI","SPECIAL","BJ","35.10.20260830.14","10610081","4,000"
"190793","ANDRI","SPECIAL","BJ","35.10.20260830.14","10610089","4,000"
"190793","ANDRI","REGULER","BK","35.10.20260830.15","10616483","6,000"
"190793","ANDRI","REGULER","BM","35.6.20260830.22","10545095","1,000"
"190793","ANDRI","REGULER","BK","35.6.20260830.29","10579134","2,400"
"190793","ANDRI","REGULER","DB","35.7.20260830.4","10556168","18,000"
"190793","ANDRI","BOOSTER AGT 2026 - ACCS","DB","35.7.20260830.4","10556168","30,000"
"190793","ANDRI","REGULER","BK","35.8.20260830.14","10437785","4,800"
"190793","ANDRI","BOOSTER AGT 2026 - ACCS","BK","35.8.20260830.14","10437785",""
"190793","ANDRI","BOOSTER AGT 2026 - ACCS","BK","35.8.20260830.14","10631392",""
"190793","ANDRI","REGULER","BK","35.8.20260830.3","10614148","2,400"
"190793","ANDRI","REGULER","BK","35.8.20260830.3","10453979","0"
"190793","ANDRI","BOOSTER AGT 2026 - ACCS","BK","35.8.20260830.3","10286410",""
"190793","ANDRI","BOOSTER AGT 2026 - ACCS","BK","35.8.20260830.3","10453979",""
"190793","ANDRI","BOOSTER AGT 2026 - ACCS","BK","35.8.20260830.3","10487397",""
"190793","ANDRI","BOOSTER AGT 2026 - ACCS","BK","35.8.20260830.3","10521561",""
"190793","ANDRI","BOOSTER AGT 2026 - ACCS","BK","35.8.20260830.3","10568694",""
"190793","ANDRI","BOOSTER AGT 2026 - ACCS","BK","35.8.20260830.3","10568695",""
"190793","ANDRI","BOOSTER AGT 2026 - ACCS","BK","35.8.20260830.3","10568696",""
"190793","ANDRI","BOOSTER AGT 2026 - ACCS","BK","35.8.20260830.3","10614148",""
"190793","ANDRI","BOOSTER AGT 2026 - ACCS","BK","35.8.20260830.3","10701076",""
"190793","ANDRI","BOOSTER AGT 2026 - ACCS","BK","35.8.20260830.3","10701078",""
"190793","ANDRI","SPECIAL","BL","U35.8.20260830.5","10625053","20,000"
"190793","ANDRI","SPECIAL","BL","U35.8.20260830.5","10420229","20,000"
"190793","ANDRI","BOOSTER AGT 2026 - ACCS","BL","U35.8.20260830.5","10420229","37,500"
"190793","ANDRI","BOOSTER AGT 2026 - ACCS","BL","U35.8.20260830.5","10625053","37,500"
"194353","INTAN AYU LARASATI","KHUSUS - JULI 2026","BA","U35.7.20260708.11","10553774","45,036"
"194353","INTAN AYU LARASATI","KHUSUS - JULI 2026","BA","U35.7.20260718.12","10027167","157,792"
"194353","INTAN AYU LARASATI","REGULER","BD","35.10.20260801.12","10612729","3,000"
"194353","INTAN AYU LARASATI","REGULER","BD","35.10.20260801.12","10612732","3,000"
"194353","INTAN AYU LARASATI","REGULER","BD","35.10.20260801.12","10612731","3,000"
"194353","INTAN AYU LARASATI","REGULER","BC","U35.10.20260801.2","10629710","45,000"
"194353","INTAN AYU LARASATI","REGULER","BD","U35.7.20260801.7","","16,000"
"194353","INTAN AYU LARASATI","REGULER","BK","35.3.20260804.3","10641840","6,000"
"194353","INTAN AYU LARASATI","REGULER","BO","35.3.20260804.3","10506860","0"
"194353","INTAN AYU LARASATI","REGULER","BK","35.3.20260804.3","10512485","15,600"
"194353","INTAN AYU LARASATI","REGULER","BO","35.3.20260804.3","10541144","14,000"
"194353","INTAN AYU LARASATI","REGULER","BK","35.3.20260804.3","10667468","2,400"
"194353","INTAN AYU LARASATI","REGULER","BN","35.3.20260804.3","10198897","3,000"
"194353","INTAN AYU LARASATI","BOOSTER AGT 2026 - ACCS","BK","35.3.20260804.3","10512485",""
"194353","INTAN AYU LARASATI","BOOSTER AGT 2026 - ACCS","BK","35.3.20260804.3","10639311",""
"194353","INTAN AYU LARASATI","BOOSTER AGT 2026 - ACCS","BK","35.3.20260804.3","10641840",""
"194353","INTAN AYU LARASATI","BOOSTER AGT 2026 - ACCS","BK","35.3.20260804.3","10667468",""
"194353","INTAN AYU LARASATI","BOOSTER AGT 2026 - ACCS","BO","35.3.20260804.3","10506860",""
"194353","INTAN AYU LARASATI","BOOSTER AGT 2026 - ACCS","BO","35.3.20260804.3","10541144",""
"194353","INTAN AYU LARASATI","REGULER","BD","35.3.20260804.4","10612732","1,000"
"194353","INTAN AYU LARASATI","REGULER","BD","35.3.20260804.4","10612729","1,000"
"194353","INTAN AYU LARASATI","SPECIAL","BJ","35.7.20260806.12","10515575","1,000"
"194353","INTAN AYU LARASATI","REGULER","BA","U35.7.20260806.10","10095764","30,000"
"194353","INTAN AYU LARASATI","REGULER","BM","35.3.20260807.6","10547011","2,000"
"194353","INTAN AYU LARASATI","REGULER","BN","35.3.20260807.6","10688658","3,000"
"194353","INTAN AYU LARASATI","REGULER","BK","35.3.20260807.6","10541972","24,000"
"194353","INTAN AYU LARASATI","BOOSTER AGT 2026 - ACCS","BK","35.3.20260807.6","10541972","75,000"
"194353","INTAN AYU LARASATI","REGULER","BB","U35.4.20260808.7","10231413","25,000"
"194353","INTAN AYU LARASATI","KHUSUS","BA","U35.4.20260808.7","10654749","243,225"
"194353","INTAN AYU LARASATI","REGULER","BO","35.10.20260809.22","10570201","1,000"
"194353","INTAN AYU LARASATI","REGULER","BO","35.10.20260809.22","10506858","0"
"194353","INTAN AYU LARASATI","REGULER","BM","35.8.20260809.3","10291288","1,000"
"194353","INTAN AYU LARASATI","REGULER","BN","35.3.20260810.1","10547542","1,000"
"194353","INTAN AYU LARASATI","REGULER","BD","U35.3.20260810.1","10564728","25,000"
"194353","INTAN AYU LARASATI","REGULER","BD","U35.3.20260810.1","10564727","25,000"
"194353","INTAN AYU LARASATI","REGULER","BD","U35.3.20260810.1","10564725","25,000"
"194353","INTAN AYU LARASATI","REGULER","BN","35.7.20260811.5","10663036","2,000"
"194353","INTAN AYU LARASATI","SPECIAL","BJ","U35.7.20260811.1","10708011","25,000"
"194353","INTAN AYU LARASATI","BOOSTER AGT 2026 - ACCS","DA","U35.7.20260811.1","10598542","60,000"
"194353","INTAN AYU LARASATI","REGULER","BN","35.7.20260813.1","10558499","3,000"
"194353","INTAN AYU LARASATI","REGULER","BN","35.7.20260813.1","10662163","2,000"
"194353","INTAN AYU LARASATI","REGULER","DB","35.7.20260813.5","10668796","10,500"
"194353","INTAN AYU LARASATI","KHUSUS","BA","U35.13.20260813.10","10708338","256,743"
"194353","INTAN AYU LARASATI","SPECIAL","BL","35.10.20260814.16","10420229","20,000"
"194353","INTAN AYU LARASATI","BOOSTER AGT 2026 - ACCS","BL","35.10.20260814.16","10420229","50,000"
"194353","INTAN AYU LARASATI","REGULER","BO","35.7.20260815.19","10682385","0"
"194353","INTAN AYU LARASATI","REGULER","BO","35.7.20260815.19","10569260","3,000"
"194353","INTAN AYU LARASATI","SPECIAL","BN","35.7.20260815.19","10644136","3,000"
"194353","INTAN AYU LARASATI","SPECIAL","BN","35.7.20260815.19","10644138","2,000"
"194353","INTAN AYU LARASATI","REGULER","BL","35.10.20260816.36","10555949","5,000"
"194353","INTAN AYU LARASATI","REGULER","BM","35.6.20260816.33","10627016","6,000"
"194353","INTAN AYU LARASATI","REGULER","BM","35.6.20260816.33","10420957","2,000"
"194353","INTAN AYU LARASATI","REGULER","BO","35.6.20260816.33","10666060","2,000"
"194353","INTAN AYU LARASATI","BOOSTER AGT 2026 - ACCS","BM","35.6.20260816.33","10420957",""
"194353","INTAN AYU LARASATI","BOOSTER AGT 2026 - ACCS","BM","35.6.20260816.33","10627016",""
"194353","INTAN AYU LARASATI","BOOSTER AGT 2026 - ACCS","BM","35.6.20260816.33","10686005",""
"194353","INTAN AYU LARASATI","REGULER","BK","U35.3.20260816.5","10332027","12,000"
"194353","INTAN AYU LARASATI","REGULER","BD","U35.3.20260816.5","10596620","20,000"
"194353","INTAN AYU LARASATI","REGULER","BD","U35.3.20260816.5","","9,000"
"194353","INTAN AYU LARASATI","BOOSTER AGT 2026 - ACCS","BK","U35.3.20260816.5","10332027","25,000"
"194353","INTAN AYU LARASATI","REGULER","BN","35.6.20260817.3","10263752","1,000"
"194353","INTAN AYU LARASATI","REGULER","BN","35.6.20260817.3","10198897","3,000"
"194353","INTAN AYU LARASATI","REGULER","BN","35.6.20260817.3","10541168","3,000"
"194353","INTAN AYU LARASATI","REGULER","BN","35.6.20260817.3","10663036","2,000"
"194353","INTAN AYU LARASATI","REGULER","BN","35.6.20260817.3","10489716","3,000"
"194353","INTAN AYU LARASATI","SPECIAL","BN","35.6.20260817.3","10675111","10,000"
"194353","INTAN AYU LARASATI","SPECIAL","BN","35.6.20260817.3","10553953","5,000"
"194353","INTAN AYU LARASATI","REGULER","BK","U35.10.20260817.4","10507014","8,400"
"194353","INTAN AYU LARASATI","REGULER","BR","U35.10.20260817.4","10111814","52,500"
"194353","INTAN AYU LARASATI","BOOSTER AGT 2026 - ACCS","BK","U35.10.20260817.4","10507014","25,000"
"194353","INTAN AYU LARASATI","REGULER","BA","U35.6.20260817.1","10681508","30,000"
"194353","INTAN AYU LARASATI","REGULER","BD","U35.6.20260817.1","10108185","35,000"
"194353","INTAN AYU LARASATI","REGULER","BM","U35.6.20260817.1","10613393","7,000"
"194353","INTAN AYU LARASATI","REGULER","BM","U35.6.20260817.1","10132201","2,000"
"194353","INTAN AYU LARASATI","BOOSTER AGT 2026 - ACCS","BM","U35.6.20260817.1","10132201",""
"194353","INTAN AYU LARASATI","BOOSTER AGT 2026 - ACCS","BM","U35.6.20260817.1","10613393",""
"194353","INTAN AYU LARASATI","REGULER","BN","35.6.20260819.4","10224870","5,000"
"194353","INTAN AYU LARASATI","REGULER","BM","35.7.20260819.14","10588841","2,000"
"194353","INTAN AYU LARASATI","REGULER","BL","35.0.20260821.1","10555949","-2,000"
"194353","INTAN AYU LARASATI","SPECIAL","BN","35.10.20260821.2","10361595","5,000"
"194353","INTAN AYU LARASATI","REGULER","BL","35.10.20260821.5","10556050","3,000"
"194353","INTAN AYU LARASATI","REGULER","BM","35.6.20260821.1","10593572","6,000"
"194353","INTAN AYU LARASATI","REGULER","BB","U35.10.20260821.1","10467377","7,000"
"194353","INTAN AYU LARASATI","KHUSUS","BB","U35.10.20260821.1","10521065","5,392"
"194353","INTAN AYU LARASATI","REGULER","BR","U35.10.20260821.9","10686592","37,500"
"194353","INTAN AYU LARASATI","REGULER","BP","U35.10.20260821.9","10692507","24,000"
"194353","INTAN AYU LARASATI","BOOSTER AGT 2026 - FURNI","BP","U35.10.20260821.9","10692507","25,000"
"194353","INTAN AYU LARASATI","REGULER","BQ","U35.4.20260821.2","10499718","45,000"
"194353","INTAN AYU LARASATI","REGULER","BQ","U35.4.20260821.2","10499725","55,000"
"194353","INTAN AYU LARASATI","REGULER","BB","U35.8.20260822.4","10350221","9,000"
"194353","INTAN AYU LARASATI","KHUSUS","BB","U35.8.20260822.4","10441251","20,270"
"194353","INTAN AYU LARASATI","KHUSUS","BA","U35.8.20260822.4","10634167","170,257"
"194353","INTAN AYU LARASATI","SPECIAL","BN","35.10.20260823.3","10259789","5,000"
"194353","INTAN AYU LARASATI","REGULER","BM","U35.10.20260823.2","10599300","3,000"
"194353","INTAN AYU LARASATI","SPECIAL","BF","U35.10.20260823.2","10648126","150,000"
"194353","INTAN AYU LARASATI","BOOSTER AGT 2026 - ACCS","BM","U35.10.20260823.2","10462458",""
"194353","INTAN AYU LARASATI","BOOSTER AGT 2026 - ACCS","BM","U35.10.20260823.2","10553095",""
"194353","INTAN AYU LARASATI","BOOSTER AGT 2026 - ACCS","BM","U35.10.20260823.2","10599300",""
"194353","INTAN AYU LARASATI","BOOSTER AGT 2026 - ACCS","BM","U35.10.20260823.2","10683850",""
"194353","INTAN AYU LARASATI","REGULER","BI","U35.4.20260823.28","10623886","15,600"
"194353","INTAN AYU LARASATI","REGULER","BD","35.7.20260825.15","10564726","5,000"
"194353","INTAN AYU LARASATI","REGULER","BD","U35.3.20260825.25","10616596","85,000"
"194353","INTAN AYU LARASATI","REGULER","BF","U35.8.20260825.3","10518674","18,000"
"194353","INTAN AYU LARASATI","SPECIAL","BG","U35.8.20260825.3","10566545","50,000"
"194353","INTAN AYU LARASATI","BOOSTER AGT 2026 - FURNI","BI","U35.8.20260825.3","10690168","45,000"
"194353","INTAN AYU LARASATI","REGULER","BD","35.7.20260826.2","10606868","7,000"
"194353","INTAN AYU LARASATI","REGULER","BD","35.7.20260826.2","10606869","7,000"
"194353","INTAN AYU LARASATI","KHUSUS","BA","U35.6.20260826.6","10600024","25,218"
"194353","INTAN AYU LARASATI","REGULER","BK","35.6.20260828.19","10707251","24,000"
"194353","INTAN AYU LARASATI","BOOSTER AGT 2026 - ACCS","BK","35.6.20260828.19","10707251","75,000"
"194353","INTAN AYU LARASATI","REGULER","BD","U35.7.20260828.4","10633167","20,000"
"194353","INTAN AYU LARASATI","REGULER","BK","35.13.20260829.11","10639320","7,200"
"194353","INTAN AYU LARASATI","SPECIAL","BL","35.6.20260829.22","10673020","50,000"
"194353","INTAN AYU LARASATI","BOOSTER AGT 2026 - ACCS","BL","35.6.20260829.22","10673020","75,000"
"194353","INTAN AYU LARASATI","REGULER","BD","35.8.20260829.1","10592534","7,000"
"194353","INTAN AYU LARASATI","REGULER","DB","35.8.20260829.14","10571117","7,500"
"194353","INTAN AYU LARASATI","REGULER","BC","U35.6.20260829.14","10628222","45,000"
"194353","INTAN AYU LARASATI","SPECIAL","BL","U35.6.20260829.14","10571375","50,000"
"194353","INTAN AYU LARASATI","BOOSTER AGT 2026 - ACCS","BL","U35.6.20260829.14","10571375","25,000"
"179583","RAMA DHANI","KHUSUS - JULI 2026","BA","U35.10.20260705.3","10634292","145,487"
"179583","RAMA DHANI","REGULER","BI","35.13.20260801.40","10702670","6,000"
"179583","RAMA DHANI","SPECIAL","BJ","35.4.20260801.26","10560077","9,000"
"179583","RAMA DHANI","SPECIAL","BJ","35.4.20260801.26","10560055","8,000"
"179583","RAMA DHANI","SPECIAL","BJ","35.4.20260801.38","10695142","2,000"
"179583","RAMA DHANI","REGULER","BN","35.7.20260801.8","10038212","3,000"
"179583","RAMA DHANI","REGULER","BN","35.7.20260801.8","10489775","2,000"
"179583","RAMA DHANI","REGULER","BN","35.7.20260801.8","10547510","2,000"
"179583","RAMA DHANI","REGULER","BJ","35.7.20260801.8","10627725","3,000"
"179583","RAMA DHANI","REGULER","BQ","U35.13.20260801.3","10499725","40,000"
"179583","RAMA DHANI","SPECIAL","BJ","35.7.20260802.45","10610077","3,000"
"179583","RAMA DHANI","SPECIAL","BJ","35.7.20260802.45","10610085","3,000"
"179583","RAMA DHANI","SPECIAL","BJ","35.7.20260802.45","10609643","12,000"
"179583","RAMA DHANI","REGULER","BB","U35.7.20260802.14","10581414","25,000"
"179583","RAMA DHANI","REGULER","BJ","35.6.20260804.18","10695146","8,000"
"179583","RAMA DHANI","REGULER","BJ","35.6.20260804.18","10694990","8,000"
"179583","RAMA DHANI","KHUSUS","BB","U35.6.20260804.5","10648629","17,292"
"179583","RAMA DHANI","KHUSUS","BA","U35.6.20260804.5","10644740","54,045"
"179583","RAMA DHANI","REGULER","BK","U35.6.20260805.1","10667922","15,600"
"179583","RAMA DHANI","BOOSTER AGT 2026 - ACCS","BK","U35.6.20260805.1","10667922","25,000"
"179583","RAMA DHANI","REGULER","BK","U35.6.20260806.10","10600201","6,000"
"179583","RAMA DHANI","REGULER","BK","U35.6.20260806.10","10646331","6,000"
"179583","RAMA DHANI","REGULER","BK","U35.6.20260806.10","10545976","8,400"
"179583","RAMA DHANI","REGULER","BK","U35.6.20260806.10","10573496","24,000"
"179583","RAMA DHANI","BOOSTER AGT 2026 - ACCS","BK","U35.6.20260806.10","10455719",""
"179583","RAMA DHANI","BOOSTER AGT 2026 - ACCS","BK","U35.6.20260806.10","10545976",""
"179583","RAMA DHANI","BOOSTER AGT 2026 - ACCS","BK","U35.6.20260806.10","10566086",""
"179583","RAMA DHANI","BOOSTER AGT 2026 - ACCS","BK","U35.6.20260806.10","10566088",""
"179583","RAMA DHANI","BOOSTER AGT 2026 - ACCS","BK","U35.6.20260806.10","10573496",""
"179583","RAMA DHANI","BOOSTER AGT 2026 - ACCS","BK","U35.6.20260806.10","10600201",""
"179583","RAMA DHANI","BOOSTER AGT 2026 - ACCS","BK","U35.6.20260806.10","10646331",""
"179583","RAMA DHANI","REGULER","BI","35.4.20260808.32","10678100","10,800"
"179583","RAMA DHANI","REGULER","BP","U35.13.20260808.5","10647097","21,600"
"179583","RAMA DHANI","REGULER","BI","U35.4.20260808.19","10643798","0"
"179583","RAMA DHANI","REGULER","BI","U35.4.20260808.19","10676346","21,600"
"179583","RAMA DHANI","REGULER","BB","U35.6.20260811.4","10629144","40,000"
"179583","RAMA DHANI","REGULER","BI","35.13.20260813.19","10607032","8,400"
"179583","RAMA DHANI","SPECIAL","BJ","35.4.20260813.8","10188210","10,000"
"179583","RAMA DHANI","REGULER","BO","35.6.20260815.23","10506858","0"
"179583","RAMA DHANI","REGULER","BO","35.6.20260815.23","10570201","1,000"
"179583","RAMA DHANI","REGULER","BQ","U35.13.20260815.12","10666134","10,000"
"179583","RAMA DHANI","REGULER","BK","35.10.20260816.27","10477912","16,800"
"179583","RAMA DHANI","BOOSTER AGT 2026 - ACCS","BK","35.10.20260816.27","10477912","50,000"
"179583","RAMA DHANI","SPECIAL","BJ","35.13.20260816.15","","9,000"
"179583","RAMA DHANI","SPECIAL","BJ","35.13.20260816.15","","9,000"
"179583","RAMA DHANI","SPECIAL","BJ","35.13.20260816.15","10568163","8,000"
"179583","RAMA DHANI","REGULER","BI","35.13.20260816.21","","2,400"
"179583","RAMA DHANI","REGULER","BG","35.4.20260816.6","10508199","7,000"
"179583","RAMA DHANI","SPECIAL","BJ","35.4.20260816.6","10602649","10,000"
"179583","RAMA DHANI","SPECIAL","BF","U35.13.20260816.13","10681575","45,000"
"179583","RAMA DHANI","REGULER","BP","U35.13.20260816.28","10532346","54,000"
"179583","RAMA DHANI","BOOSTER AGT 2026 - FURNI","BP","U35.13.20260816.28","10532346","70,000"
"179583","RAMA DHANI","REGULER","BI","35.13.20260817.28","10657109","4,800"
"179583","RAMA DHANI","REGULER","BN","35.7.20260817.28","10540068","1,000"
"179583","RAMA DHANI","REGULER","BK","35.7.20260817.28","10670672","4,800"
"179583","RAMA DHANI","REGULER","BJ","35.7.20260817.28","10627722","2,000"
"179583","RAMA DHANI","SPECIAL","BF","U35.4.20260817.4","10601781","70,000"
"179583","RAMA DHANI","REGULER","BI","U35.7.20260817.10","10702682","18,000"
"179583","RAMA DHANI","REGULER","BJ","35.13.20260819.16","10701401","2,000"
"179583","RAMA DHANI","REGULER","BR","U35.4.20260819.4","","397,500"
"179583","RAMA DHANI","REGULER","BC","U35.10.20260820.4","10606134","45,000"
"179583","RAMA DHANI","REGULER","BA","U35.4.20260820.6","","50,000"
"179583","RAMA DHANI","SPECIAL","BB","U35.4.20260820.7","10470772","100,000"
"179583","RAMA DHANI","REGULER","BM","35.78.20260821.10","10568181","8,000"
"179583","RAMA DHANI","BOOSTER AGT 2026 - ACCS","BM","35.78.20260821.10","10568181","25,000"
"179583","RAMA DHANI","REGULER","BO","35.78.20260821.11","10594770","0"
"179583","RAMA DHANI","REGULER","BK","35.78.20260821.12","10453978","0"
"179583","RAMA DHANI","REGULER","BK","35.78.20260821.12","10491937","21,600"
"179583","RAMA DHANI","BOOSTER AGT 2026 - ACCS","BK","35.78.20260821.12","10453978",""
"179583","RAMA DHANI","BOOSTER AGT 2026 - ACCS","BK","35.78.20260821.12","10487394",""
"179583","RAMA DHANI","BOOSTER AGT 2026 - ACCS","BK","35.78.20260821.12","10491937",""
"179583","RAMA DHANI","BOOSTER AGT 2026 - ACCS","BK","35.78.20260821.12","10520532",""
"179583","RAMA DHANI","BOOSTER AGT 2026 - ACCS","BK","35.78.20260821.12","10520533",""
"179583","RAMA DHANI","BOOSTER AGT 2026 - ACCS","BK","35.78.20260821.12","10636515",""
"179583","RAMA DHANI","BOOSTER AGT 2026 - ACCS","BK","35.78.20260821.12","10664242",""
"179583","RAMA DHANI","BOOSTER AGT 2026 - ACCS","BK","35.78.20260821.12","10664243",""
"179583","RAMA DHANI","BOOSTER AGT 2026 - ACCS","BK","35.78.20260821.12","10664244",""
"179583","RAMA DHANI","SPECIAL","BJ","35.78.20260821.13","10455170","5,000"
"179583","RAMA DHANI","REGULER","BM","35.78.20260821.15","10161038","3,000"
"179583","RAMA DHANI","SPECIAL","BJ","35.78.20260821.16","10166915","10,000"
"179583","RAMA DHANI","REGULER","BM","35.78.20260821.20","10628699","2,000"
"179583","RAMA DHANI","REGULER","BO","35.78.20260821.8","10550340","0"
"179583","RAMA DHANI","REGULER","BO","35.78.20260821.9","10565507","1,000"
"179583","RAMA DHANI","SPECIAL","BJ","35.10.20260822.4","10444667","15,000"
"179583","RAMA DHANI","BOOSTER AGT 2026 - ACCS","BK","35.10.20260822.4","10208160",""
"179583","RAMA DHANI","BOOSTER AGT 2026 - ACCS","BK","35.10.20260822.4","",""
"179583","RAMA DHANI","BOOSTER AGT 2026 - ACCS","BK","35.10.20260822.4","",""
"179583","RAMA DHANI","BOOSTER AGT 2026 - ACCS","BK","35.10.20260822.4","",""
"179583","RAMA DHANI","BOOSTER AGT 2026 - ACCS","BK","35.10.20260822.4","",""
"179583","RAMA DHANI","REGULER","BI","35.13.20260822.25","10552061","1,200"
"179583","RAMA DHANI","REGULER","BK","35.6.20260822.4","10187617","2,400"
"179583","RAMA DHANI","SPECIAL","BG","U35.10.20260822.2","10513758","280,000"
"179583","RAMA DHANI","BOOSTER AGT 2026 - FURNI","BG","U35.10.20260822.2","10513758","30,000"
"179583","RAMA DHANI","REGULER","BL","35.6.20260823.24","10648699","3,000"
"179583","RAMA DHANI","REGULER","BD","35.6.20260823.24","10564573","7,000"
"179583","RAMA DHANI","REGULER","BL","35.6.20260823.24","10648700","3,000"
"179583","RAMA DHANI","BOOSTER AGT 2026 - ACCS","BL","35.6.20260823.24","10648699","11,577"
"179583","RAMA DHANI","BOOSTER AGT 2026 - ACCS","BL","35.6.20260823.24","10648700","13,423"
"179583","RAMA DHANI","REGULER","BO","35.13.20260825.35","10599272","1,000"
"179583","RAMA DHANI","SPECIAL","BJ","35.13.20260825.35","10654371","8,000"
"179583","RAMA DHANI","REGULER","BK","35.4.20260825.30","10212798","2,400"
"179583","RAMA DHANI","REGULER","BL","35.4.20260825.30","10151606","3,000"
"179583","RAMA DHANI","REGULER","BI","35.4.20260825.42","10705768","3,600"
"179583","RAMA DHANI","REGULER","BI","35.4.20260825.42","10705770","3,600"
"179583","RAMA DHANI","REGULER","BO","35.6.20260825.45","10570202","1,000"
"179583","RAMA DHANI","REGULER","BI","U35.13.20260825.30","10621945","24,000"
"179583","RAMA DHANI","SPECIAL","BG","U35.13.20260825.30","10577267","50,000"
"179583","RAMA DHANI","KHUSUS","BA","U35.3.20260825.5","10662947","54,045"
"179583","RAMA DHANI","REGULER","BD","U35.7.20260825.8","10685786","12,000"
"179583","RAMA DHANI","REGULER","BI","35.3.20260826.15","10476469","10,800"
"179583","RAMA DHANI","REGULER","BL","35.3.20260826.15","10706234","2,000"
"179583","RAMA DHANI","REGULER","BI","35.3.20260826.15","10702670","6,000"
"179583","RAMA DHANI","REGULER","BR","U35.6.20260826.3","10630082","105,000"
"179583","RAMA DHANI","REGULER","DB","35.7.20260828.8","10572617","13,500"
"179583","RAMA DHANI","REGULER","BQ","U35.13.20260829.6","10509701","45,000"
"179583","RAMA DHANI","BOOSTER AGT 2026 - FURNI","BI","U35.4.20260830.33","10689221","25,000"
"179583","RAMA DHANI","REGULER","BB","U35.7.20260830.15","10350225","10,000"
"179583","RAMA DHANI","BOOSTER AGT 2026 - ACCS","DA","U35.7.20260830.15","10602711","90,000"
"179583","RAMA DHANI","REGULER","BR","U35.10.20260831.7","","52,500"
"179583","RAMA DHANI","REGULER","BP","U35.13.20260831.4","10590527","20,400"
"177063","NABILAH ADANI","KHUSUS - JULI 2026","BA","35.6.20260715.7","10659560","54,045"
"177063","NABILAH ADANI","KHUSUS - JULI 2026","BA","U35.6.20260719.14","10600024","21,614"
"177063","NABILAH ADANI","KHUSUS - JULI 2026","BA","U35.6.20260720.2","10632735","246,868"
"177063","NABILAH ADANI","KHUSUS - JULI 2026","BA","U35.8.20260725.10","10662944","36,027"
"177063","NABILAH ADANI","BOOSTER AGT 2026 - ACCS","BM","35.10.20260801.41","10426757",""
"177063","NABILAH ADANI","BOOSTER AGT 2026 - ACCS","BM","35.10.20260801.41","10576557",""
"177063","NABILAH ADANI","REGULER","BN","35.78.20260801.36","10541169","2,000"
"177063","NABILAH ADANI","REGULER","BM","35.8.20260801.46","10582557","2,000"
"177063","NABILAH ADANI","REGULER","BL","35.8.20260801.48","10471332","4,000"
"177063","NABILAH ADANI","REGULER","BN","35.7.20260802.28","10541170","3,000"
"177063","NABILAH ADANI","SPECIAL","BN","35.7.20260802.28","10624351","5,000"
"177063","NABILAH ADANI","REGULER","BL","35.8.20260802.1","10457749","9,000"
"177063","NABILAH ADANI","BOOSTER AGT 2026 - ACCS","BL","35.8.20260802.1","10457749","25,000"
"177063","NABILAH ADANI","SPECIAL","BF","U35.13.20260802.21","10490258","25,000"
"177063","NABILAH ADANI","SPECIAL","BF","U35.6.20260802.13","10632060","45,000"
"177063","NABILAH ADANI","SPECIAL","BF","U35.8.20260805.8","10607910","45,000"
"177063","NABILAH ADANI","REGULER","BQ","35.13.20260806.1","10607958","10,000"
"177063","NABILAH ADANI","SPECIAL","BJ","35.7.20260806.10","10602648","10,000"
"177063","NABILAH ADANI","SPECIAL","BJ","35.7.20260806.10","10602850","10,000"
"177063","NABILAH ADANI","SPECIAL","BJ","35.7.20260806.10","10642987","25,000"
"177063","NABILAH ADANI","SPECIAL","BJ","35.7.20260806.10","10676760","30,000"
"177063","NABILAH ADANI","SPECIAL","BJ","35.7.20260806.10","10602851","3,000"
"177063","NABILAH ADANI","REGULER","BK","35.8.20260806.14","10212798","2,400"
"177063","NABILAH ADANI","REGULER","BM","35.8.20260806.24","10595794","2,000"
"177063","NABILAH ADANI","REGULER","BL","35.6.20260807.3","10516803","1,000"
"177063","NABILAH ADANI","REGULER","BL","35.6.20260807.3","10516811","1,000"
"177063","NABILAH ADANI","REGULER","BO","35.78.20260807.38","10567933","0"
"177063","NABILAH ADANI","SPECIAL","BN","35.8.20260807.8","10609942","10,000"
"177063","NABILAH ADANI","REGULER","BB","U35.6.20260807.8","10622189","20,000"
"177063","NABILAH ADANI","REGULER","BF","U35.6.20260807.8","10629265","50,000"
"177063","NABILAH ADANI","REGULER","BI","U35.6.20260807.8","10500625","14,400"
"177063","NABILAH ADANI","REGULER","BN","35.7.20260808.20","10496246","3,000"
"177063","NABILAH ADANI","REGULER","BN","35.7.20260808.20","10263752","1,000"
"177063","NABILAH ADANI","REGULER","BN","35.7.20260808.20","10687033","3,000"
"177063","NABILAH ADANI","REGULER","BQ","U35.4.20260808.17","10703842","80,000"
"177063","NABILAH ADANI","REGULER","BD","35.3.20260810.10","10425283","1,000"
"177063","NABILAH ADANI","REGULER","BN","35.3.20260810.10","10187945","4,000"
"177063","NABILAH ADANI","REGULER","BM","35.3.20260810.5","10161712","4,000"
"177063","NABILAH ADANI","REGULER","BK","35.6.20260810.17","10669974","3,600"
"177063","NABILAH ADANI","REGULER","BP","U35.10.20260810.1","10678592","48,000"
"177063","NABILAH ADANI","REGULER","BM","U35.10.20260810.1","10420957","2,000"
"177063","NABILAH ADANI","REGULER","BQ","U35.8.20260810.2","10642396","9,000"
"177063","NABILAH ADANI","REGULER","BK","U35.8.20260810.2","10367684","7,200"
"177063","NABILAH ADANI","REGULER","BM","35.7.20260812.16","10493993","2,000"
"177063","NABILAH ADANI","REGULER","BO","35.78.20260812.77","10644142","1,000"
"177063","NABILAH ADANI","REGULER","BL","35.10.20260813.6","10276080","20,000"
"177063","NABILAH ADANI","BOOSTER AGT 2026 - ACCS","BL","35.10.20260813.6","10276080","75,000"
"177063","NABILAH ADANI","REGULER","BK","35.6.20260815.38","10689135","12,000"
"177063","NABILAH ADANI","BOOSTER AGT 2026 - ACCS","BK","35.6.20260815.38","10689135","25,000"
"177063","NABILAH ADANI","SPECIAL","BL","U35.3.20260815.11","10501869","50,000"
"177063","NABILAH ADANI","BOOSTER AGT 2026 - ACCS","BL","U35.3.20260815.11","10501869","75,000"
"177063","NABILAH ADANI","REGULER","BD","U35.3.20260815.9","10705597","55,000"
"177063","NABILAH ADANI","KHUSUS","BA","U35.3.20260815.9","10580599","316,204"
"177063","NABILAH ADANI","SPECIAL","BD","U35.3.20260815.9","10655961","200,000"
"177063","NABILAH ADANI","SPECIAL","BB","U35.3.20260815.9","10556503","100,000"
"177063","NABILAH ADANI","REGULER","BI","U35.4.20260815.7","10595440","15,600"
"177063","NABILAH ADANI","SPECIAL","BJ","35.13.20260816.37","10180836","12,000"
"177063","NABILAH ADANI","REGULER","BR","35.13.20260821.1","","10,500"
"177063","NABILAH ADANI","REGULER","BO","35.3.20260821.4","10569269","3,000"
"177063","NABILAH ADANI","REGULER","BN","35.3.20260821.4","10554023","2,000"
"177063","NABILAH ADANI","REGULER","BK","35.78.20260821.26","10648277","2,400"
"177063","NABILAH ADANI","REGULER","BK","35.78.20260821.39","10397677","1,200"
"177063","NABILAH ADANI","REGULER","BD","U35.3.20260821.2","10580404","25,000"
"177063","NABILAH ADANI","REGULER","BE","U35.3.20260821.2","10552509","8,000"
"177063","NABILAH ADANI","REGULER","BK","35.10.20260823.42","10607410","2,400"
"177063","NABILAH ADANI","REGULER","BJ","35.3.20260823.8","10643568","4,000"
"177063","NABILAH ADANI","REGULER","BI","35.4.20260823.8","10641556","8,400"
"177063","NABILAH ADANI","REGULER","BF","U35.10.20260823.17","10613343","18,000"
"177063","NABILAH ADANI","REGULER","BB","U35.10.20260823.17","10671376","25,000"
"177063","NABILAH ADANI","REGULER","BF","U35.13.20260823.3","10507590","16,000"
"177063","NABILAH ADANI","REGULER","BK","35.8.20260825.5","10325597","1,200"
"177063","NABILAH ADANI","REGULER","BK","35.8.20260825.5","10187616","10,800"
"177063","NABILAH ADANI","REGULER","BK","35.8.20260825.5","10484587","2,400"
"177063","NABILAH ADANI","BOOSTER AGT 2026 - ACCS","BK","35.8.20260825.5","10187616",""
"177063","NABILAH ADANI","BOOSTER AGT 2026 - ACCS","BK","35.8.20260825.5","10325597",""
"177063","NABILAH ADANI","BOOSTER AGT 2026 - ACCS","BK","35.8.20260825.5","10484587",""
"177063","NABILAH ADANI","REGULER","BR","U35.3.20260825.28","10340612","30,000"
"177063","NABILAH ADANI","REGULER","BB","U35.7.20260825.13","10442013","20,000"
"177063","NABILAH ADANI","REGULER","BB","U35.7.20260825.13","10522774","6,000"
"177063","NABILAH ADANI","REGULER","BB","U35.7.20260825.13","10442014","30,000"
"177063","NABILAH ADANI","REGULER","BP","U35.7.20260825.13","10090064","108,000"
"177063","NABILAH ADANI","REGULER","BI","U35.7.20260825.13","10418303","16,800"
"177063","NABILAH ADANI","REGULER","BN","35.7.20260826.12","10636368","2,000"
"177063","NABILAH ADANI","REGULER","BM","35.13.20260827.5","10493991","18,000"
"177063","NABILAH ADANI","BOOSTER AGT 2026 - ACCS","BM","35.13.20260827.5","10493991","50,000"
"177063","NABILAH ADANI","REGULER","BK","35.8.20260827.1","10431563","6,000"
"177063","NABILAH ADANI","REGULER","BR","U35.13.20260827.1","10275775","427,500"
"177063","NABILAH ADANI","REGULER","BM","35.3.20260828.5","10493991","2,000"
"177063","NABILAH ADANI","REGULER","BK","35.6.20260828.3","10664249","2,400"
"177063","NABILAH ADANI","REGULER","BK","35.8.20260828.13","10453978","0"
"177063","NABILAH ADANI","REGULER","BK","35.8.20260828.14","10137025","1,200"
"177063","NABILAH ADANI","REGULER","BK","35.8.20260828.14","10137024","1,200"
"177063","NABILAH ADANI","BOOSTER AGT 2026 - ACCS","BK","35.8.20260828.14","10137024",""
"177063","NABILAH ADANI","BOOSTER AGT 2026 - ACCS","BK","35.8.20260828.14","10137025",""
"177063","NABILAH ADANI","BOOSTER AGT 2026 - ACCS","BK","35.8.20260828.14","10562182",""
"177063","NABILAH ADANI","BOOSTER AGT 2026 - ACCS","BK","35.8.20260828.14","10597285",""
"177063","NABILAH ADANI","BOOSTER AGT 2026 - ACCS","BK","35.8.20260828.14","",""
"177063","NABILAH ADANI","BOOSTER AGT 2026 - ACCS","BK","35.8.20260828.14","",""
"177063","NABILAH ADANI","BOOSTER AGT 2026 - ACCS","BK","35.8.20260828.14","",""
"177063","NABILAH ADANI","REGULER","BK","35.8.20260828.15","10604480","3,600"
"177063","NABILAH ADANI","REGULER","BK","35.8.20260828.15","10542782","1,200"
"177063","NABILAH ADANI","REGULER","BK","U35.8.20260828.4","10447768","15,600"
"177063","NABILAH ADANI","BOOSTER AGT 2026 - ACCS","BK","U35.8.20260828.4","10447768","25,000"
"177063","NABILAH ADANI","REGULER","BC","U35.6.20260830.9","10684472","45,000"
"172644","SADAM AL FAYED","REGULER","BK","35.6.20260801.39","10548858","6,000"
"172644","SADAM AL FAYED","REGULER","BK","35.6.20260801.39","10453975","2,400"
"172644","SADAM AL FAYED","BOOSTER AGT 2026 - ACCS","BK","35.6.20260801.39","10216603",""
"172644","SADAM AL FAYED","BOOSTER AGT 2026 - ACCS","BK","35.6.20260801.39","10453975",""
"172644","SADAM AL FAYED","BOOSTER AGT 2026 - ACCS","BK","35.6.20260801.39","10458022",""
"172644","SADAM AL FAYED","BOOSTER AGT 2026 - ACCS","BK","35.6.20260801.39","10548858",""
"172644","SADAM AL FAYED","BOOSTER AGT 2026 - ACCS","BK","35.6.20260801.39","10570313",""
"172644","SADAM AL FAYED","REGULER","BK","35.8.20260801.7","10212798","2,400"
"172644","SADAM AL FAYED","REGULER","BB","U35.8.20260801.3","10593094","25,000"
"172644","SADAM AL FAYED","REGULER","BM","U35.8.20260801.3","10604375","8,000"
"172644","SADAM AL FAYED","BOOSTER AGT 2026 - ACCS","BM","U35.8.20260801.3","10569958",""
"172644","SADAM AL FAYED","BOOSTER AGT 2026 - ACCS","BM","U35.8.20260801.3","10604375",""
"172644","SADAM AL FAYED","REGULER","BL","35.6.20260803.4","10532040","5,000"
"172644","SADAM AL FAYED","REGULER","BL","35.6.20260803.4","10532039","5,000"
"172644","SADAM AL FAYED","REGULER","BL","35.6.20260803.4","10532038","13,000"
"172644","SADAM AL FAYED","REGULER","BL","35.6.20260803.4","10532042","16,000"
"172644","SADAM AL FAYED","REGULER","BL","35.6.20260803.4","10532041","8,000"
"172644","SADAM AL FAYED","BOOSTER AGT 2026 - ACCS","BL","35.6.20260803.4","10532038",""
"172644","SADAM AL FAYED","BOOSTER AGT 2026 - ACCS","BL","35.6.20260803.4","10532039",""
"172644","SADAM AL FAYED","BOOSTER AGT 2026 - ACCS","BL","35.6.20260803.4","10532040",""
"172644","SADAM AL FAYED","BOOSTER AGT 2026 - ACCS","BL","35.6.20260803.4","10532041",""
"172644","SADAM AL FAYED","BOOSTER AGT 2026 - ACCS","BL","35.6.20260803.4","10532042",""
"172644","SADAM AL FAYED","REGULER","BK","35.6.20260803.7","10453976","2,400"
"172644","SADAM AL FAYED","SPECIAL","BD","U35.10.20260803.5","10229358","250,000"
"172644","SADAM AL FAYED","BOOSTER AGT 2026 - FURNI","BD","U35.10.20260803.5","10229358","50,000"
"172644","SADAM AL FAYED","REGULER","BO","35.6.20260804.12","10594047","9,000"
"172644","SADAM AL FAYED","KHUSUS","BB","35.6.20260804.12","10529476","17,561"
"172644","SADAM AL FAYED","REGULER","BP","U35.13.20260806.1","10098317","30,000"
"172644","SADAM AL FAYED","REGULER","BP","U35.13.20260806.1","10598023","14,400"
"172644","SADAM AL FAYED","REGULER","BN","35.7.20260807.7","10187945","2,000"
"172644","SADAM AL FAYED","REGULER","BK","35.10.20260809.29","10541975","14,400"
"172644","SADAM AL FAYED","REGULER","BK","35.10.20260809.29","10702967","16,800"
"172644","SADAM AL FAYED","BOOSTER AGT 2026 - ACCS","BK","35.10.20260809.29","10488972",""
"172644","SADAM AL FAYED","BOOSTER AGT 2026 - ACCS","BK","35.10.20260809.29","10541975",""
"172644","SADAM AL FAYED","BOOSTER AGT 2026 - ACCS","BK","35.10.20260809.29","10702967",""
"172644","SADAM AL FAYED","REGULER","BN","35.7.20260809.14","10547511","3,000"
"172644","SADAM AL FAYED","REGULER","BB","U35.10.20260809.11","10593093","25,000"
"172644","SADAM AL FAYED","REGULER","BM","35.3.20260811.10","10427402","1,000"
"172644","SADAM AL FAYED","REGULER","BN","35.3.20260811.10","10630362","3,000"
"172644","SADAM AL FAYED","SPECIAL","BN","35.3.20260811.9","10485966","5,000"
"172644","SADAM AL FAYED","REGULER","BM","35.6.20260813.18","10077743","1,000"
"172644","SADAM AL FAYED","BOOSTER AGT 2026 - ACCS","BK","35.6.20260813.30","10061434",""
"172644","SADAM AL FAYED","BOOSTER AGT 2026 - ACCS","BK","35.6.20260813.30","10349945",""
"172644","SADAM AL FAYED","BOOSTER AGT 2026 - ACCS","BK","35.6.20260813.30","10455719",""
"172644","SADAM AL FAYED","BOOSTER AGT 2026 - ACCS","BK","35.6.20260813.30","",""
"172644","SADAM AL FAYED","BOOSTER AGT 2026 - ACCS","BK","35.6.20260813.30","",""
"172644","SADAM AL FAYED","BOOSTER AGT 2026 - ACCS","BK","35.6.20260813.30","",""
"172644","SADAM AL FAYED","BOOSTER AGT 2026 - ACCS","BK","35.6.20260813.30","",""
"172644","SADAM AL FAYED","REGULER","BK","35.6.20260817.45","10698138","3,600"
"172644","SADAM AL FAYED","REGULER","BB","U35.10.20260817.20","10195984","25,000"
"172644","SADAM AL FAYED","REGULER","BB","U35.10.20260817.21","10573847","10,000"
"172644","SADAM AL FAYED","KHUSUS","BA","U35.10.20260817.21","10215532","104,495"
"172644","SADAM AL FAYED","REGULER","BO","35.10.20260818.3","10543814","1,000"
"172644","SADAM AL FAYED","REGULER","BB","U35.10.20260818.2","10591162","11,000"
"172644","SADAM AL FAYED","REGULER","BP","U35.4.20260818.8","10672451","14,400"
"172644","SADAM AL FAYED","SPECIAL","BJ","35.13.20260820.1","","3,000"
"172644","SADAM AL FAYED","SPECIAL","BJ","35.13.20260820.1","10603212","75,000"
"172644","SADAM AL FAYED","REGULER","BK","35.6.20260820.5","10149589","4,800"
"172644","SADAM AL FAYED","REGULER","BN","35.7.20260820.19","10054313","0"
"172644","SADAM AL FAYED","REGULER","BM","35.78.20260820.23","10659342","1,000"
"172644","SADAM AL FAYED","REGULER","BK","35.78.20260820.24","10457868","2,400"
"172644","SADAM AL FAYED","REGULER","BP","U35.4.20260820.4","10625063","21,600"
"172644","SADAM AL FAYED","REGULER","BP","35.3.20260822.25","10625056","10,800"
"172644","SADAM AL FAYED","REGULER","BB","35.3.20260822.25","10670940","9,000"
"172644","SADAM AL FAYED","SPECIAL","BN","35.3.20260822.25","10631399","5,000"
"172644","SADAM AL FAYED","REGULER","BB","U35.3.20260822.14","10622186","18,000"
"172644","SADAM AL FAYED","REGULER","BR","U35.6.20260822.8","10471876","27,000"
"172644","SADAM AL FAYED","BOOSTER AGT 2026 - ACCS","BK","35.3.20260823.47","",""
"172644","SADAM AL FAYED","BOOSTER AGT 2026 - ACCS","BK","35.3.20260823.47","",""
"172644","SADAM AL FAYED","BOOSTER AGT 2026 - ACCS","BK","35.3.20260823.47","",""
"172644","SADAM AL FAYED","REGULER","BK","35.6.20260823.51","10597287","12,000"
"172644","SADAM AL FAYED","BOOSTER AGT 2026 - ACCS","BK","35.6.20260823.51","10597287","25,000"
"172644","SADAM AL FAYED","REGULER","BK","35.8.20260823.24","10212798","2,400"
"172644","SADAM AL FAYED","REGULER","BL","35.8.20260823.32","10706237","2,000"
"172644","SADAM AL FAYED","REGULER","BI","35.4.20260825.43","","2,400"
"172644","SADAM AL FAYED","REGULER","BI","35.4.20260825.43","10569972","2,400"
"172644","SADAM AL FAYED","REGULER","BI","35.4.20260825.43","10569971","2,400"
"172644","SADAM AL FAYED","REGULER","BI","35.4.20260825.43","","2,400"
"172644","SADAM AL FAYED","REGULER","BM","35.6.20260825.28","10423377","1,000"
"172644","SADAM AL FAYED","REGULER","BO","35.7.20260825.33","10565505","1,000"
"172644","SADAM AL FAYED","REGULER","BK","35.8.20260825.31","10542771","2,400"
"172644","SADAM AL FAYED","BOOSTER AGT 2026 - ACCS","BK","35.8.20260825.31","10542771",""
"172644","SADAM AL FAYED","BOOSTER AGT 2026 - ACCS","BK","35.8.20260825.31","10568699",""
"172644","SADAM AL FAYED","BOOSTER AGT 2026 - ACCS","BK","35.8.20260825.31","10602183",""
"172644","SADAM AL FAYED","BOOSTER AGT 2026 - ACCS","BK","35.8.20260825.31","",""
"172644","SADAM AL FAYED","BOOSTER AGT 2026 - ACCS","BK","35.8.20260825.31","",""
"172644","SADAM AL FAYED","SPECIAL","BL","U35.10.20260825.3","10690163","150,000"
"172644","SADAM AL FAYED","BOOSTER AGT 2026 - ACCS","BL","U35.10.20260825.3","10690163","200,000"
"172644","SADAM AL FAYED","REGULER","BQ","U35.4.20260825.21","10468600","12,000"
"172644","SADAM AL FAYED","REGULER","BB","U35.8.20260825.16","10573845","3,000"
"172644","SADAM AL FAYED","REGULER","BR","U35.8.20260825.16","10686592","18,000"
"172644","SADAM AL FAYED","KHUSUS","BA","U35.8.20260825.22","10662948","131,514"
"172644","SADAM AL FAYED","SPECIAL","BN","35.3.20260827.2","10624351","5,000"
"172644","SADAM AL FAYED","REGULER","BK","35.7.20260827.19","10545975","8,400"
"172644","SADAM AL FAYED","REGULER","BM","35.7.20260827.19","10595794","1,000"
"172644","SADAM AL FAYED","SPECIAL","BL","35.7.20260827.19","10633450","20,000"
"172644","SADAM AL FAYED","BOOSTER AGT 2026 - ACCS","BK","35.7.20260827.19","10545975","25,000"
"172644","SADAM AL FAYED","BOOSTER AGT 2026 - ACCS","BL","35.7.20260827.19","10633450","25,000"
"172644","SADAM AL FAYED","REGULER","BQ","U35.10.20260827.4","10499727","140,000"
"172644","SADAM AL FAYED","REGULER","BR","U35.4.20260827.19","","19,500"
"172644","SADAM AL FAYED","REGULER","BR","U35.4.20260827.19","10624524","67,500"
"172644","SADAM AL FAYED","REGULER","BR","U35.4.20260827.19","","90,000"
"172644","SADAM AL FAYED","REGULER","BP","35.13.20260828.4","10672451","14,400"
"172644","SADAM AL FAYED","REGULER","BB","35.3.20260828.4","10350225","10,000"
"172644","SADAM AL FAYED","REGULER","BM","35.6.20260828.10","10593569","2,000"
"172644","SADAM AL FAYED","REGULER","BK","35.8.20260828.10","10397679","2,400"
"172644","SADAM AL FAYED","SPECIAL","BJ","35.8.20260828.10","10695142","2,000"
"172644","SADAM AL FAYED","REGULER","BL","35.8.20260828.14","10506529","5,000"
"172644","SADAM AL FAYED","SPECIAL","BL","35.8.20260828.14","10633450","20,000"
"172644","SADAM AL FAYED","BOOSTER AGT 2026 - ACCS","BL","35.8.20260828.14","10506529",""
"172644","SADAM AL FAYED","BOOSTER AGT 2026 - ACCS","BL","35.8.20260828.14","10633450",""
"172644","SADAM AL FAYED","REGULER","BL","35.8.20260828.15","10655621","13,000"
"172644","SADAM AL FAYED","REGULER","BL","35.8.20260828.15","10506529","5,000"
"172644","SADAM AL FAYED","BOOSTER AGT 2026 - ACCS","BL","35.8.20260828.15","10506529",""
"172644","SADAM AL FAYED","BOOSTER AGT 2026 - ACCS","BL","35.8.20260828.15","10655621",""
"172644","SADAM AL FAYED","REGULER","BL","35.8.20260828.16","10503171","1,000"
"172644","SADAM AL FAYED","REGULER","BL","35.8.20260828.16","10488930","5,000"
"172644","SADAM AL FAYED","BOOSTER AGT 2026 - ACCS","BL","35.8.20260828.16","10488930",""
"172644","SADAM AL FAYED","BOOSTER AGT 2026 - ACCS","BL","35.8.20260828.16","10503171",""
"172644","SADAM AL FAYED","REGULER","BP","U35.8.20260828.2","10098766","30,000"
"172644","SADAM AL FAYED","SPECIAL","BE","U35.8.20260828.2","10699327","195,000"
"172644","SADAM AL FAYED","BOOSTER AGT 2026 - FURNI","BE","U35.8.20260828.2","10699327","50,000"
"172644","SADAM AL FAYED","REGULER","BC","U35.8.20260828.4","10663091","40,000"
"172644","SADAM AL FAYED","REGULER","BI","35.4.20260829.2","10419569","1,200"
"172644","SADAM AL FAYED","REGULER","BP","U35.8.20260829.4","10672450","21,600"
"172644","SADAM AL FAYED","REGULER","BK","35.6.20260830.56","10631394","4,800"
"172644","SADAM AL FAYED","BOOSTER AGT 2026 - ACCS","BK","35.6.20260830.56","10631394",""
"172644","SADAM AL FAYED","BOOSTER AGT 2026 - ACCS","BK","35.6.20260830.56","",""
"172644","SADAM AL FAYED","REGULER","BD","U35.8.20260830.13","10685785","35,000"
"193309","WILFRIDA DWI APRIANA TURNIP","REGULER","BN","35.10.20260801.15","10137002","1,000"
"193309","WILFRIDA DWI APRIANA TURNIP","REGULER","BM","35.10.20260801.32","10595794","2,000"
"193309","WILFRIDA DWI APRIANA TURNIP","REGULER","BM","35.10.20260801.4","10595794","2,000"
"193309","WILFRIDA DWI APRIANA TURNIP","REGULER","BO","35.8.20260801.18","10569260","3,000"
"193309","WILFRIDA DWI APRIANA TURNIP","REGULER","BO","35.6.20260802.9","10666060","2,000"
"193309","WILFRIDA DWI APRIANA TURNIP","SPECIAL","BF","U35.13.20260802.1","10449452","50,000"
"193309","WILFRIDA DWI APRIANA TURNIP","REGULER","DB","35.10.20260804.5","10680471","16,500"
"193309","WILFRIDA DWI APRIANA TURNIP","BOOSTER AGT 2026 - ACCS","DB","35.10.20260804.5","10680471","30,000"
"193309","WILFRIDA DWI APRIANA TURNIP","REGULER","BP","U35.13.20260805.1","10672450","21,600"
"193309","WILFRIDA DWI APRIANA TURNIP","REGULER","BQ","U35.13.20260807.1","10410102","35,000"
"193309","WILFRIDA DWI APRIANA TURNIP","REGULER","BE","U35.6.20260807.1","10646957","40,000"
"193309","WILFRIDA DWI APRIANA TURNIP","REGULER","BK","U35.6.20260807.1","10575252","13,200"
"193309","WILFRIDA DWI APRIANA TURNIP","BOOSTER AGT 2026 - ACCS","BK","U35.6.20260807.1","10575252","25,000"
"193309","WILFRIDA DWI APRIANA TURNIP","REGULER","BO","35.10.20260808.4","10552478","1,000"
"193309","WILFRIDA DWI APRIANA TURNIP","REGULER","BK","35.6.20260808.25","10641847","13,200"
"193309","WILFRIDA DWI APRIANA TURNIP","BOOSTER AGT 2026 - ACCS","BK","35.6.20260808.25","10641847","25,000"
"193309","WILFRIDA DWI APRIANA TURNIP","REGULER","BB","U35.3.20260809.14","10442074","13,000"
"193309","WILFRIDA DWI APRIANA TURNIP","REGULER","BD","U35.3.20260809.14","10564573","14,000"
"193309","WILFRIDA DWI APRIANA TURNIP","SPECIAL","BE","U35.3.20260809.14","10617983","160,000"
"193309","WILFRIDA DWI APRIANA TURNIP","SPECIAL","BL","U35.3.20260809.14","10624947","20,000"
"193309","WILFRIDA DWI APRIANA TURNIP","BOOSTER AGT 2026 - ACCS","BL","U35.3.20260809.14","10624947","25,000"
"193309","WILFRIDA DWI APRIANA TURNIP","REGULER","BM","35.10.20260811.4","10477919","2,000"
"193309","WILFRIDA DWI APRIANA TURNIP","REGULER","BG","35.4.20260811.1","10022136","3,000"
"193309","WILFRIDA DWI APRIANA TURNIP","REGULER","BO","35.4.20260811.1","10599270","1,000"
"193309","WILFRIDA DWI APRIANA TURNIP","REGULER","DB","35.8.20260811.10","10630934","7,500"
"193309","WILFRIDA DWI APRIANA TURNIP","REGULER","DB","35.8.20260811.10","10630935","16,500"
"193309","WILFRIDA DWI APRIANA TURNIP","BOOSTER AGT 2026 - ACCS","DB","35.8.20260811.10","10630934",""
"193309","WILFRIDA DWI APRIANA TURNIP","BOOSTER AGT 2026 - ACCS","DB","35.8.20260811.10","10630935",""
"193309","WILFRIDA DWI APRIANA TURNIP","SPECIAL","BJ","35.3.20260813.5","10708018","25,000"
"193309","WILFRIDA DWI APRIANA TURNIP","SPECIAL","BJ","35.3.20260813.5","10708008","25,000"
"193309","WILFRIDA DWI APRIANA TURNIP","SPECIAL","BJ","35.3.20260813.5","10568163","8,000"
"193309","WILFRIDA DWI APRIANA TURNIP","SPECIAL","BJ","35.3.20260813.5","10470621","5,000"
"193309","WILFRIDA DWI APRIANA TURNIP","REGULER","BB","U35.3.20260813.1","10409410","18,000"
"193309","WILFRIDA DWI APRIANA TURNIP","REGULER","BD","U35.3.20260813.1","10578760","20,000"
"193309","WILFRIDA DWI APRIANA TURNIP","REGULER","BF","U35.3.20260813.1","10571557","18,000"
"193309","WILFRIDA DWI APRIANA TURNIP","REGULER","BC","U35.3.20260813.1","","40,000"
"193309","WILFRIDA DWI APRIANA TURNIP","REGULER","BD","U35.3.20260813.1","10612732","5,000"
"193309","WILFRIDA DWI APRIANA TURNIP","REGULER","BM","U35.3.20260813.1","10523859","2,000"
"193309","WILFRIDA DWI APRIANA TURNIP","REGULER","BF","U35.3.20260813.1","10313419","10,000"
"193309","WILFRIDA DWI APRIANA TURNIP","KHUSUS","BA","U35.3.20260813.1","10614281","202,689"
"193309","WILFRIDA DWI APRIANA TURNIP","SPECIAL","BD","U35.3.20260813.1","10445245","150,000"
"193309","WILFRIDA DWI APRIANA TURNIP","SPECIAL","BG","U35.3.20260813.1","10577268","80,000"
"193309","WILFRIDA DWI APRIANA TURNIP","BOOSTER AGT 2026 - FURNI","BD","U35.3.20260813.1","10445245","50,000"
"193309","WILFRIDA DWI APRIANA TURNIP","REGULER","BL","35.6.20260816.3","10701491","5,000"
"193309","WILFRIDA DWI APRIANA TURNIP","REGULER","BF","U35.13.20260816.27","10413262","8,000"
"193309","WILFRIDA DWI APRIANA TURNIP","REGULER","BF","U35.13.20260816.27","10571550","16,000"
"193309","WILFRIDA DWI APRIANA TURNIP","SPECIAL","BG","U35.13.20260816.27","10607764","10,000"
"193309","WILFRIDA DWI APRIANA TURNIP","REGULER","BL","U35.6.20260816.1","10550394","3,000"
"193309","WILFRIDA DWI APRIANA TURNIP","REGULER","BD","U35.6.20260816.1","10183339","17,000"
"193309","WILFRIDA DWI APRIANA TURNIP","REGULER","BB","U35.6.20260816.1","10573845","3,000"
"193309","WILFRIDA DWI APRIANA TURNIP","REGULER","BF","U35.6.20260816.2","10507585","13,000"
"193309","WILFRIDA DWI APRIANA TURNIP","REGULER","BF","U35.6.20260816.2","10313418","8,000"
"193309","WILFRIDA DWI APRIANA TURNIP","SPECIAL","BJ","U35.6.20260816.2","10568163","8,000"
"193309","WILFRIDA DWI APRIANA TURNIP","SPECIAL","BG","U35.6.20260816.2","10577267","50,000"
"193309","WILFRIDA DWI APRIANA TURNIP","SPECIAL","BJ","U35.6.20260816.2","10708013","25,000"
"193309","WILFRIDA DWI APRIANA TURNIP","REGULER","BK","U35.8.20260816.14","10547588","2,400"
"193309","WILFRIDA DWI APRIANA TURNIP","SPECIAL","BH","U35.8.20260816.14","10471428","50,000"
"193309","WILFRIDA DWI APRIANA TURNIP","REGULER","BK","35.10.20260817.20","10639316","21,600"
"193309","WILFRIDA DWI APRIANA TURNIP","REGULER","BK","35.10.20260817.20","10639314","3,600"
"193309","WILFRIDA DWI APRIANA TURNIP","BOOSTER AGT 2026 - ACCS","BK","35.10.20260817.20","10639314",""
"193309","WILFRIDA DWI APRIANA TURNIP","BOOSTER AGT 2026 - ACCS","BK","35.10.20260817.20","10639316",""
"193309","WILFRIDA DWI APRIANA TURNIP","REGULER","BK","35.10.20260817.21","10600993","1,200"
"193309","WILFRIDA DWI APRIANA TURNIP","REGULER","BK","35.10.20260817.21","10600995","6,000"
"193309","WILFRIDA DWI APRIANA TURNIP","REGULER","BK","35.10.20260817.22","10639321","7,200"
"193309","WILFRIDA DWI APRIANA TURNIP","REGULER","BK","35.10.20260817.23","10589700","12,000"
"193309","WILFRIDA DWI APRIANA TURNIP","REGULER","BL","35.10.20260817.23","10698328","16,000"
"193309","WILFRIDA DWI APRIANA TURNIP","REGULER","BK","35.10.20260817.23","10600997","13,200"
"193309","WILFRIDA DWI APRIANA TURNIP","BOOSTER AGT 2026 - ACCS","BK","35.10.20260817.23","10589700",""
"193309","WILFRIDA DWI APRIANA TURNIP","BOOSTER AGT 2026 - ACCS","BK","35.10.20260817.23","10600997",""
"193309","WILFRIDA DWI APRIANA TURNIP","BOOSTER AGT 2026 - ACCS","BL","35.10.20260817.23","10698328","50,000"
"193309","WILFRIDA DWI APRIANA TURNIP","REGULER","BN","35.3.20260817.4","10069765","3,000"
"193309","WILFRIDA DWI APRIANA TURNIP","REGULER","BN","35.3.20260817.4","10445743","4,000"
"193309","WILFRIDA DWI APRIANA TURNIP","REGULER","BN","35.3.20260817.4","10045444","2,000"
"193309","WILFRIDA DWI APRIANA TURNIP","SPECIAL","BN","35.3.20260817.4","10606803","5,000"
"193309","WILFRIDA DWI APRIANA TURNIP","REGULER","BM","35.6.20260817.26","10332140","12,000"
"193309","WILFRIDA DWI APRIANA TURNIP","BOOSTER AGT 2026 - ACCS","BM","35.6.20260817.26","10332140","25,000"
"193309","WILFRIDA DWI APRIANA TURNIP","REGULER","BL","35.10.20260818.6","10457016","7,000"
"193309","WILFRIDA DWI APRIANA TURNIP","BOOSTER AGT 2026 - ACCS","BL","35.10.20260818.6","10457016","25,000"
"193309","WILFRIDA DWI APRIANA TURNIP","REGULER","BM","35.10.20260820.2","10077743","1,000"
"193309","WILFRIDA DWI APRIANA TURNIP","REGULER","BK","35.7.20260820.14","10453977","0"
"193309","WILFRIDA DWI APRIANA TURNIP","REGULER","BN","35.7.20260820.27","10452139","2,000"
"193309","WILFRIDA DWI APRIANA TURNIP","REGULER","BD","35.7.20260820.27","10612730","5,000"
"193309","WILFRIDA DWI APRIANA TURNIP","SPECIAL","BN","35.7.20260820.27","10667683","6,000"
"193309","WILFRIDA DWI APRIANA TURNIP","REGULER","BQ","U35.13.20260820.7","10666133","10,000"
"193309","WILFRIDA DWI APRIANA TURNIP","REGULER","BQ","U35.13.20260820.7","10666134","10,000"
"193309","WILFRIDA DWI APRIANA TURNIP","SPECIAL","BJ","35.4.20260822.5","10597135","4,000"
"193309","WILFRIDA DWI APRIANA TURNIP","REGULER","BC","U35.6.20260822.6","10293952","55,000"
"193309","WILFRIDA DWI APRIANA TURNIP","REGULER","BL","U35.8.20260822.9","10698328","30,000"
"193309","WILFRIDA DWI APRIANA TURNIP","REGULER","BQ","U35.8.20260822.9","10636492","65,000"
"193309","WILFRIDA DWI APRIANA TURNIP","BOOSTER AGT 2026 - ACCS","BL","U35.8.20260822.9","10698328","100,000"
"193309","WILFRIDA DWI APRIANA TURNIP","REGULER","BM","35.10.20260824.4","10493989","2,000"
"193309","WILFRIDA DWI APRIANA TURNIP","REGULER","BO","35.10.20260824.9","10506860","0"
"193309","WILFRIDA DWI APRIANA TURNIP","REGULER","BO","35.10.20260824.9","10637801","4,000"
"193309","WILFRIDA DWI APRIANA TURNIP","REGULER","BM","U35.6.20260824.2","10593568","4,000"
"193309","WILFRIDA DWI APRIANA TURNIP","KHUSUS","BA","U35.6.20260824.2","10659558","157,649"
"193309","WILFRIDA DWI APRIANA TURNIP","SPECIAL","BL","U35.6.20260824.2","10571379","70,000"
"193309","WILFRIDA DWI APRIANA TURNIP","BOOSTER AGT 2026 - ACCS","BL","U35.6.20260824.2","10150083",""
"193309","WILFRIDA DWI APRIANA TURNIP","BOOSTER AGT 2026 - ACCS","BL","U35.6.20260824.2","10571379",""
"193309","WILFRIDA DWI APRIANA TURNIP","BOOSTER AGT 2026 - ACCS","BL","U35.6.20260824.2","10676242",""
"193309","WILFRIDA DWI APRIANA TURNIP","REGULER","BM","U35.10.20260825.7","10582557","2,000"
"193309","WILFRIDA DWI APRIANA TURNIP","REGULER","BF","U35.10.20260825.7","10507587","14,000"
"193309","WILFRIDA DWI APRIANA TURNIP","REGULER","BB","U35.10.20260825.7","10670940","9,000"
"193309","WILFRIDA DWI APRIANA TURNIP","REGULER","BF","U35.10.20260825.7","10601784","9,000"
"193309","WILFRIDA DWI APRIANA TURNIP","REGULER","BB","U35.10.20260825.7","10622187","18,000"
"193309","WILFRIDA DWI APRIANA TURNIP","REGULER","BG","U35.10.20260825.7","10022135","2,000"
"193309","WILFRIDA DWI APRIANA TURNIP","REGULER","BF","U35.10.20260825.7","10616627","16,000"
"193309","WILFRIDA DWI APRIANA TURNIP","REGULER","BF","U35.10.20260825.7","10632061","30,000"
"193309","WILFRIDA DWI APRIANA TURNIP","KHUSUS","BA","U35.10.20260825.7","10375727","49,541"
"193309","WILFRIDA DWI APRIANA TURNIP","SPECIAL","BF","U35.10.20260825.7","10602206","25,000"
"193309","WILFRIDA DWI APRIANA TURNIP","SPECIAL","BF","U35.10.20260825.7","10708980","25,000"
"193309","WILFRIDA DWI APRIANA TURNIP","REGULER","BB","U35.13.20260825.1","10574600","18,000"
"193309","WILFRIDA DWI APRIANA TURNIP","SPECIAL","BG","U35.13.20260825.1","10607767","15,000"
"193309","WILFRIDA DWI APRIANA TURNIP","SPECIAL","BF","U35.13.20260825.1","10630376","30,000"
"193309","WILFRIDA DWI APRIANA TURNIP","REGULER","BK","U35.8.20260828.1","10668032","24,000"
"193309","WILFRIDA DWI APRIANA TURNIP","BOOSTER AGT 2026 - ACCS","BK","U35.8.20260828.1","10668032","50,000"
"193309","WILFRIDA DWI APRIANA TURNIP","SPECIAL","BJ","35.4.20260830.20","10610079","4,000"
"181680","MAHSYA IZDIHAR","SPECIAL","BJ","35.4.20260801.21","10664230","30,000"
"181680","MAHSYA IZDIHAR","REGULER","BK","U35.10.20260801.4","10698139","16,800"
"181680","MAHSYA IZDIHAR","REGULER","BK","U35.10.20260801.4","10665799","24,000"
"181680","MAHSYA IZDIHAR","BOOSTER AGT 2026 - ACCS","BK","U35.10.20260801.4","10665799","75,005"
"181680","MAHSYA IZDIHAR","BOOSTER AGT 2026 - ACCS","BK","U35.10.20260801.4","10698139","49,995"
"181680","MAHSYA IZDIHAR","REGULER","BO","35.10.20260803.13","10570197","1,000"
"181680","MAHSYA IZDIHAR","REGULER","BB","35.7.20260803.24","10350225","10,000"
"181680","MAHSYA IZDIHAR","REGULER","BL","35.6.20260804.8","10624938","17,000"
"181680","MAHSYA IZDIHAR","REGULER","BL","35.6.20260804.8","10488915","2,000"
"181680","MAHSYA IZDIHAR","BOOSTER AGT 2026 - ACCS","BL","35.6.20260804.8","10488915",""
"181680","MAHSYA IZDIHAR","BOOSTER AGT 2026 - ACCS","BL","35.6.20260804.8","10624938",""
"181680","MAHSYA IZDIHAR","REGULER","BL","35.6.20260806.16","10457749","5,000"
"181680","MAHSYA IZDIHAR","SPECIAL","BJ","35.6.20260806.24","10610087","4,000"
"181680","MAHSYA IZDIHAR","REGULER","BB","U35.8.20260808.20","10656093","13,000"
"181680","MAHSYA IZDIHAR","REGULER","BC","U35.8.20260808.20","10635421","40,000"
"181680","MAHSYA IZDIHAR","SPECIAL","BF","U35.4.20260809.14","10648126","150,000"
"181680","MAHSYA IZDIHAR","REGULER","BL","35.10.20260811.11","10551647","4,000"
"181680","MAHSYA IZDIHAR","SPECIAL","BF","U35.10.20260811.7","10332808","75,000"
"181680","MAHSYA IZDIHAR","REGULER","BD","U35.3.20260811.4","10633365","65,000"
"181680","MAHSYA IZDIHAR","SPECIAL","BG","U35.8.20260813.4","10607767","15,000"
"181680","MAHSYA IZDIHAR","REGULER","BL","35.10.20260815.45","10488929","8,000"
"181680","MAHSYA IZDIHAR","REGULER","BL","35.10.20260815.45","10624945","5,000"
"181680","MAHSYA IZDIHAR","BOOSTER AGT 2026 - ACCS","BL","35.10.20260815.45","10488929",""
"181680","MAHSYA IZDIHAR","BOOSTER AGT 2026 - ACCS","BL","35.10.20260815.45","10624945",""
"181680","MAHSYA IZDIHAR","SPECIAL","BJ","35.3.20260815.14","10614672","75,000"
"181680","MAHSYA IZDIHAR","SPECIAL","BJ","35.3.20260815.14","10515575","0"
"181680","MAHSYA IZDIHAR","SPECIAL","BE","U35.6.20260815.13","10617983","160,000"
"181680","MAHSYA IZDIHAR","REGULER","BD","U35.6.20260815.14","10564573","14,000"
"181680","MAHSYA IZDIHAR","REGULER","BC","U35.6.20260815.19","10686195","40,000"
"181680","MAHSYA IZDIHAR","REGULER","BC","U35.6.20260815.20","10617503","45,000"
"181680","MAHSYA IZDIHAR","REGULER","BN","35.7.20260816.31","10554023","2,000"
"181680","MAHSYA IZDIHAR","REGULER","BN","35.7.20260816.43","10547542","1,000"
"181680","MAHSYA IZDIHAR","REGULER","BL","35.8.20260816.26","10503171","2,000"
"181680","MAHSYA IZDIHAR","REGULER","BL","35.8.20260816.26","10676247","6,000"
"181680","MAHSYA IZDIHAR","BOOSTER AGT 2026 - ACCS","BL","35.8.20260816.26","10503171",""
"181680","MAHSYA IZDIHAR","BOOSTER AGT 2026 - ACCS","BL","35.8.20260816.26","10563799",""
"181680","MAHSYA IZDIHAR","BOOSTER AGT 2026 - ACCS","BL","35.8.20260816.26","10676247",""
"181680","MAHSYA IZDIHAR","REGULER","BM","35.8.20260817.14","10493989","2,000"
"181680","MAHSYA IZDIHAR","REGULER","BL","35.8.20260817.18","10515705","1,000"
"181680","MAHSYA IZDIHAR","REGULER","BK","35.8.20260817.31","10467781","8,400"
"181680","MAHSYA IZDIHAR","BOOSTER AGT 2026 - ACCS","BK","35.8.20260817.31","10467781","25,000"
"181680","MAHSYA IZDIHAR","REGULER","BA","U35.6.20260817.12","10681507","0"
"181680","MAHSYA IZDIHAR","KHUSUS","BA","U35.6.20260817.12","10681538","378,365"
"181680","MAHSYA IZDIHAR","KHUSUS","BA","U35.6.20260817.18","10519117","198,189"
"181680","MAHSYA IZDIHAR","REGULER","BB","U35.6.20260817.19","10618367","19,000"
"181680","MAHSYA IZDIHAR","SPECIAL","BL","35.4.20260819.10","10632129","50,000"
"181680","MAHSYA IZDIHAR","BOOSTER AGT 2026 - ACCS","BL","35.4.20260819.10","10632129","50,000"
"181680","MAHSYA IZDIHAR","REGULER","BN","35.7.20260819.4","10513431","6,000"
"181680","MAHSYA IZDIHAR","REGULER","BB","U35.4.20260819.3","10574600","18,000"
"181680","MAHSYA IZDIHAR","REGULER","BP","U35.4.20260819.3","10625060","12,000"
"181680","MAHSYA IZDIHAR","REGULER","BD","U35.7.20260819.2","10138337","1,000"
"181680","MAHSYA IZDIHAR","REGULER","BQ","U35.7.20260819.2","10666135","20,000"
"181680","MAHSYA IZDIHAR","REGULER","BD","U35.7.20260819.2","10612731","1,000"
"181680","MAHSYA IZDIHAR","BOOSTER AGT 2026 - ACCS","BK","35.10.20260821.11","10656075","25,000"
"181680","MAHSYA IZDIHAR","REGULER","BP","U35.6.20260822.2","10597834","30,000"
"181680","MAHSYA IZDIHAR","REGULER","BJ","35.13.20260823.11","10695147","7,000"
"181680","MAHSYA IZDIHAR","REGULER","BL","35.13.20260823.11","10676247","14,000"
"181680","MAHSYA IZDIHAR","SPECIAL","BJ","35.13.20260823.11","10653948","11,000"
"181680","MAHSYA IZDIHAR","BOOSTER AGT 2026 - ACCS","BL","35.13.20260823.11","10676247","50,000"
"181680","MAHSYA IZDIHAR","REGULER","BK","35.6.20260823.39","10573497","6,000"
"181680","MAHSYA IZDIHAR","REGULER","BK","35.6.20260823.39","10669974","3,600"
"181680","MAHSYA IZDIHAR","BOOSTER AGT 2026 - ACCS","BK","35.6.20260823.39","10478944",""
"181680","MAHSYA IZDIHAR","BOOSTER AGT 2026 - ACCS","BK","35.6.20260823.39","10491815",""
"181680","MAHSYA IZDIHAR","BOOSTER AGT 2026 - ACCS","BK","35.6.20260823.39","10491818",""
"181680","MAHSYA IZDIHAR","BOOSTER AGT 2026 - ACCS","BK","35.6.20260823.39","10573497",""
"181680","MAHSYA IZDIHAR","BOOSTER AGT 2026 - ACCS","BK","35.6.20260823.39","10580757",""
"181680","MAHSYA IZDIHAR","BOOSTER AGT 2026 - ACCS","BK","35.6.20260823.39","10669974",""
"181680","MAHSYA IZDIHAR","BOOSTER AGT 2026 - ACCS","BK","35.6.20260823.39","",""
"181680","MAHSYA IZDIHAR","REGULER","BN","35.3.20260825.19","10686584","3,000"
"181680","MAHSYA IZDIHAR","REGULER","BN","35.3.20260825.8","10559296","2,000"
"181680","MAHSYA IZDIHAR","REGULER","BN","35.3.20260825.8","10559305","0"
"181680","MAHSYA IZDIHAR","SPECIAL","BJ","35.4.20260825.39","10580409","10,000"
"181680","MAHSYA IZDIHAR","REGULER","BE","U35.3.20260825.9","10575154","7,000"
"181680","MAHSYA IZDIHAR","REGULER","BF","U35.4.20260825.16","10640937","2,000"
"181680","MAHSYA IZDIHAR","REGULER","BF","U35.4.20260825.16","10639454","25,000"
"181680","MAHSYA IZDIHAR","REGULER","BK","35.10.20260826.3","10452868","18,000"
"181680","MAHSYA IZDIHAR","SPECIAL","BJ","35.10.20260826.3","10213920","10,000"
"181680","MAHSYA IZDIHAR","SPECIAL","BJ","35.10.20260826.3","10574672","2,000"
"181680","MAHSYA IZDIHAR","SPECIAL","BJ","35.10.20260826.3","10572384","4,000"
"181680","MAHSYA IZDIHAR","SPECIAL","BJ","35.10.20260826.3","10572017","10,000"
"181680","MAHSYA IZDIHAR","SPECIAL","BJ","35.10.20260826.3","10572038","11,000"
"181680","MAHSYA IZDIHAR","SPECIAL","BJ","35.10.20260826.3","10572377","4,000"
"181680","MAHSYA IZDIHAR","BOOSTER AGT 2026 - ACCS","BK","35.10.20260826.3","10452868","50,000"
"181680","MAHSYA IZDIHAR","SPECIAL","BJ","35.4.20260826.2","10574672","2,000"
"181680","MAHSYA IZDIHAR","REGULER","BB","35.8.20260826.6","10571021","9,000"
"181680","MAHSYA IZDIHAR","REGULER","BK","U35.3.20260826.3","10667467","3,600"
"181680","MAHSYA IZDIHAR","REGULER","BK","U35.3.20260826.3","10512488","15,600"
"181680","MAHSYA IZDIHAR","REGULER","BK","U35.3.20260826.3","10455302","15,600"
"181680","MAHSYA IZDIHAR","REGULER","BK","U35.3.20260826.3","10643823","30,000"
"181680","MAHSYA IZDIHAR","BOOSTER AGT 2026 - ACCS","BK","U35.3.20260826.3","10455302",""
"181680","MAHSYA IZDIHAR","BOOSTER AGT 2026 - ACCS","BK","U35.3.20260826.3","10512488",""
"181680","MAHSYA IZDIHAR","BOOSTER AGT 2026 - ACCS","BK","U35.3.20260826.3","10643823",""
"181680","MAHSYA IZDIHAR","BOOSTER AGT 2026 - ACCS","BK","U35.3.20260826.3","10667467",""
"181680","MAHSYA IZDIHAR","KHUSUS","BA","U35.3.20260826.5","10321710","121,608"
"181680","MAHSYA IZDIHAR","REGULER","BP","U35.4.20260829.3","10625055","19,200"
"181680","MAHSYA IZDIHAR","BOOSTER AGT 2026 - FURNI","BG","U35.8.20260829.15","10613339","60,000"
"181680","MAHSYA IZDIHAR","SPECIAL","BL","35.13.20260830.19","10693348","50,000"
"181680","MAHSYA IZDIHAR","BOOSTER AGT 2026 - ACCS","BL","35.13.20260830.19","10693348","50,000"
"171706","DISHA FEBRIANI","KHUSUS - JULI 2026","BA","U35.10.20260705.5","10650112","150,081"
"171706","DISHA FEBRIANI","KHUSUS - JULI 2026","BA","U35.10.20260711.5","10644741","85,577"
"171706","DISHA FEBRIANI","KHUSUS - JULI 2026","BA","35.3.20260723.4","10654749","261,243"
"171706","DISHA FEBRIANI","KHUSUS - JULI 2026","BA","U35.8.20260729.5","10570061","81,063"
"171706","DISHA FEBRIANI","REGULER","BN","35.6.20260802.3","10550646","2,000"
"171706","DISHA FEBRIANI","REGULER","BG","35.6.20260802.52","10508199","7,000"
"171706","DISHA FEBRIANI","SPECIAL","BJ","35.6.20260802.52","10697903","20,000"
"171706","DISHA FEBRIANI","SPECIAL","BJ","35.6.20260802.52","","3,000"
"171706","DISHA FEBRIANI","SPECIAL","BJ","35.6.20260802.52","10661882","3,000"
"171706","DISHA FEBRIANI","SPECIAL","BJ","35.6.20260802.52","","3,000"
"171706","DISHA FEBRIANI","SPECIAL","BJ","35.6.20260802.52","10661776","3,000"
"171706","DISHA FEBRIANI","SPECIAL","BJ","35.6.20260802.52","10661880","6,000"
"171706","DISHA FEBRIANI","REGULER","BM","35.6.20260802.53","10599300","3,000"
"171706","DISHA FEBRIANI","REGULER","BK","35.6.20260802.8","10436802","3,600"
"171706","DISHA FEBRIANI","REGULER","BK","35.6.20260802.8","10542751","1,200"
"171706","DISHA FEBRIANI","KHUSUS","BA","U35.6.20260802.7","10634167","170,257"
"171706","DISHA FEBRIANI","REGULER","BB","U35.6.20260802.8","10573848","10,000"
"171706","DISHA FEBRIANI","REGULER","BI","35.13.20260803.12","10376561","0"
"171706","DISHA FEBRIANI","REGULER","BI","35.13.20260803.12","10376564","0"
"171706","DISHA FEBRIANI","SPECIAL","BJ","35.13.20260803.3","10666985","10,000"
"171706","DISHA FEBRIANI","REGULER","BN","35.7.20260803.18","10707524","5,000"
"171706","DISHA FEBRIANI","REGULER","BN","35.7.20260803.18","10048543","0"
"171706","DISHA FEBRIANI","REGULER","BO","35.8.20260803.6","10571391","5,000"
"171706","DISHA FEBRIANI","REGULER","BK","35.8.20260803.6","10291239","3,600"
"171706","DISHA FEBRIANI","BOOSTER AGT 2026 - ACCS","BK","35.8.20260803.6","10291239",""
"171706","DISHA FEBRIANI","BOOSTER AGT 2026 - ACCS","BK","35.8.20260803.6","10554243",""
"171706","DISHA FEBRIANI","BOOSTER AGT 2026 - ACCS","BK","35.8.20260803.6","10656068",""
"171706","DISHA FEBRIANI","BOOSTER AGT 2026 - ACCS","BK","35.8.20260803.6","10656069",""
"171706","DISHA FEBRIANI","BOOSTER AGT 2026 - ACCS","BK","35.8.20260803.6","10656070",""
"171706","DISHA FEBRIANI","REGULER","BO","35.8.20260803.7","10599267","1,000"
"171706","DISHA FEBRIANI","REGULER","BC","U35.8.20260804.3","10632845","40,000"
"171706","DISHA FEBRIANI","REGULER","BC","U35.8.20260804.3","10482815","75,000"
"171706","DISHA FEBRIANI","REGULER","BL","35.10.20260808.26","10457020","7,000"
"171706","DISHA FEBRIANI","REGULER","BK","35.10.20260808.26","10628691","8,400"
"171706","DISHA FEBRIANI","BOOSTER AGT 2026 - ACCS","BK","35.10.20260808.26","10628691",""
"171706","DISHA FEBRIANI","BOOSTER AGT 2026 - ACCS","BK","35.10.20260808.26","",""
"171706","DISHA FEBRIANI","BOOSTER AGT 2026 - ACCS","BL","35.10.20260808.26","10457020","25,000"
"171706","DISHA FEBRIANI","REGULER","BK","35.10.20260808.28","10670584","2,400"
"171706","DISHA FEBRIANI","REGULER","BK","35.6.20260808.34","10454656","2,400"
"171706","DISHA FEBRIANI","REGULER","BC","U35.6.20260809.21","10515224","130,000"
"171706","DISHA FEBRIANI","SPECIAL","BJ","35.8.20260810.12","10602850","10,000"
"171706","DISHA FEBRIANI","REGULER","BL","U35.8.20260810.3","10698321","2,000"
"171706","DISHA FEBRIANI","SPECIAL","BG","U35.8.20260810.3","10653981","50,000"
"171706","DISHA FEBRIANI","REGULER","BJ","35.13.20260812.2","10680626","7,000"
"171706","DISHA FEBRIANI","REGULER","BJ","35.13.20260812.2","10680633","6,000"
"171706","DISHA FEBRIANI","REGULER","BK","35.10.20260815.13","10547588","6,000"
"171706","DISHA FEBRIANI","REGULER","BK","35.10.20260815.13","10648277","6,000"
"171706","DISHA FEBRIANI","BOOSTER AGT 2026 - ACCS","BK","35.10.20260815.13","10547588","12,500"
"171706","DISHA FEBRIANI","BOOSTER AGT 2026 - ACCS","BK","35.10.20260815.13","10648277","12,500"
"171706","DISHA FEBRIANI","REGULER","BL","35.10.20260815.35","10504961","2,000"
"171706","DISHA FEBRIANI","REGULER","BL","35.6.20260815.16","10698321","2,000"
"171706","DISHA FEBRIANI","BOOSTER AGT 2026 - ACCS","BK","35.6.20260815.26","",""
"171706","DISHA FEBRIANI","BOOSTER AGT 2026 - ACCS","BK","35.6.20260815.26","",""
"171706","DISHA FEBRIANI","BOOSTER AGT 2026 - ACCS","BK","35.6.20260815.26","",""
"171706","DISHA FEBRIANI","BOOSTER AGT 2026 - ACCS","BK","35.6.20260815.27","","25,000"
"171706","DISHA FEBRIANI","REGULER","BK","35.8.20260815.20","10575254","10,800"
"171706","DISHA FEBRIANI","BOOSTER AGT 2026 - ACCS","BK","35.8.20260815.20","10509892",""
"171706","DISHA FEBRIANI","BOOSTER AGT 2026 - ACCS","BK","35.8.20260815.20","10575254",""
"171706","DISHA FEBRIANI","REGULER","BK","35.10.20260816.10","10604495","2,400"
"171706","DISHA FEBRIANI","REGULER","BK","35.10.20260816.10","10560808","3,600"
"171706","DISHA FEBRIANI","REGULER","BM","35.3.20260816.7","10149476","2,000"
"171706","DISHA FEBRIANI","REGULER","BM","35.3.20260816.7","10599301","2,000"
"171706","DISHA FEBRIANI","SPECIAL","BN","35.3.20260816.7","10686410","20,000"
"171706","DISHA FEBRIANI","KHUSUS","BA","U35.10.20260816.6","10632732","90,081"
"171706","DISHA FEBRIANI","REGULER","BB","U35.10.20260816.7","10625926","14,000"
"171706","DISHA FEBRIANI","SPECIAL","BB","U35.6.20260816.6","10411888","30,000"
"171706","DISHA FEBRIANI","REGULER","BB","U35.6.20260816.9","10149049","25,000"
"171706","DISHA FEBRIANI","REGULER","BN","35.3.20260817.9","10420384","2,000"
"171706","DISHA FEBRIANI","SPECIAL","BJ","35.6.20260817.14","10455170","5,000"
"171706","DISHA FEBRIANI","SPECIAL","BJ","35.6.20260817.14","10456061","5,000"
"171706","DISHA FEBRIANI","REGULER","BB","U35.6.20260817.7","10622186","18,000"
"171706","DISHA FEBRIANI","REGULER","BA","U35.6.20260817.7","10608611","95,000"
"171706","DISHA FEBRIANI","REGULER","BR","U35.6.20260817.7","10278808","12,000"
"171706","DISHA FEBRIANI","REGULER","BR","U35.6.20260817.8","10278808","12,000"
"171706","DISHA FEBRIANI","REGULER","BD","U35.4.20260819.5","10580403","25,000"
"171706","DISHA FEBRIANI","REGULER","BQ","U35.4.20260819.5","10699332","15,000"
"171706","DISHA FEBRIANI","REGULER","BD","U35.6.20260819.1","10685786","25,000"
"171706","DISHA FEBRIANI","REGULER","BN","35.10.20260820.6","10687693","4,000"
"171706","DISHA FEBRIANI","REGULER","BN","35.10.20260820.6","10196180","8,000"
"171706","DISHA FEBRIANI","REGULER","BN","35.10.20260820.6","10074309","4,000"
"171706","DISHA FEBRIANI","REGULER","BN","35.10.20260820.6","10700412","4,000"
"171706","DISHA FEBRIANI","REGULER","BK","35.10.20260820.6","10542780","2,400"
"171706","DISHA FEBRIANI","REGULER","BK","35.10.20260820.6","10454450","3,600"
"171706","DISHA FEBRIANI","SPECIAL","BN","35.10.20260820.6","10642377","20,000"
"171706","DISHA FEBRIANI","SPECIAL","BN","35.10.20260820.6","10443912","12,000"
"171706","DISHA FEBRIANI","BOOSTER AGT 2026 - ACCS","BK","35.10.20260820.6","10349943",""
"171706","DISHA FEBRIANI","BOOSTER AGT 2026 - ACCS","BK","35.10.20260820.6","10454450",""
"171706","DISHA FEBRIANI","BOOSTER AGT 2026 - ACCS","BK","35.10.20260820.6","10491817",""
"171706","DISHA FEBRIANI","BOOSTER AGT 2026 - ACCS","BK","35.10.20260820.6","10491818",""
"171706","DISHA FEBRIANI","BOOSTER AGT 2026 - ACCS","BK","35.10.20260820.6","10542780",""
"171706","DISHA FEBRIANI","REGULER","BB","35.8.20260820.10","10644605","9,000"
"171706","DISHA FEBRIANI","KHUSUS","BA","U35.6.20260820.5","10682738","88,063"
"171706","DISHA FEBRIANI","KHUSUS","BA","U35.6.20260820.5","10682740","88,063"
"171706","DISHA FEBRIANI","REGULER","BO","35.3.20260822.49","10666062","1,000"
"171706","DISHA FEBRIANI","REGULER","BN","35.7.20260822.10","10508194","3,000"
"171706","DISHA FEBRIANI","REGULER","BL","35.8.20260822.42","10556065","5,000"
"171706","DISHA FEBRIANI","REGULER","BK","35.8.20260822.42","10547588","2,400"
"171706","DISHA FEBRIANI","REGULER","BB","U35.7.20260822.4","10231413","25,000"
"171706","DISHA FEBRIANI","REGULER","BD","U35.7.20260822.4","10424071","18,000"
"171706","DISHA FEBRIANI","REGULER","BE","U35.13.20260823.27","10628509","40,000"
"171706","DISHA FEBRIANI","REGULER","BE","U35.13.20260823.27","10629323","10,000"
"171706","DISHA FEBRIANI","REGULER","BE","U35.13.20260823.27","10628508","50,000"
"171706","DISHA FEBRIANI","REGULER","BE","U35.13.20260823.27","10629327","20,000"
"171706","DISHA FEBRIANI","REGULER","BE","U35.13.20260823.27","10628514","45,000"
"171706","DISHA FEBRIANI","REGULER","BE","U35.13.20260823.27","10628512","30,000"
"171706","DISHA FEBRIANI","REGULER","BE","U35.13.20260823.27","10629897","30,000"
"171706","DISHA FEBRIANI","SPECIAL","BJ","35.13.20260824.12","10661877","10,000"
"171706","DISHA FEBRIANI","REGULER","BK","35.6.20260824.9","10420964","3,600"
"171706","DISHA FEBRIANI","REGULER","BM","35.10.20260825.9","10132201","2,000"
"171706","DISHA FEBRIANI","REGULER","BM","35.6.20260825.19","10411860","6,000"
"171706","DISHA FEBRIANI","BOOSTER AGT 2026 - ACCS","BK","35.7.20260825.7","10127042",""
"171706","DISHA FEBRIANI","BOOSTER AGT 2026 - ACCS","BK","35.7.20260825.7","10223319",""
"171706","DISHA FEBRIANI","BOOSTER AGT 2026 - ACCS","BK","35.7.20260825.7","",""
"171706","DISHA FEBRIANI","BOOSTER AGT 2026 - ACCS","BK","35.7.20260825.7","",""
"171706","DISHA FEBRIANI","BOOSTER AGT 2026 - ACCS","BK","35.7.20260825.7","",""
"171706","DISHA FEBRIANI","REGULER","BL","35.8.20260825.30","10550398","3,000"
"171706","DISHA FEBRIANI","REGULER","BK","35.8.20260825.30","10573496","3,600"
"171706","DISHA FEBRIANI","REGULER","BQ","U35.13.20260825.4","10699331","120,000"
"171706","DISHA FEBRIANI","REGULER","BF","U35.4.20260825.18","10689227","25,000"
"171706","DISHA FEBRIANI","REGULER","BQ","U35.4.20260825.18","10636491","20,000"
"171706","DISHA FEBRIANI","REGULER","BB","U35.8.20260825.15","10573848","10,000"
"171706","DISHA FEBRIANI","BOOSTER AGT 2026 - ACCS","BL","35.6.20260829.13","10257906",""
"171706","DISHA FEBRIANI","BOOSTER AGT 2026 - ACCS","BL","35.6.20260829.13","10488567",""
"171706","DISHA FEBRIANI","BOOSTER AGT 2026 - ACCS","BL","35.6.20260829.13","10641186",""
"171706","DISHA FEBRIANI","BOOSTER AGT 2026 - ACCS","BL","35.6.20260829.13","10676242",""
"171706","DISHA FEBRIANI","REGULER","BK","U35.6.20260829.6","10487049","18,000"
"171706","DISHA FEBRIANI","REGULER","BK","U35.6.20260829.6","10616484","2,400"
"171706","DISHA FEBRIANI","REGULER","BB","U35.6.20260829.6","10467377","7,000"
"171706","DISHA FEBRIANI","REGULER","BK","U35.6.20260829.6","10699528","36,000"
"171706","DISHA FEBRIANI","BOOSTER AGT 2026 - ACCS","BK","U35.6.20260829.6","10487049",""
"171706","DISHA FEBRIANI","BOOSTER AGT 2026 - ACCS","BK","U35.6.20260829.6","10616484",""
"171706","DISHA FEBRIANI","BOOSTER AGT 2026 - ACCS","BK","U35.6.20260829.6","10699528",""
"176927","ALDI","SPECIAL","BJ","35.4.20260801.35","10568164","5,000"
"176927","ALDI","REGULER","BQ","U35.13.20260801.13","10666133","10,000"
"176927","ALDI","SPECIAL","BF","U35.13.20260801.19","10449452","25,000"
"176927","ALDI","REGULER","BP","U35.6.20260803.11","10672450","21,600"
"176927","ALDI","REGULER","BB","U35.6.20260803.11","10629144","20,000"
"176927","ALDI","REGULER","BB","U35.6.20260803.11","10088683","30,000"
"176927","ALDI","SPECIAL","BB","U35.6.20260803.11","10578763","100,000"
"176927","ALDI","SPECIAL","BI","U35.6.20260803.11","10206336","180,000"
"176927","ALDI","SPECIAL","BF","U35.6.20260803.11","10601782","70,000"
"176927","ALDI","SPECIAL","BF","U35.6.20260803.11","10601781","70,000"
"176927","ALDI","SPECIAL","BB","U35.6.20260803.11","10578762","100,000"
"176927","ALDI","BOOSTER AGT 2026 - FURNI","BI","U35.6.20260803.11","10206336","50,000"
"176927","ALDI","REGULER","BO","U35.6.20260803.14","10698132","25,000"
"176927","ALDI","SPECIAL","BL","U35.6.20260803.14","10632132","70,000"
"176927","ALDI","BOOSTER AGT 2026 - ACCS","BL","U35.6.20260803.14","10632132","75,000"
"176927","ALDI","BOOSTER AGT 2026 - ACCS","BO","U35.6.20260803.14","10698132","60,000"
"176927","ALDI","REGULER","BP","U35.13.20260806.15","10625058","19,200"
"176927","ALDI","BOOSTER AGT 2026 - FURNI","BI","U35.13.20260808.3","10523537","25,000"
"176927","ALDI","BOOSTER AGT 2026 - FURNI","BI","U35.13.20260808.4","10523537","25,000"
"176927","ALDI","REGULER","BR","35.4.20260811.3","10630082","15,000"
"176927","ALDI","REGULER","BR","U35.13.20260811.10","10561988","135,000"
"176927","ALDI","REGULER","BR","U35.13.20260811.10","","67,500"
"176927","ALDI","REGULER","BB","U35.4.20260811.1","10629144","40,000"
"176927","ALDI","REGULER","BL","35.3.20260816.36","10515706","1,000"
"176927","ALDI","REGULER","BJ","35.4.20260816.34","10664236","8,000"
"176927","ALDI","REGULER","BG","35.4.20260816.34","10022135","2,000"
"176927","ALDI","REGULER","BP","U35.8.20260816.11","10621507","9,600"
"176927","ALDI","SPECIAL","BF","U35.8.20260816.11","10602206","25,000"
"176927","ALDI","REGULER","BH","U35.8.20260816.12","10426856","30,000"
"176927","ALDI","REGULER","BJ","35.13.20260817.3","10694988","8,000"
"176927","ALDI","REGULER","BP","U35.4.20260818.4","10532346","54,000"
"176927","ALDI","BOOSTER AGT 2026 - FURNI","BP","U35.4.20260818.4","10532346","70,000"
"176927","ALDI","REGULER","BI","U35.13.20260819.7","10478511","72,000"
"176927","ALDI","REGULER","BK","35.6.20260821.22","10698140","21,600"
"176927","ALDI","BOOSTER AGT 2026 - ACCS","BK","35.6.20260821.22","10458019",""
"176927","ALDI","BOOSTER AGT 2026 - ACCS","BK","35.6.20260821.22","10615867",""
"176927","ALDI","BOOSTER AGT 2026 - ACCS","BK","35.6.20260821.22","10618059",""
"176927","ALDI","BOOSTER AGT 2026 - ACCS","BK","35.6.20260821.22","10618062",""
"176927","ALDI","BOOSTER AGT 2026 - ACCS","BK","35.6.20260821.22","10656083",""
"176927","ALDI","BOOSTER AGT 2026 - ACCS","BK","35.6.20260821.22","10668110",""
"176927","ALDI","BOOSTER AGT 2026 - ACCS","BK","35.6.20260821.22","10668111",""
"176927","ALDI","BOOSTER AGT 2026 - ACCS","BK","35.6.20260821.22","10668112",""
"176927","ALDI","BOOSTER AGT 2026 - ACCS","BK","35.6.20260821.22","10698140",""
"176927","ALDI","BOOSTER AGT 2026 - ACCS","BK","35.6.20260821.22","",""
"176927","ALDI","BOOSTER AGT 2026 - ACCS","BK","35.6.20260821.22","",""
"176927","ALDI","BOOSTER AGT 2026 - ACCS","BK","35.6.20260821.22","",""
"176927","ALDI","SPECIAL","BJ","35.4.20260822.30","10637434","20,000"
"176927","ALDI","REGULER","BP","U35.13.20260822.6","10647098","24,000"
"176927","ALDI","REGULER","BF","U35.4.20260822.14","10451343","60,000"
"176927","ALDI","REGULER","BF","U35.4.20260822.14","10451346","45,000"
"176927","ALDI","REGULER","BF","U35.4.20260822.14","10451349","50,000"
"176927","ALDI","REGULER","BF","U35.4.20260822.15","10451345","20,000"
"176927","ALDI","REGULER","BR","35.4.20260825.7","10216921","4,500"
"176927","ALDI","REGULER","BR","35.4.20260826.15","10216921","4,500"
"176927","ALDI","REGULER","BR","U35.4.20260826.10","10274781","105,000"
"176927","ALDI","REGULER","BI","35.13.20260828.16","10702668","6,000"
"176927","ALDI","REGULER","BI","35.13.20260828.16","10702670","6,000"
"176927","ALDI","REGULER","BL","35.6.20260828.7","10588629","7,000"
"176927","ALDI","BOOSTER AGT 2026 - ACCS","BL","35.6.20260828.7","10588629","25,000"
"176927","ALDI","REGULER","BK","35.8.20260828.23","10670586","4,800"
"176927","ALDI","REGULER","BK","35.8.20260828.24","10636526","2,400"
"176927","ALDI","REGULER","BK","35.8.20260828.24","10700339","3,600"
"176927","ALDI","REGULER","BK","35.8.20260828.24","10700338","3,600"
"176927","ALDI","BOOSTER AGT 2026 - ACCS","BK","35.8.20260828.24","10631388",""
"176927","ALDI","BOOSTER AGT 2026 - ACCS","BK","35.8.20260828.24","10636526",""
"176927","ALDI","BOOSTER AGT 2026 - ACCS","BK","35.8.20260828.24","10700338",""
"176927","ALDI","BOOSTER AGT 2026 - ACCS","BK","35.8.20260828.24","10700339",""
"176927","ALDI","REGULER","BO","35.8.20260828.6","10604530","4,000"
"176927","ALDI","REGULER","BA","U35.8.20260828.10","10680605","60,000"
"176927","ALDI","REGULER","BQ","U35.8.20260828.10","10499721","65,000"
"176927","ALDI","REGULER","BQ","U35.8.20260828.10","10499727","25,000"
"176927","ALDI","REGULER","BR","U35.8.20260828.10","10275775","37,500"
"176927","ALDI","KHUSUS","BA","U35.8.20260828.10","10691374","61,154"
"176927","ALDI","REGULER","BL","35.10.20260829.24","10081545","1,000"
"176927","ALDI","REGULER","BI","35.13.20260829.6","","3,600"
"176927","ALDI","REGULER","BI","35.13.20260829.6","10569971","1,200"
"176927","ALDI","REGULER","BI","35.13.20260829.8","10569973","9,600"
"176927","ALDI","REGULER","BI","35.13.20260829.8","10569968","9,600"
"176927","ALDI","REGULER","BL","35.4.20260829.15","10457014","2,000"
"176927","ALDI","REGULER","BL","35.10.20260830.31","10151632","5,000"
"176927","ALDI","REGULER","BO","35.10.20260830.31","10599263","1,000"
"176927","ALDI","REGULER","BK","35.10.20260830.31","10453979","0"
"176927","ALDI","REGULER","DB","35.10.20260830.38","10556172","6,000"
"176927","ALDI","SPECIAL","BJ","35.13.20260830.32","10695141","2,000"
"176927","ALDI","REGULER","BI","35.4.20260830.40","10702675","4,800"
"176927","ALDI","REGULER","BL","35.4.20260830.40","10680483","3,000"
"176927","ALDI","SPECIAL","BJ","35.8.20260830.10","10602645","10,000"
"176927","ALDI","SPECIAL","BJ","35.8.20260830.10","10654367","6,000"
"176927","ALDI","SPECIAL","BJ","35.8.20260830.10","10654371","6,000"
"176927","ALDI","SPECIAL","BJ","35.8.20260830.10","10560072","7,000"
"176927","ALDI","REGULER","BL","35.8.20260830.25","10588631","4,000"
"176927","ALDI","REGULER","BL","35.8.20260830.25","10457012","2,000"
"176927","ALDI","REGULER","BL","35.8.20260830.25","10276073","4,000"
"176927","ALDI","BOOSTER AGT 2026 - ACCS","BL","35.8.20260830.25","10276073",""
"176927","ALDI","BOOSTER AGT 2026 - ACCS","BL","35.8.20260830.25","10457012",""
"176927","ALDI","BOOSTER AGT 2026 - ACCS","BL","35.8.20260830.25","10588631",""
"176927","ALDI","SPECIAL","BJ","35.4.20260831.15","10615281","4,000"
"176927","ALDI","REGULER","BL","35.4.20260831.19","10708310","2,000"
"176927","ALDI","SPECIAL","BJ","35.6.20260831.15","10568168","16,000"
"176927","ALDI","REGULER","BK","35.6.20260831.23","10095153","12,000"
"176927","ALDI","BOOSTER AGT 2026 - ACCS","BK","35.6.20260831.23","10095153","25,000"
"176927","ALDI","BOOSTER AGT 2026 - ACCS","DA","35.7.20260831.16","10619990","30,000"
"176927","ALDI","REGULER","BM","35.8.20260831.16","10077743","1,000"
"176927","ALDI","SPECIAL","BL","35.8.20260831.21","10501860","20,000"
"176927","ALDI","BOOSTER AGT 2026 - ACCS","BL","35.8.20260831.21","10501860","25,000"
"176927","ALDI","REGULER","BK","U35.6.20260831.7","10665079","19,200"
"176927","ALDI","BOOSTER AGT 2026 - ACCS","BK","U35.6.20260831.7","10665079","50,000"
"176927","ALDI","REGULER","BJ","U35.8.20260831.7","10508382","0"
"176927","ALDI","SPECIAL","BJ","U35.8.20260831.7","10396820","75,000"
"176927","ALDI","SPECIAL","BJ","U35.8.20260831.7","10464924","75,000"
"183731","SAEKHONI YAHYA","KHUSUS - JULI 2026","BA","U35.10.20260711.2","10515727","34,587"
"183731","SAEKHONI YAHYA","REGULER","BJ","35.4.20260801.23","10664236","4,000"
"183731","SAEKHONI YAHYA","REGULER","BN","35.7.20260801.22","10421614","5,000"
"183731","SAEKHONI YAHYA","SPECIAL","BN","35.7.20260801.22","10644554","5,000"
"183731","SAEKHONI YAHYA","KHUSUS","BA","U35.8.20260801.17","10567071","46,838"
"183731","SAEKHONI YAHYA","SPECIAL","BJ","35.13.20260802.15","10444666","15,000"
"183731","SAEKHONI YAHYA","REGULER","BQ","35.13.20260802.34","10687013","20,000"
"183731","SAEKHONI YAHYA","REGULER","BI","35.13.20260802.54","10623886","15,600"
"183731","SAEKHONI YAHYA","REGULER","BK","U35.10.20260802.4","10667925","7,200"
"183731","SAEKHONI YAHYA","SPECIAL","BJ","U35.13.20260802.5","10464457","20,000"
"183731","SAEKHONI YAHYA","KHUSUS","BA","U35.10.20260807.4","10641787","85,135"
"183731","SAEKHONI YAHYA","KHUSUS","BA","U35.10.20260807.4","10641790","85,135"
"183731","SAEKHONI YAHYA","KHUSUS","BA","U35.10.20260807.4","10641791","85,135"
"183731","SAEKHONI YAHYA","SPECIAL","BL","U35.10.20260807.5","10607548","70,000"
"183731","SAEKHONI YAHYA","BOOSTER AGT 2026 - ACCS","BL","U35.10.20260807.5","10607548","100,000"
"183731","SAEKHONI YAHYA","REGULER","BP","U35.4.20260807.5","10621509","9,600"
"183731","SAEKHONI YAHYA","REGULER","BO","35.6.20260808.21","10631996","8,000"
"183731","SAEKHONI YAHYA","REGULER","BO","35.6.20260808.21","10698131","7,000"
"183731","SAEKHONI YAHYA","REGULER","BO","35.6.20260808.21","10510118","4,000"
"183731","SAEKHONI YAHYA","BOOSTER AGT 2026 - ACCS","BO","35.6.20260808.21","10510118",""
"183731","SAEKHONI YAHYA","BOOSTER AGT 2026 - ACCS","BO","35.6.20260808.21","10631996",""
"183731","SAEKHONI YAHYA","BOOSTER AGT 2026 - ACCS","BO","35.6.20260808.21","10698131",""
"183731","SAEKHONI YAHYA","REGULER","BO","35.0.20260809.1","10698131","-7,000"
"183731","SAEKHONI YAHYA","REGULER","BJ","35.13.20260809.37","10643567","4,000"
"183731","SAEKHONI YAHYA","REGULER","BO","35.3.20260809.7","10215365","8,000"
"183731","SAEKHONI YAHYA","REGULER","BO","35.3.20260809.7","10506860","0"
"183731","SAEKHONI YAHYA","REGULER","BP","U35.13.20260809.27","10671361","36,000"
"183731","SAEKHONI YAHYA","REGULER","BQ","U35.6.20260809.20","10666134","10,000"
"183731","SAEKHONI YAHYA","REGULER","BQ","U35.6.20260809.20","10410105","18,000"
"183731","SAEKHONI YAHYA","REGULER","BQ","U35.6.20260809.20","10410102","0"
"183731","SAEKHONI YAHYA","REGULER","BB","U35.6.20260809.20","10615048","10,000"
"183731","SAEKHONI YAHYA","REGULER","BF","U35.6.20260809.20","10601786","9,000"
"183731","SAEKHONI YAHYA","REGULER","BO","35.10.20260810.9","10567936","0"
"183731","SAEKHONI YAHYA","REGULER","BO","35.10.20260810.9","10506858","0"
"183731","SAEKHONI YAHYA","REGULER","BM","35.6.20260812.8","10599301","2,000"
"183731","SAEKHONI YAHYA","REGULER","BM","35.6.20260812.8","10420957","2,000"
"183731","SAEKHONI YAHYA","REGULER","BM","35.6.20260812.8","10029821","3,000"
"183731","SAEKHONI YAHYA","BOOSTER AGT 2026 - ACCS","BM","35.6.20260812.8","10029821",""
"183731","SAEKHONI YAHYA","BOOSTER AGT 2026 - ACCS","BM","35.6.20260812.8","10420957",""
"183731","SAEKHONI YAHYA","BOOSTER AGT 2026 - ACCS","BM","35.6.20260812.8","10599301",""
"183731","SAEKHONI YAHYA","REGULER","BD","U35.3.20260812.6","10595467","17,000"
"183731","SAEKHONI YAHYA","REGULER","BL","U35.4.20260812.1","10609796","6,000"
"183731","SAEKHONI YAHYA","REGULER","BD","U35.4.20260812.1","10700750","4,000"
"183731","SAEKHONI YAHYA","REGULER","BD","U35.4.20260812.1","10481869","8,000"
"183731","SAEKHONI YAHYA","REGULER","BL","U35.4.20260812.1","10588632","4,000"
"183731","SAEKHONI YAHYA","REGULER","BD","U35.4.20260812.1","10596617","15,000"
"183731","SAEKHONI YAHYA","BOOSTER AGT 2026 - ACCS","BL","U35.4.20260812.1","10588632",""
"183731","SAEKHONI YAHYA","BOOSTER AGT 2026 - ACCS","BL","U35.4.20260812.1","10609796",""
"183731","SAEKHONI YAHYA","REGULER","BR","U35.10.20260814.6","10561988","90,000"
"183731","SAEKHONI YAHYA","REGULER","BR","U35.10.20260814.6","","75,000"
"183731","SAEKHONI YAHYA","REGULER","BQ","U35.13.20260815.4","10507189","16,000"
"183731","SAEKHONI YAHYA","REGULER","BN","35.3.20260817.35","10700414","3,000"
"183731","SAEKHONI YAHYA","REGULER","BN","35.3.20260817.35","10187945","2,000"
"183731","SAEKHONI YAHYA","REGULER","BN","35.3.20260817.35","10547542","1,000"
"183731","SAEKHONI YAHYA","REGULER","BF","35.3.20260817.35","10627869","9,000"
"183731","SAEKHONI YAHYA","REGULER","BM","35.3.20260817.35","10593569","2,000"
"183731","SAEKHONI YAHYA","REGULER","BM","35.3.20260817.35","10595794","2,000"
"183731","SAEKHONI YAHYA","REGULER","BF","35.3.20260817.35","10689226","13,000"
"183731","SAEKHONI YAHYA","SPECIAL","BJ","35.3.20260817.35","10560075","7,000"
"183731","SAEKHONI YAHYA","SPECIAL","BJ","35.3.20260817.35","10470621","5,000"
"183731","SAEKHONI YAHYA","SPECIAL","BJ","35.3.20260817.35","10560053","6,000"
"183731","SAEKHONI YAHYA","SPECIAL","BN","35.3.20260817.35","10661487","10,000"
"183731","SAEKHONI YAHYA","SPECIAL","BJ","35.3.20260817.35","10560147","2,000"
"183731","SAEKHONI YAHYA","BOOSTER AGT 2026 - ACCS","BM","35.3.20260817.35","10296304",""
"183731","SAEKHONI YAHYA","BOOSTER AGT 2026 - ACCS","BM","35.3.20260817.35","10421108",""
"183731","SAEKHONI YAHYA","BOOSTER AGT 2026 - ACCS","BM","35.3.20260817.35","10574627",""
"183731","SAEKHONI YAHYA","BOOSTER AGT 2026 - ACCS","BM","35.3.20260817.35","10593569",""
"183731","SAEKHONI YAHYA","BOOSTER AGT 2026 - ACCS","BM","35.3.20260817.35","10595794",""
"183731","SAEKHONI YAHYA","BOOSTER AGT 2026 - ACCS","BM","35.3.20260817.35","10608621",""
"183731","SAEKHONI YAHYA","REGULER","BR","U35.8.20260817.15","10444115","3,000"
"183731","SAEKHONI YAHYA","REGULER","BR","U35.8.20260817.15","10444116","7,500"
"183731","SAEKHONI YAHYA","REGULER","BI","U35.8.20260817.2","10569969","12,000"
"183731","SAEKHONI YAHYA","REGULER","BR","U35.8.20260817.2","10583786","105,000"
"183731","SAEKHONI YAHYA","REGULER","BR","35.4.20260818.8","10607951","15,000"
"183731","SAEKHONI YAHYA","REGULER","BQ","35.4.20260822.37","10607958","10,000"
"183731","SAEKHONI YAHYA","REGULER","BO","35.78.20260822.28","10565507","1,000"
"183731","SAEKHONI YAHYA","SPECIAL","BN","35.78.20260822.32","10555914","5,000"
"183731","SAEKHONI YAHYA","KHUSUS","BA","U35.4.20260823.6","10632155","135,126"
"183731","SAEKHONI YAHYA","SPECIAL","BB","U35.4.20260823.6","10053761","100,000"
"183731","SAEKHONI YAHYA","BOOSTER AGT 2026 - FURNI","BA","U35.4.20260823.6","10632155","150,000"
"183731","SAEKHONI YAHYA","REGULER","BR","U35.4.20260823.7","10472019","21,000"
"183731","SAEKHONI YAHYA","REGULER","BR","U35.4.20260823.7","10720489","75,000"
"183731","SAEKHONI YAHYA","BOOSTER AGT 2026 - FURNI","BR","U35.4.20260823.7","10720489","80,000"
"183731","SAEKHONI YAHYA","SPECIAL","BJ","35.13.20260825.4","10654371","6,000"
"183731","SAEKHONI YAHYA","SPECIAL","BJ","35.13.20260825.4","10560066","7,000"
"183731","SAEKHONI YAHYA","REGULER","BD","U35.3.20260825.19","10583766","315,000"
"183731","SAEKHONI YAHYA","SPECIAL","BL","35.7.20260826.14","10501869","50,000"
"183731","SAEKHONI YAHYA","BOOSTER AGT 2026 - ACCS","BL","35.7.20260826.14","10501869","75,000"
"183731","SAEKHONI YAHYA","REGULER","BK","35.78.20260826.33","10314088","3,600"
"183731","SAEKHONI YAHYA","REGULER","BO","35.78.20260826.34","10567936","0"
"183731","SAEKHONI YAHYA","REGULER","BO","35.78.20260826.35","10543815","1,000"
"183731","SAEKHONI YAHYA","REGULER","BK","35.78.20260826.36","10452203","2,400"
"183731","SAEKHONI YAHYA","REGULER","BM","35.78.20260826.44","10604375","8,000"
"183731","SAEKHONI YAHYA","BOOSTER AGT 2026 - ACCS","BM","35.78.20260826.44","10604375","25,000"
"183731","SAEKHONI YAHYA","SPECIAL","BN","35.78.20260826.47","10485965","5,000"
"183731","SAEKHONI YAHYA","REGULER","BI","35.78.20260826.50","10670390","1,200"
"183731","SAEKHONI YAHYA","BOOSTER AGT 2026 - ACCS","BM","35.78.20260826.51","10245799","25,000"
"183731","SAEKHONI YAHYA","REGULER","BM","35.78.20260826.53","10699168","4,000"
"183731","SAEKHONI YAHYA","REGULER","BK","35.78.20260826.53","10212798","2,400"
"183731","SAEKHONI YAHYA","REGULER","BM","35.78.20260826.58","10102966","3,000"
"183731","SAEKHONI YAHYA","REGULER","BJ","35.78.20260826.60","10695146","8,000"
"183731","SAEKHONI YAHYA","REGULER","BM","35.78.20260826.69","10161038","3,000"
"183731","SAEKHONI YAHYA","BOOSTER AGT 2026 - ACCS","BM","35.78.20260826.69","10161038",""
"183731","SAEKHONI YAHYA","BOOSTER AGT 2026 - ACCS","BM","35.78.20260826.69","10593567",""
"183731","SAEKHONI YAHYA","REGULER","BK","35.8.20260826.20","10573496","3,600"
"183731","SAEKHONI YAHYA","BOOSTER AGT 2026 - ACCS","BK","35.8.20260826.20","10349943",""
"183731","SAEKHONI YAHYA","BOOSTER AGT 2026 - ACCS","BK","35.8.20260826.20","10554242",""
"183731","SAEKHONI YAHYA","BOOSTER AGT 2026 - ACCS","BK","35.8.20260826.20","10573496",""
"183731","SAEKHONI YAHYA","REGULER","BN","35.78.20260827.31","10584183","6,000"
"183731","SAEKHONI YAHYA","REGULER","BI","35.78.20260827.32","","2,400"
"183731","SAEKHONI YAHYA","REGULER","BK","35.78.20260827.37","10452201","1,200"
"183731","SAEKHONI YAHYA","REGULER","BM","35.78.20260827.38","10523859","2,000"
"183731","SAEKHONI YAHYA","REGULER","BQ","U35.8.20260827.1","10549898","75,000"
"183731","SAEKHONI YAHYA","REGULER","BK","U35.6.20260829.5","10627875","9,600"
"183731","SAEKHONI YAHYA","REGULER","BK","U35.6.20260829.5","10457403","3,600"
"183731","SAEKHONI YAHYA","REGULER","BK","U35.6.20260829.5","10573499","9,600"
"183731","SAEKHONI YAHYA","BOOSTER AGT 2026 - ACCS","BK","U35.6.20260829.5","10457403",""
"183731","SAEKHONI YAHYA","BOOSTER AGT 2026 - ACCS","BK","U35.6.20260829.5","10573499",""
"183731","SAEKHONI YAHYA","BOOSTER AGT 2026 - ACCS","BK","U35.6.20260829.5","10627875",""
"183731","SAEKHONI YAHYA","REGULER","BK","U35.8.20260829.7","10506899","30,000"
"183731","SAEKHONI YAHYA","BOOSTER AGT 2026 - ACCS","BK","U35.8.20260829.7","10506899","75,000"
"175495","TONI HIDAYAT","KHUSUS - JULI 2026","BA","U35.8.20260702.5","10679259","108,685"
"175495","TONI HIDAYAT","KHUSUS - JULI 2026","BA","U35.6.20260719.15","10581747","66,216"
"175495","TONI HIDAYAT","KHUSUS - JULI 2026","BA","U35.6.20260719.15","10581748","66,216"
"175495","TONI HIDAYAT","KHUSUS - JULI 2026","BA","U35.8.20260731.9","10514055","155,757"
"175495","TONI HIDAYAT","REGULER","BR","35.0.20260805.2","10110832","-30,000"
"175495","TONI HIDAYAT","SPECIAL","BJ","35.10.20260805.16","10664227","30,000"
"175495","TONI HIDAYAT","SPECIAL","BJ","35.10.20260805.16","10647662","30,000"
"175495","TONI HIDAYAT","REGULER","BF","U35.10.20260805.2","10601784","9,000"
"175495","TONI HIDAYAT","REGULER","BQ","U35.10.20260805.2","10687013","20,000"
"175495","TONI HIDAYAT","REGULER","BF","U35.10.20260805.2","10708752","20,000"
"175495","TONI HIDAYAT","REGULER","BR","U35.13.20260805.7","10111226","30,000"
"175495","TONI HIDAYAT","REGULER","BM","35.10.20260807.3","10604718","3,000"
"175495","TONI HIDAYAT","SPECIAL","BJ","35.3.20260808.5","10602644","20,000"
"175495","TONI HIDAYAT","REGULER","BN","35.7.20260808.25","10562404","3,000"
"175495","TONI HIDAYAT","REGULER","BP","U35.13.20260808.15","10671362","54,000"
"175495","TONI HIDAYAT","REGULER","BQ","U35.13.20260808.15","10607959","75,000"
"175495","TONI HIDAYAT","REGULER","BP","U35.13.20260808.15","10532346","54,000"
"175495","TONI HIDAYAT","BOOSTER AGT 2026 - FURNI","BP","U35.13.20260808.15","10532346","70,000"
"175495","TONI HIDAYAT","BOOSTER AGT 2026 - FURNI","BP","U35.13.20260808.15","10671362","60,000"
"175495","TONI HIDAYAT","REGULER","BK","35.7.20260809.13","10242104","3,600"
"175495","TONI HIDAYAT","REGULER","BL","35.7.20260809.13","10706237","1,000"
"175495","TONI HIDAYAT","REGULER","BF","U35.7.20260809.10","10601784","9,000"
"175495","TONI HIDAYAT","REGULER","BF","U35.7.20260809.10","10518673","18,000"
"175495","TONI HIDAYAT","KHUSUS","BA","U35.7.20260809.10","10519117","198,189"
"175495","TONI HIDAYAT","REGULER","BK","U35.7.20260809.12","10095153","7,200"
"175495","TONI HIDAYAT","SPECIAL","BL","U35.7.20260809.12","10632132","70,000"
"175495","TONI HIDAYAT","SPECIAL","BL","U35.7.20260809.12","10673021","70,000"
"175495","TONI HIDAYAT","BOOSTER AGT 2026 - ACCS","BK","U35.7.20260809.12","10095153","25,000"
"175495","TONI HIDAYAT","BOOSTER AGT 2026 - ACCS","BL","U35.7.20260809.12","10632132",""
"175495","TONI HIDAYAT","BOOSTER AGT 2026 - ACCS","BL","U35.7.20260809.12","10673021",""
"175495","TONI HIDAYAT","BOOSTER AGT 2026 - ACCS","DB","U35.7.20260809.12","10495711","120,000"
"175495","TONI HIDAYAT","REGULER","BM","U35.7.20260809.13","10613393","7,000"
"175495","TONI HIDAYAT","REGULER","BM","U35.7.20260809.13","10702722","2,000"
"175495","TONI HIDAYAT","REGULER","DA","U35.7.20260809.13","10620274","9,000"
"175495","TONI HIDAYAT","REGULER","BK","U35.7.20260809.13","10614142","4,800"
"175495","TONI HIDAYAT","BOOSTER AGT 2026 - ACCS","BM","U35.7.20260809.13","10613393",""
"175495","TONI HIDAYAT","BOOSTER AGT 2026 - ACCS","BM","U35.7.20260809.13","10702722",""
"175495","TONI HIDAYAT","REGULER","BM","35.8.20260812.8","10172886","25,000"
"175495","TONI HIDAYAT","BOOSTER AGT 2026 - ACCS","BM","35.8.20260812.8","10172886","100,000"
"175495","TONI HIDAYAT","REGULER","BM","35.8.20260812.9","10172886","4,000"
"175495","TONI HIDAYAT","REGULER","BM","35.10.20260813.10","10477920","2,000"
"175495","TONI HIDAYAT","REGULER","BD","U35.8.20260813.6","10708330","50,000"
"175495","TONI HIDAYAT","REGULER","BR","U35.13.20260814.6","10177599","27,000"
"175495","TONI HIDAYAT","SPECIAL","BN","35.10.20260815.39","10666724","4,000"
"175495","TONI HIDAYAT","KHUSUS","BA","U35.7.20260815.9","10069102","92,784"
"175495","TONI HIDAYAT","REGULER","BM","35.10.20260817.32","10410875","8,000"
"175495","TONI HIDAYAT","BOOSTER AGT 2026 - ACCS","BM","35.10.20260817.32","10410875",""
"175495","TONI HIDAYAT","BOOSTER AGT 2026 - ACCS","BM","35.10.20260817.32","10579811",""
"175495","TONI HIDAYAT","BOOSTER AGT 2026 - ACCS","BM","35.10.20260817.32","10604720",""
"175495","TONI HIDAYAT","BOOSTER AGT 2026 - ACCS","BM","35.10.20260817.32","10697011",""
"175495","TONI HIDAYAT","REGULER","BK","35.3.20260817.6","10392722","1,200"
"175495","TONI HIDAYAT","REGULER","BL","35.6.20260817.18","10219471","8,000"
"175495","TONI HIDAYAT","REGULER","BL","35.6.20260817.18","10552212","8,000"
"175495","TONI HIDAYAT","BOOSTER AGT 2026 - ACCS","BL","35.6.20260817.18","10219471",""
"175495","TONI HIDAYAT","BOOSTER AGT 2026 - ACCS","BL","35.6.20260817.18","10552212",""
"175495","TONI HIDAYAT","REGULER","BB","U35.10.20260817.18","10622189","20,000"
"175495","TONI HIDAYAT","REGULER","BC","U35.10.20260817.18","10681945","55,000"
"175495","TONI HIDAYAT","KHUSUS","BC","U35.10.20260817.18","10681945","69,859"
"175495","TONI HIDAYAT","REGULER","BR","U35.10.20260817.19","10174200","30,000"
"175495","TONI HIDAYAT","REGULER","BI","35.10.20260818.2","10376564","0"
"175495","TONI HIDAYAT","REGULER","BI","35.10.20260818.2","10376557","0"
"175495","TONI HIDAYAT","REGULER","BI","35.10.20260818.2","10376561","0"
"175495","TONI HIDAYAT","REGULER","BI","35.10.20260818.2","10376563","0"
"175495","TONI HIDAYAT","SPECIAL","BN","35.10.20260818.2","10487385","5,000"
"175495","TONI HIDAYAT","SPECIAL","BJ","35.13.20260818.12","10628992","100,000"
"175495","TONI HIDAYAT","REGULER","BQ","U35.13.20260818.6","10410105","11,000"
"175495","TONI HIDAYAT","SPECIAL","BJ","35.10.20260823.7","10568168","8,000"
"175495","TONI HIDAYAT","REGULER","BJ","35.4.20260823.39","10568167","0"
"175495","TONI HIDAYAT","SPECIAL","BJ","35.4.20260823.39","10560067","10,000"
"175495","TONI HIDAYAT","SPECIAL","BJ","35.4.20260823.39","10654360","9,000"
"175495","TONI HIDAYAT","SPECIAL","BJ","35.4.20260823.39","10695960","50,000"
"175495","TONI HIDAYAT","SPECIAL","BJ","35.4.20260823.39","10661350","50,000"
"175495","TONI HIDAYAT","REGULER","BP","U35.4.20260825.12","10625055","228,000"
"175495","TONI HIDAYAT","REGULER","BM","35.8.20260830.7","10604377","4,000"
"175495","TONI HIDAYAT","REGULER","BA","U35.10.20260830.8","10431067","0"
"175495","TONI HIDAYAT","REGULER","BQ","U35.4.20260831.3","10564050","30,000"
"175495","TONI HIDAYAT","BOOSTER AGT 2026 - FURNI","BQ","U35.4.20260831.3","10564050","50,000"
"176138","AHMAD FADILA","KHUSUS - JULI 2026","BA","U35.6.20260707.4","10682740","65,090"
"176138","AHMAD FADILA","KHUSUS - JULI 2026","BA","U35.6.20260709.4","10680603","226,192"
"176138","AHMAD FADILA","KHUSUS - JULI 2026","BA","U35.13.20260715.5","10644740","69,360"
"176138","AHMAD FADILA","KHUSUS - JULI 2026","BA","U35.8.20260728.7","10632732","90,081"
"176138","AHMAD FADILA","SPECIAL","BJ","35.4.20260801.1","10572377","5,000"
"176138","AHMAD FADILA","REGULER","BN","35.6.20260801.19","10672911","1,000"
"176138","AHMAD FADILA","REGULER","BO","35.6.20260801.27","10506858","0"
"176138","AHMAD FADILA","REGULER","BO","35.6.20260801.27","10632202","2,000"
"176138","AHMAD FADILA","REGULER","BO","35.6.20260801.27","10506860","0"
"176138","AHMAD FADILA","REGULER","BN","35.7.20260801.52","10547542","1,000"
"176138","AHMAD FADILA","REGULER","BL","35.8.20260801.2","10556152","2,000"
"176138","AHMAD FADILA","REGULER","BA","U35.8.20260801.1","10681508","30,000"
"176138","AHMAD FADILA","REGULER","BJ","35.4.20260804.18","10603613","10,000"
"176138","AHMAD FADILA","REGULER","BJ","35.4.20260804.18","10603622","10,000"
"176138","AHMAD FADILA","SPECIAL","BJ","35.4.20260804.18","","6,000"
"176138","AHMAD FADILA","REGULER","BK","35.10.20260805.21","10212798","2,400"
"176138","AHMAD FADILA","REGULER","BL","35.10.20260805.21","10680481","5,000"
"176138","AHMAD FADILA","REGULER","BK","35.3.20260805.10","10397676","1,200"
"176138","AHMAD FADILA","REGULER","BB","U35.10.20260805.3","10574513","5,000"
"176138","AHMAD FADILA","REGULER","BO","35.3.20260808.2","10666061","1,000"
"176138","AHMAD FADILA","REGULER","BN","35.6.20260808.11","10624234","5,000"
"176138","AHMAD FADILA","REGULER","BM","35.6.20260808.11","10566951","4,000"
"176138","AHMAD FADILA","SPECIAL","BN","35.6.20260808.11","10259789","5,000"
"176138","AHMAD FADILA","BOOSTER AGT 2026 - ACCS","BM","35.6.20260808.11","10223283",""
"176138","AHMAD FADILA","BOOSTER AGT 2026 - ACCS","BM","35.6.20260808.11","10566951",""
"176138","AHMAD FADILA","BOOSTER AGT 2026 - ACCS","BM","35.6.20260808.11","10579811",""
"176138","AHMAD FADILA","REGULER","BO","35.8.20260808.53","10506858","0"
"176138","AHMAD FADILA","REGULER","BO","35.8.20260808.53","10632601","1,000"
"176138","AHMAD FADILA","REGULER","BK","35.3.20260809.33","10397679","6,000"
"176138","AHMAD FADILA","REGULER","BD","U35.13.20260809.14","10442168","75,000"
"176138","AHMAD FADILA","KHUSUS","BA","U35.8.20260809.11","10515727","34,587"
"176138","AHMAD FADILA","REGULER","BM","35.6.20260810.3","10132201","2,000"
"176138","AHMAD FADILA","REGULER","BF","U35.4.20260811.2","10507590","16,000"
"176138","AHMAD FADILA","REGULER","BR","U35.4.20260812.8","10590148","30,000"
"176138","AHMAD FADILA","REGULER","BB","35.6.20260813.10","10573844","7,000"
"176138","AHMAD FADILA","REGULER","BO","35.6.20260813.19","10599265","1,000"
"176138","AHMAD FADILA","REGULER","BL","35.10.20260815.21","10503171","2,000"
"176138","AHMAD FADILA","REGULER","BM","35.10.20260815.38","10599300","3,000"
"176138","AHMAD FADILA","REGULER","BN","35.8.20260815.19","10457525","1,000"
"176138","AHMAD FADILA","REGULER","BK","35.6.20260816.22","10291239","3,600"
"176138","AHMAD FADILA","SPECIAL","BJ","35.13.20260821.9","10572019","14,000"
"176138","AHMAD FADILA","SPECIAL","BJ","35.13.20260821.9","","8,000"
"176138","AHMAD FADILA","SPECIAL","BJ","35.13.20260821.9","10572385","5,000"
"176138","AHMAD FADILA","REGULER","BK","35.6.20260821.25","10516721","6,000"
"176138","AHMAD FADILA","BOOSTER AGT 2026 - ACCS","BK","35.6.20260821.25","10516721",""
"176138","AHMAD FADILA","BOOSTER AGT 2026 - ACCS","BK","35.6.20260821.25","10566081",""
"176138","AHMAD FADILA","BOOSTER AGT 2026 - ACCS","BK","35.6.20260821.25","10601495",""
"176138","AHMAD FADILA","REGULER","BP","U35.10.20260821.8","10647093","54,000"
"176138","AHMAD FADILA","REGULER","BQ","U35.13.20260821.2","10636495","25,000"
"176138","AHMAD FADILA","REGULER","BK","35.6.20260823.32","10488658","30,000"
"176138","AHMAD FADILA","BOOSTER AGT 2026 - ACCS","BK","35.6.20260823.32","10488658","75,000"
"176138","AHMAD FADILA","KHUSUS","BA","U35.3.20260823.12","10321710","121,608"
"176138","AHMAD FADILA","REGULER","BM","35.7.20260824.10","10595794","1,000"
"176138","AHMAD FADILA","REGULER","BJ","35.8.20260824.14","10627723","2,000"
"176138","AHMAD FADILA","REGULER","BL","35.8.20260824.24","10708310","6,000"
"176138","AHMAD FADILA","SPECIAL","BL","U35.8.20260824.13","10694054","120,000"
"176138","AHMAD FADILA","BOOSTER AGT 2026 - ACCS","BL","U35.8.20260824.13","10694054","175,000"
"176138","AHMAD FADILA","SPECIAL","BL","35.10.20260826.18","10690166","50,000"
"176138","AHMAD FADILA","BOOSTER AGT 2026 - ACCS","BL","35.10.20260826.18","10690166","75,000"
"176138","AHMAD FADILA","REGULER","BM","35.6.20260826.11","10420957","2,000"
"176138","AHMAD FADILA","REGULER","BN","35.3.20260827.9","10663851","2,000"
"176138","AHMAD FADILA","REGULER","BN","35.3.20260827.9","10704384","5,000"
"176138","AHMAD FADILA","SPECIAL","BJ","35.3.20260827.9","10572378","4,000"
"176138","AHMAD FADILA","SPECIAL","BJ","35.3.20260827.9","10572385","4,000"
"176138","AHMAD FADILA","SPECIAL","BJ","35.3.20260827.9","10572019","11,000"
"176138","AHMAD FADILA","SPECIAL","BN","35.3.20260827.9","10103382","4,000"
"176138","AHMAD FADILA","SPECIAL","BN","35.3.20260827.9","10103378","2,000"
"176138","AHMAD FADILA","SPECIAL","BN","35.3.20260827.9","10103377","2,000"
"176138","AHMAD FADILA","SPECIAL","BN","35.3.20260827.9","10103379","4,000"
"176138","AHMAD FADILA","SPECIAL","BN","35.3.20260827.9","10657067","5,000"
"176138","AHMAD FADILA","SPECIAL","BN","35.3.20260827.9","10666236","10,000"
"176138","AHMAD FADILA","SPECIAL","BJ","35.3.20260827.9","10572360","18,000"
"176138","AHMAD FADILA","SPECIAL","BN","35.3.20260827.9","10052867","2,000"
"176138","AHMAD FADILA","BOOSTER AGT 2026 - ACCS","BL","35.3.20260827.9","10109210",""
"176138","AHMAD FADILA","BOOSTER AGT 2026 - ACCS","BL","35.3.20260827.9","10150083",""
"176138","AHMAD FADILA","BOOSTER AGT 2026 - ACCS","BL","35.3.20260827.9","10458673",""
"176138","AHMAD FADILA","BOOSTER AGT 2026 - ACCS","BL","35.3.20260827.9","10514762",""
"176138","AHMAD FADILA","BOOSTER AGT 2026 - ACCS","BL","35.3.20260827.9","10658439",""
"176138","AHMAD FADILA","BOOSTER AGT 2026 - ACCS","BL","35.3.20260827.9","10684231",""
"176138","AHMAD FADILA","BOOSTER AGT 2026 - ACCS","BL","35.3.20260827.9","10695892",""
"176138","AHMAD FADILA","BOOSTER AGT 2026 - ACCS","BL","35.3.20260827.9","10706236",""
"176138","AHMAD FADILA","SPECIAL","BG","U35.3.20260827.2","10685700","80,000"
"176138","AHMAD FADILA","BOOSTER AGT 2026 - FURNI","BG","U35.3.20260827.2","10685700","30,000"
"176138","AHMAD FADILA","REGULER","BM","35.10.20260829.1","10097234","2,000"
"176138","AHMAD FADILA","REGULER","BO","35.10.20260829.2","10679547","5,000"
"176138","AHMAD FADILA","REGULER","BM","35.4.20260829.12","10132199","2,000"
"176138","AHMAD FADILA","REGULER","BM","35.4.20260829.12","10021016","2,000"
"176138","AHMAD FADILA","REGULER","BM","35.4.20260829.12","10605638","3,000"
"176138","AHMAD FADILA","REGULER","BL","35.4.20260829.12","10706237","2,000"
"176138","AHMAD FADILA","REGULER","BM","35.4.20260829.12","10593569","2,000"
"176138","AHMAD FADILA","SPECIAL","BJ","35.4.20260829.12","10708015","25,000"
"176138","AHMAD FADILA","SPECIAL","BJ","35.4.20260829.12","10572388","5,000"
"176138","AHMAD FADILA","BOOSTER AGT 2026 - ACCS","BM","35.4.20260829.12","10021016",""
"176138","AHMAD FADILA","BOOSTER AGT 2026 - ACCS","BM","35.4.20260829.12","10048068",""
"176138","AHMAD FADILA","BOOSTER AGT 2026 - ACCS","BM","35.4.20260829.12","10132199",""
"176138","AHMAD FADILA","BOOSTER AGT 2026 - ACCS","BM","35.4.20260829.12","10219957",""
"176138","AHMAD FADILA","BOOSTER AGT 2026 - ACCS","BM","35.4.20260829.12","10296304",""
"176138","AHMAD FADILA","BOOSTER AGT 2026 - ACCS","BM","35.4.20260829.12","10464039",""
"176138","AHMAD FADILA","BOOSTER AGT 2026 - ACCS","BM","35.4.20260829.12","10554825",""
"176138","AHMAD FADILA","BOOSTER AGT 2026 - ACCS","BM","35.4.20260829.12","10569993",""
"176138","AHMAD FADILA","BOOSTER AGT 2026 - ACCS","BM","35.4.20260829.12","10593569",""
"176138","AHMAD FADILA","BOOSTER AGT 2026 - ACCS","BM","35.4.20260829.12","10605638",""
"176138","AHMAD FADILA","REGULER","BM","35.6.20260829.6","10604373","20,000"
"176138","AHMAD FADILA","BOOSTER AGT 2026 - ACCS","BM","35.6.20260829.6","10604373","75,000"
"176138","AHMAD FADILA","REGULER","BD","U35.13.20260830.3","10633365","65,000"
"176138","AHMAD FADILA","KHUSUS","BA","U35.13.20260830.3","10027167","171,162"
"176138","AHMAD FADILA","REGULER","BQ","U35.6.20260830.23","10499721","20,000"
"176138","AHMAD FADILA","REGULER","BB","U35.6.20260830.23","10717870","12,000"
"176138","AHMAD FADILA","REGULER","BF","U35.6.20260830.23","10313415","10,000"
"176138","AHMAD FADILA","REGULER","BP","U35.6.20260830.23","10549680","10,800"
"176138","AHMAD FADILA","REGULER","BQ","U35.6.20260830.23","10588755","13,000"
"176138","AHMAD FADILA","REGULER","BP","U35.6.20260830.23","10625057","18,000"
"176138","AHMAD FADILA","REGULER","BF","U35.6.20260830.23","10507587","14,000"
"176138","AHMAD FADILA","REGULER","BL","U35.10.20260831.2","10708310","4,000"
"176138","AHMAD FADILA","REGULER","BA","U35.10.20260831.2","10681533","55,000"
"176138","AHMAD FADILA","REGULER","BP","U35.13.20260831.6","10532346","54,000"
"176138","AHMAD FADILA","REGULER","BQ","U35.13.20260831.6","","45,000"
"176138","AHMAD FADILA","BOOSTER AGT 2026 - FURNI","BP","U35.13.20260831.6","10532346","70,000"
"176138","AHMAD FADILA","REGULER","BD","U35.3.20260831.10","10375949","90,000"
"175694","TIFANI HERAWATI","REGULER","BG","35.13.20260801.13","10508199","7,000"
"175694","TIFANI HERAWATI","REGULER","BM","35.13.20260801.13","10588841","2,000"
"175694","TIFANI HERAWATI","REGULER","BK","35.8.20260802.31","10566087","4,800"
"175694","TIFANI HERAWATI","REGULER","BN","35.8.20260802.49","10187945","2,000"
"175694","TIFANI HERAWATI","REGULER","BL","U35.6.20260802.6","10490481","1,000"
"175694","TIFANI HERAWATI","REGULER","BM","U35.6.20260802.6","10229517","5,000"
"175694","TIFANI HERAWATI","REGULER","BB","U35.6.20260802.6","10593354","6,000"
"175694","TIFANI HERAWATI","REGULER","BC","U35.8.20260802.13","10652858","50,000"
"175694","TIFANI HERAWATI","REGULER","BN","35.3.20260804.2","10630364","4,000"
"175694","TIFANI HERAWATI","REGULER","BQ","U35.13.20260805.5","10603609","17,000"
"175694","TIFANI HERAWATI","BOOSTER AGT 2026 - FURNI","BQ","U35.13.20260805.5","10603609","30,000"
"175694","TIFANI HERAWATI","REGULER","BR","U35.6.20260805.2","10592536","21,000"
"175694","TIFANI HERAWATI","REGULER","BE","U35.6.20260805.2","10575154","14,000"
"175694","TIFANI HERAWATI","REGULER","BN","35.3.20260806.14","10540066","0"
"175694","TIFANI HERAWATI","REGULER","BN","35.3.20260807.14","10541169","3,000"
"175694","TIFANI HERAWATI","REGULER","BN","35.3.20260807.14","10541166","2,000"
"175694","TIFANI HERAWATI","REGULER","BB","35.6.20260807.17","10615048","10,000"
"175694","TIFANI HERAWATI","REGULER","BL","35.6.20260807.17","10680485","5,000"
"175694","TIFANI HERAWATI","REGULER","BL","35.7.20260808.41","10483294","5,000"
"175694","TIFANI HERAWATI","REGULER","BD","U35.3.20260809.6","10564573","25,000"
"175694","TIFANI HERAWATI","REGULER","BA","U35.3.20260809.6","10564446","75,000"
"175694","TIFANI HERAWATI","REGULER","BM","35.10.20260812.16","10420957","2,000"
"175694","TIFANI HERAWATI","REGULER","BI","35.10.20260812.17","10670392","1,200"
"175694","TIFANI HERAWATI","REGULER","BL","35.13.20260813.10","10708311","4,000"
"175694","TIFANI HERAWATI","REGULER","BL","35.13.20260813.10","10708310","4,000"
"175694","TIFANI HERAWATI","SPECIAL","BJ","35.13.20260813.10","10572018","12,000"
"175694","TIFANI HERAWATI","SPECIAL","BJ","35.13.20260813.10","10572374","20,000"
"175694","TIFANI HERAWATI","SPECIAL","BJ","35.13.20260813.10","10572033","12,000"
"175694","TIFANI HERAWATI","SPECIAL","BJ","35.13.20260813.10","10572388","4,000"
"175694","TIFANI HERAWATI","SPECIAL","BJ","35.13.20260813.10","10572385","12,000"
"175694","TIFANI HERAWATI","SPECIAL","BJ","35.13.20260813.10","10572381","4,000"
"175694","TIFANI HERAWATI","SPECIAL","BJ","35.13.20260813.10","10572359","20,000"
"175694","TIFANI HERAWATI","SPECIAL","BJ","35.13.20260813.10","10572383","8,000"
"175694","TIFANI HERAWATI","SPECIAL","BJ","35.13.20260813.10","10572378","8,000"
"175694","TIFANI HERAWATI","SPECIAL","BJ","35.13.20260813.10","10572390","12,000"
"175694","TIFANI HERAWATI","BOOSTER AGT 2026 - ACCS","BL","35.13.20260813.10","10708310","12,500"
"175694","TIFANI HERAWATI","BOOSTER AGT 2026 - ACCS","BL","35.13.20260813.10","10708311","12,500"
"175694","TIFANI HERAWATI","REGULER","BF","U35.13.20260813.5","10518674","18,000"
"175694","TIFANI HERAWATI","KHUSUS","BA","U35.13.20260813.5","10568398","105,405"
"175694","TIFANI HERAWATI","KHUSUS","BA","U35.13.20260813.5","10568399","105,405"
"175694","TIFANI HERAWATI","REGULER","BK","35.10.20260815.12","10676060","6,000"
"175694","TIFANI HERAWATI","REGULER","BK","35.10.20260815.12","10541975","14,400"
"175694","TIFANI HERAWATI","REGULER","BK","35.10.20260815.12","10595853","2,400"
"175694","TIFANI HERAWATI","BOOSTER AGT 2026 - ACCS","BK","35.10.20260815.12","10541975",""
"175694","TIFANI HERAWATI","BOOSTER AGT 2026 - ACCS","BK","35.10.20260815.12","10595853",""
"175694","TIFANI HERAWATI","BOOSTER AGT 2026 - ACCS","BK","35.10.20260815.12","10676060",""
"175694","TIFANI HERAWATI","REGULER","BK","35.3.20260815.8","10472435","0"
"175694","TIFANI HERAWATI","REGULER","BD","35.7.20260815.21","10587666","2,000"
"175694","TIFANI HERAWATI","REGULER","BC","U35.10.20260816.8","10681941","80,000"
"175694","TIFANI HERAWATI","SPECIAL","BL","U35.10.20260816.9","10690165","50,000"
"175694","TIFANI HERAWATI","BOOSTER AGT 2026 - ACCS","BL","U35.10.20260816.9","10690165","75,000"
"175694","TIFANI HERAWATI","BOOSTER AGT 2026 - ACCS","BM","35.3.20260817.47","10593427",""
"175694","TIFANI HERAWATI","BOOSTER AGT 2026 - ACCS","BM","35.3.20260817.47","10686004",""
"175694","TIFANI HERAWATI","REGULER","BN","35.7.20260817.40","10137002","1,000"
"175694","TIFANI HERAWATI","REGULER","BK","35.7.20260817.42","10600201","2,400"
"175694","TIFANI HERAWATI","REGULER","BA","U35.6.20260817.5","10681507","0"
"175694","TIFANI HERAWATI","KHUSUS","BA","U35.6.20260817.5","10681538","378,365"
"175694","TIFANI HERAWATI","SPECIAL","BL","U35.6.20260817.6","10501637","50,000"
"175694","TIFANI HERAWATI","BOOSTER AGT 2026 - ACCS","BL","U35.6.20260817.6","10501637","50,000"
"175694","TIFANI HERAWATI","SPECIAL","BN","35.10.20260822.29","10675111","10,000"
"175694","TIFANI HERAWATI","REGULER","BK","U35.10.20260822.8","10697132","2,400"
"175694","TIFANI HERAWATI","REGULER","BK","U35.10.20260822.8","10573496","2,400"
"175694","TIFANI HERAWATI","REGULER","BK","U35.10.20260822.8","10344630","3,600"
"175694","TIFANI HERAWATI","REGULER","BK","U35.10.20260822.8","10515795","19,200"
"175694","TIFANI HERAWATI","BOOSTER AGT 2026 - ACCS","BK","U35.10.20260822.8","10344630",""
"175694","TIFANI HERAWATI","BOOSTER AGT 2026 - ACCS","BK","U35.10.20260822.8","10515795",""
"175694","TIFANI HERAWATI","BOOSTER AGT 2026 - ACCS","BK","U35.10.20260822.8","10573496",""
"175694","TIFANI HERAWATI","BOOSTER AGT 2026 - ACCS","BK","U35.10.20260822.8","10697132",""
"175694","TIFANI HERAWATI","REGULER","BL","U35.3.20260822.10","10680484","5,000"
"175694","TIFANI HERAWATI","REGULER","BE","U35.7.20260822.8","10603369","16,000"
"175694","TIFANI HERAWATI","REGULER","BI","U35.6.20260823.17","10702679","10,800"
"175694","TIFANI HERAWATI","REGULER","BI","U35.6.20260823.17","10702680","10,800"
"175694","TIFANI HERAWATI","KHUSUS","BA","U35.6.20260823.17","10558713","437,809"
"175694","TIFANI HERAWATI","SPECIAL","BB","U35.6.20260823.18","10700155","50,000"
"175694","TIFANI HERAWATI","SPECIAL","BN","35.3.20260824.34","10559960","5,000"
"175694","TIFANI HERAWATI","REGULER","BK","35.10.20260825.15","10392721","1,200"
"175694","TIFANI HERAWATI","REGULER","BK","35.10.20260825.44","10467783","8,400"
"175694","TIFANI HERAWATI","REGULER","BF","35.10.20260825.44","10640938","2,000"
"175694","TIFANI HERAWATI","BOOSTER AGT 2026 - ACCS","BK","35.10.20260825.44","10467783","25,000"
"175694","TIFANI HERAWATI","REGULER","BK","35.10.20260825.45","10600994","6,000"
"175694","TIFANI HERAWATI","BOOSTER AGT 2026 - ACCS","BK","35.10.20260825.45","10600994",""
"175694","TIFANI HERAWATI","BOOSTER AGT 2026 - ACCS","BK","35.10.20260825.45","10700474",""
"175694","TIFANI HERAWATI","BOOSTER AGT 2026 - ACCS","BK","35.10.20260825.45","10700479",""
"175694","TIFANI HERAWATI","REGULER","BQ","U35.13.20260825.11","10666140","17,000"
"175694","TIFANI HERAWATI","SPECIAL","BF","U35.13.20260825.8","10213562","45,000"
"175694","TIFANI HERAWATI","SPECIAL","BG","U35.13.20260825.8","10590120","80,000"
"175694","TIFANI HERAWATI","REGULER","BK","U35.13.20260826.18","10245248","2,400"
"175694","TIFANI HERAWATI","REGULER","BK","U35.13.20260826.18","10616484","6,000"
"175694","TIFANI HERAWATI","SPECIAL","BN","U35.13.20260826.18","10631399","5,000"
"175694","TIFANI HERAWATI","BOOSTER AGT 2026 - ACCS","BK","U35.13.20260826.18","10245248",""
"175694","TIFANI HERAWATI","BOOSTER AGT 2026 - ACCS","BK","U35.13.20260826.18","10490262",""
"175694","TIFANI HERAWATI","BOOSTER AGT 2026 - ACCS","BK","U35.13.20260826.18","10616484",""
"175694","TIFANI HERAWATI","BOOSTER AGT 2026 - ACCS","BK","U35.13.20260826.18","10656084",""
"175694","TIFANI HERAWATI","BOOSTER AGT 2026 - ACCS","BK","U35.13.20260826.18","10656085",""
"175694","TIFANI HERAWATI","BOOSTER AGT 2026 - ACCS","BK","U35.13.20260826.18","10656086",""
"175694","TIFANI HERAWATI","REGULER","BM","35.10.20260829.21","10021017","3,000"
"175694","TIFANI HERAWATI","REGULER","BO","35.10.20260829.22","10565011","1,000"
"175694","TIFANI HERAWATI","REGULER","BL","35.10.20260829.22","10457023","9,000"
"175694","TIFANI HERAWATI","BOOSTER AGT 2026 - ACCS","BL","35.10.20260829.22","10457023","25,000"
"175694","TIFANI HERAWATI","REGULER","BK","35.6.20260829.9","10548973","3,600"
"175694","TIFANI HERAWATI","REGULER","BK","35.6.20260829.9","10542777","12,000"
"175694","TIFANI HERAWATI","REGULER","BA","35.6.20260829.9","10601011","11,000"
"175694","TIFANI HERAWATI","SPECIAL","BJ","35.6.20260829.9","10695142","2,000"
"175694","TIFANI HERAWATI","BOOSTER AGT 2026 - ACCS","BK","35.6.20260829.9","10542777",""
"175694","TIFANI HERAWATI","BOOSTER AGT 2026 - ACCS","BK","35.6.20260829.9","10548973",""
"175694","TIFANI HERAWATI","BOOSTER AGT 2026 - ACCS","BK","35.6.20260829.9","10664240",""
"175694","TIFANI HERAWATI","REGULER","BO","35.3.20260830.6","10666065","1,000"
"175694","TIFANI HERAWATI","REGULER","BC","U35.8.20260830.5","10686195","40,000"
"175694","TIFANI HERAWATI","REGULER","BQ","35.0.20260831.1","10666140","-17,000"
"175694","TIFANI HERAWATI","REGULER","BQ","U35.3.20260831.1","10666139","17,000"
"193688","RUDI TRESNA","KHUSUS - JULI 2026","BA","U35.7.20260715.4","10681538","405,223"
"193688","RUDI TRESNA","KHUSUS - JULI 2026","BA","35.3.20260720.12","10681538","405,223"
"193688","RUDI TRESNA","SPECIAL","BB","U35.3.20260801.1","10657139","100,000"
"193688","RUDI TRESNA","REGULER","BN","35.10.20260802.33","10630553","2,000"
"193688","RUDI TRESNA","REGULER","BN","35.10.20260802.33","10688658","3,000"
"193688","RUDI TRESNA","SPECIAL","BN","35.10.20260802.47","10609942","10,000"
"193688","RUDI TRESNA","REGULER","BD","U35.3.20260802.11","10580404","25,000"
"193688","RUDI TRESNA","REGULER","BE","U35.3.20260802.11","10552508","11,000"
"193688","RUDI TRESNA","REGULER","BE","U35.3.20260802.11","10552509","7,000"
"193688","RUDI TRESNA","REGULER","BF","U35.3.20260802.11","10640939","2,000"
"193688","RUDI TRESNA","REGULER","BB","U35.3.20260802.11","10199864","20,000"
"193688","RUDI TRESNA","REGULER","BB","U35.3.20260802.11","10208196","8,000"
"193688","RUDI TRESNA","REGULER","BB","U35.3.20260802.11","10350221","9,000"
"193688","RUDI TRESNA","SPECIAL","BF","U35.3.20260802.11","10624204","30,000"
"193688","RUDI TRESNA","REGULER","BF","35.6.20260806.17","10613341","12,000"
"193688","RUDI TRESNA","REGULER","BB","35.6.20260806.17","10350222","9,000"
"193688","RUDI TRESNA","REGULER","BO","35.8.20260806.19","10523704","0"
"193688","RUDI TRESNA","REGULER","BO","35.8.20260806.19","10554233","1,000"
"193688","RUDI TRESNA","REGULER","BB","U35.8.20260806.8","10615048","10,000"
"193688","RUDI TRESNA","REGULER","BK","U35.10.20260809.14","10639312","15,600"
"193688","RUDI TRESNA","REGULER","BC","U35.10.20260809.14","10635421","40,000"
"193688","RUDI TRESNA","REGULER","BD","U35.10.20260809.14","10580404","25,000"
"193688","RUDI TRESNA","REGULER","BO","U35.10.20260809.14","10569266","8,000"
"193688","RUDI TRESNA","BOOSTER AGT 2026 - ACCS","BK","U35.10.20260809.14","10639312","25,000"
"193688","RUDI TRESNA","REGULER","BG","U35.13.20260809.2","10508199","7,000"
"193688","RUDI TRESNA","REGULER","BP","U35.13.20260809.2","10593844","36,000"
"193688","RUDI TRESNA","SPECIAL","BF","U35.13.20260809.23","10602206","25,000"
"193688","RUDI TRESNA","REGULER","BC","U35.6.20260809.14","10608121","95,000"
"193688","RUDI TRESNA","SPECIAL","BJ","35.4.20260810.7","10610085","3,000"
"193688","RUDI TRESNA","SPECIAL","BJ","35.4.20260810.7","10609640","8,000"
"193688","RUDI TRESNA","SPECIAL","BJ","35.4.20260810.7","10610077","3,000"
"193688","RUDI TRESNA","REGULER","BC","U35.10.20260810.7","10703043","55,000"
"193688","RUDI TRESNA","SPECIAL","BL","U35.10.20260810.7","10474297","20,000"
"193688","RUDI TRESNA","BOOSTER AGT 2026 - ACCS","BL","U35.10.20260810.7","10474297","50,000"
"193688","RUDI TRESNA","REGULER","BD","35.7.20260812.2","10612732","1,000"
"193688","RUDI TRESNA","KHUSUS","BB","35.7.20260812.2","10285914","11,818"
"193688","RUDI TRESNA","REGULER","BF","U35.7.20260812.1","10477918","6,000"
"193688","RUDI TRESNA","REGULER","BD","U35.7.20260812.6","10633365","0"
"193688","RUDI TRESNA","SPECIAL","BD","U35.7.20260812.6","10571750","0"
"193688","RUDI TRESNA","REGULER","BQ","U35.7.20260812.8","10148885","25,000"
"193688","RUDI TRESNA","REGULER","BG","35.6.20260813.25","10502873","10,000"
"193688","RUDI TRESNA","REGULER","BD","35.7.20260813.9","10595468","2,000"
"193688","RUDI TRESNA","REGULER","BL","35.8.20260813.21","10550390","2,000"
"193688","RUDI TRESNA","REGULER","BM","35.8.20260813.21","10605637","3,000"
"193688","RUDI TRESNA","BOOSTER AGT 2026 - ACCS","BK","35.8.20260813.21","10491271",""
"193688","RUDI TRESNA","BOOSTER AGT 2026 - ACCS","BK","35.8.20260813.21","10558243",""
"193688","RUDI TRESNA","BOOSTER AGT 2026 - ACCS","BK","35.8.20260813.21","10604483",""
"193688","RUDI TRESNA","BOOSTER AGT 2026 - ACCS","BK","35.8.20260813.21","10664242",""
"193688","RUDI TRESNA","BOOSTER AGT 2026 - ACCS","BK","35.8.20260813.21","10701079",""
"193688","RUDI TRESNA","REGULER","BK","35.10.20260815.22","10628691","8,400"
"193688","RUDI TRESNA","BOOSTER AGT 2026 - ACCS","BK","35.10.20260815.22","10628691","25,000"
"193688","RUDI TRESNA","KHUSUS","BA","U35.10.20260815.8","10665626","45,036"
"193688","RUDI TRESNA","REGULER","BB","U35.7.20260815.14","10573844","7,000"
"193688","RUDI TRESNA","REGULER","BB","U35.7.20260815.14","10663875","19,000"
"193688","RUDI TRESNA","KHUSUS","BB","U35.7.20260815.14","10615127","18,373"
"193688","RUDI TRESNA","REGULER","BJ","35.7.20260816.39","10695143","8,000"
"193688","RUDI TRESNA","REGULER","BJ","35.7.20260816.39","10680632","7,000"
"193688","RUDI TRESNA","SPECIAL","BN","35.7.20260816.39","10556642","10,000"
"193688","RUDI TRESNA","SPECIAL","BJ","35.7.20260816.39","10695142","2,000"
"193688","RUDI TRESNA","REGULER","BO","35.8.20260816.15","10644511","1,000"
"193688","RUDI TRESNA","REGULER","BO","35.8.20260816.16","10666060","2,000"
"193688","RUDI TRESNA","REGULER","BB","U35.10.20260816.14","10350221","9,000"
"193688","RUDI TRESNA","KHUSUS","BA","U35.10.20260816.14","10634167","170,257"
"193688","RUDI TRESNA","REGULER","BC","U35.8.20260816.5","10559280","50,000"
"193688","RUDI TRESNA","SPECIAL","BL","U35.8.20260816.5","10571372","20,000"
"193688","RUDI TRESNA","BOOSTER AGT 2026 - ACCS","BL","U35.8.20260816.5","10571372","50,000"
"193688","RUDI TRESNA","REGULER","BD","35.7.20260819.9","10612729","1,000"
"193688","RUDI TRESNA","REGULER","BD","U35.0.20260819.1","10633365","-65,000"
"193688","RUDI TRESNA","SPECIAL","BD","U35.0.20260819.1","10571750","-700,000"
"193688","RUDI TRESNA","REGULER","BD","U35.3.20260819.3","10633365","65,000"
"193688","RUDI TRESNA","SPECIAL","BG","U35.3.20260819.3","10564315","80,000"
"193688","RUDI TRESNA","SPECIAL","BD","U35.3.20260819.3","10571750","700,000"
"193688","RUDI TRESNA","SPECIAL","BG","U35.3.20260819.3","10564316","80,000"
"193688","RUDI TRESNA","REGULER","BO","35.78.20260820.15","10599270","1,000"
"193688","RUDI TRESNA","REGULER","BM","35.78.20260820.19","10554523","3,000"
"193688","RUDI TRESNA","REGULER","BM","35.78.20260820.25","10594886","3,000"
"193688","RUDI TRESNA","BOOSTER AGT 2026 - ACCS","BK","35.78.20260820.27","10534571","25,000"
"193688","RUDI TRESNA","REGULER","BO","35.78.20260820.35","10550340","0"
"193688","RUDI TRESNA","REGULER","BN","35.78.20260820.38","10054133","2,000"
"193688","RUDI TRESNA","REGULER","BO","35.78.20260820.41","10569269","6,000"
"193688","RUDI TRESNA","REGULER","BO","35.78.20260820.8","10594770","0"
"193688","RUDI TRESNA","REGULER","BN","35.3.20260823.33","10540067","0"
"193688","RUDI TRESNA","REGULER","BL","35.8.20260823.16","10708309","4,000"
"193688","RUDI TRESNA","REGULER","BO","35.8.20260823.31","10666060","2,000"
"193688","RUDI TRESNA","SPECIAL","BJ","35.8.20260823.31","","6,000"
"193688","RUDI TRESNA","SPECIAL","BL","U35.10.20260823.15","10632130","70,000"
"193688","RUDI TRESNA","BOOSTER AGT 2026 - ACCS","BL","U35.10.20260823.15","10632130","125,000"
"193688","RUDI TRESNA","KHUSUS","BA","U35.8.20260823.6","10680479","49,541"
"193688","RUDI TRESNA","SPECIAL","BN","35.8.20260825.26","10349990","14,000"
"193688","RUDI TRESNA","SPECIAL","BN","35.8.20260825.26","10349993","7,000"
"193688","RUDI TRESNA","REGULER","BL","35.8.20260826.19","10516803","2,000"
"193688","RUDI TRESNA","SPECIAL","BJ","35.10.20260827.3","10568168","4,000"
"193688","RUDI TRESNA","REGULER","BM","35.10.20260827.9","10029821","3,000"
"193688","RUDI TRESNA","REGULER","BM","U35.10.20260827.3","10172886","4,000"
"193688","RUDI TRESNA","REGULER","BM","U35.10.20260827.3","10599301","2,000"
"193688","RUDI TRESNA","BOOSTER AGT 2026 - ACCS","BM","U35.10.20260827.3","10172886",""
"193688","RUDI TRESNA","BOOSTER AGT 2026 - ACCS","BM","U35.10.20260827.3","10599301",""
"193688","RUDI TRESNA","REGULER","BO","35.13.20260828.14","10599266","1,000"
"193688","RUDI TRESNA","REGULER","DB","35.3.20260830.33","10622148","6,000"
"194646","ADITYA KUSUMA YUDISTIRA","SPECIAL","BD","35.0.20260802.3","10219275","-200,000"
"194646","ADITYA KUSUMA YUDISTIRA","BOOSTER AGT 2026 - FURNI","BD","35.0.20260802.3","10219275","-50,000"
"194646","ADITYA KUSUMA YUDISTIRA","REGULER","BD","35.3.20260802.41","10219273","30,000"
"194646","ADITYA KUSUMA YUDISTIRA","SPECIAL","BJ","35.13.20260803.19","10470621","10,000"
"194646","ADITYA KUSUMA YUDISTIRA","SPECIAL","BJ","35.13.20260803.19","10643625","30,000"
"194646","ADITYA KUSUMA YUDISTIRA","REGULER","BG","U35.13.20260803.10","10469825","14,000"
"194646","ADITYA KUSUMA YUDISTIRA","REGULER","BD","U35.13.20260803.9","10138337","1,000"
"194646","ADITYA KUSUMA YUDISTIRA","REGULER","BR","U35.4.20260803.4","10618481","13,500"
"194646","ADITYA KUSUMA YUDISTIRA","SPECIAL","BJ","35.13.20260805.21","10444667","15,000"
"194646","ADITYA KUSUMA YUDISTIRA","REGULER","BF","35.13.20260805.22","10477918","6,000"
"194646","ADITYA KUSUMA YUDISTIRA","REGULER","BL","35.6.20260806.10","10694066","5,000"
"194646","ADITYA KUSUMA YUDISTIRA","REGULER","BL","35.6.20260806.10","10694064","11,000"
"194646","ADITYA KUSUMA YUDISTIRA","BOOSTER AGT 2026 - ACCS","BL","35.6.20260806.10","10632137",""
"194646","ADITYA KUSUMA YUDISTIRA","BOOSTER AGT 2026 - ACCS","BL","35.6.20260806.10","10694064",""
"194646","ADITYA KUSUMA YUDISTIRA","BOOSTER AGT 2026 - ACCS","BL","35.6.20260806.10","10694066",""
"194646","ADITYA KUSUMA YUDISTIRA","REGULER","BK","35.8.20260808.64","10463228","3,600"
"194646","ADITYA KUSUMA YUDISTIRA","REGULER","BL","35.8.20260808.64","10588632","4,000"
"194646","ADITYA KUSUMA YUDISTIRA","KHUSUS","BA","U35.8.20260808.18","10634166","170,257"
"194646","ADITYA KUSUMA YUDISTIRA","REGULER","BL","U35.8.20260808.19","10550402","5,000"
"194646","ADITYA KUSUMA YUDISTIRA","KHUSUS","BA","U35.8.20260808.27","10680603","226,192"
"194646","ADITYA KUSUMA YUDISTIRA","REGULER","BR","U35.8.20260808.6","10471861","45,000"
"194646","ADITYA KUSUMA YUDISTIRA","REGULER","BP","U35.8.20260808.6","10679428","24,000"
"194646","ADITYA KUSUMA YUDISTIRA","REGULER","BB","U35.6.20260809.3","10622188","20,000"
"194646","ADITYA KUSUMA YUDISTIRA","SPECIAL","BG","U35.13.20260811.11","10422456","50,000"
"194646","ADITYA KUSUMA YUDISTIRA","REGULER","BR","U35.4.20260811.3","10275775","21,000"
"194646","ADITYA KUSUMA YUDISTIRA","REGULER","BF","U35.13.20260813.3","10604394","10,000"
"194646","ADITYA KUSUMA YUDISTIRA","REGULER","BQ","U35.6.20260813.7","10508262","14,000"
"194646","ADITYA KUSUMA YUDISTIRA","BOOSTER AGT 2026 - FURNI","BI","U35.6.20260813.7","10689220","25,000"
"194646","ADITYA KUSUMA YUDISTIRA","BOOSTER AGT 2026 - FURNI","BI","U35.6.20260813.7","10689221","25,000"
"194646","ADITYA KUSUMA YUDISTIRA","BOOSTER AGT 2026 - FURNI","BI","U35.6.20260813.7","10690168","45,000"
"194646","ADITYA KUSUMA YUDISTIRA","REGULER","BB","U35.6.20260813.8","10439541","20,000"
"194646","ADITYA KUSUMA YUDISTIRA","REGULER","BH","U35.10.20260814.7","10426856","95,000"
"194646","ADITYA KUSUMA YUDISTIRA","REGULER","BQ","U35.13.20260814.8","10666134","10,000"
"194646","ADITYA KUSUMA YUDISTIRA","REGULER","AB","35.0.20260816.1","10606134","-65,000"
"194646","ADITYA KUSUMA YUDISTIRA","REGULER","BC","35.10.20260816.13","10606134","45,000"
"194646","ADITYA KUSUMA YUDISTIRA","REGULER","BC","U35.10.20260816.5","10250050","50,000"
"194646","ADITYA KUSUMA YUDISTIRA","REGULER","BR","35.6.20260822.3","10545457","16,500"
"194646","ADITYA KUSUMA YUDISTIRA","REGULER","BC","U35.8.20260822.7","10515224","130,000"
"194646","ADITYA KUSUMA YUDISTIRA","REGULER","BC","U35.8.20260822.8","10536371","35,000"
"194646","ADITYA KUSUMA YUDISTIRA","SPECIAL","BL","U35.8.20260822.8","10694054","120,000"
"194646","ADITYA KUSUMA YUDISTIRA","BOOSTER AGT 2026 - ACCS","BL","U35.8.20260822.8","10694054","175,000"
"194646","ADITYA KUSUMA YUDISTIRA","REGULER","BL","35.6.20260823.21","10677733","4,000"
"194646","ADITYA KUSUMA YUDISTIRA","REGULER","BL","35.6.20260823.21","10676248","8,000"
"194646","ADITYA KUSUMA YUDISTIRA","REGULER","BL","35.6.20260823.21","10677734","4,000"
"194646","ADITYA KUSUMA YUDISTIRA","REGULER","BL","35.6.20260823.21","10676653","3,000"
"194646","ADITYA KUSUMA YUDISTIRA","REGULER","BL","35.6.20260823.21","10488929","5,000"
"194646","ADITYA KUSUMA YUDISTIRA","REGULER","BL","35.6.20260823.21","10457016","7,000"
"194646","ADITYA KUSUMA YUDISTIRA","REGULER","BL","35.6.20260823.21","10677732","3,000"
"194646","ADITYA KUSUMA YUDISTIRA","REGULER","BM","35.6.20260823.21","10132199","2,000"
"194646","ADITYA KUSUMA YUDISTIRA","REGULER","BL","35.6.20260823.21","10707069","2,000"
"194646","ADITYA KUSUMA YUDISTIRA","BOOSTER AGT 2026 - ACCS","BL","35.6.20260823.21","10457016",""
"194646","ADITYA KUSUMA YUDISTIRA","BOOSTER AGT 2026 - ACCS","BL","35.6.20260823.21","10488929",""
"194646","ADITYA KUSUMA YUDISTIRA","BOOSTER AGT 2026 - ACCS","BL","35.6.20260823.21","10676248",""
"194646","ADITYA KUSUMA YUDISTIRA","BOOSTER AGT 2026 - ACCS","BL","35.6.20260823.21","10676653",""
"194646","ADITYA KUSUMA YUDISTIRA","BOOSTER AGT 2026 - ACCS","BL","35.6.20260823.21","10677732",""
"194646","ADITYA KUSUMA YUDISTIRA","BOOSTER AGT 2026 - ACCS","BL","35.6.20260823.21","10677733",""
"194646","ADITYA KUSUMA YUDISTIRA","BOOSTER AGT 2026 - ACCS","BL","35.6.20260823.21","10677734",""
"194646","ADITYA KUSUMA YUDISTIRA","BOOSTER AGT 2026 - ACCS","BL","35.6.20260823.21","10707067",""
"194646","ADITYA KUSUMA YUDISTIRA","BOOSTER AGT 2026 - ACCS","BL","35.6.20260823.21","10707069",""
"194646","ADITYA KUSUMA YUDISTIRA","REGULER","BF","U35.4.20260823.28","10701131","30,000"
"194646","ADITYA KUSUMA YUDISTIRA","BOOSTER AGT 2026 - ACCS","BM","U35.6.20260823.8","10657106","25,000"
"194646","ADITYA KUSUMA YUDISTIRA","KHUSUS","BA","U35.6.20260824.1","10634292","153,144"
"194646","ADITYA KUSUMA YUDISTIRA","SPECIAL","BG","U35.4.20260825.15","10590729","80,000"
"194646","ADITYA KUSUMA YUDISTIRA","SPECIAL","BJ","35.4.20260827.3","10661427","20,000"
"194646","ADITYA KUSUMA YUDISTIRA","SPECIAL","BJ","35.4.20260827.3","10597127","4,000"
"194646","ADITYA KUSUMA YUDISTIRA","REGULER","BL","35.10.20260829.26","10515705","1,000"
"194646","ADITYA KUSUMA YUDISTIRA","REGULER","BJ","35.6.20260829.50","10568167","0"
"194646","ADITYA KUSUMA YUDISTIRA","SPECIAL","BJ","35.6.20260829.50","10559815","50,000"
"194646","ADITYA KUSUMA YUDISTIRA","REGULER","BO","35.8.20260829.32","10506858","0"
"194646","ADITYA KUSUMA YUDISTIRA","REGULER","DB","35.8.20260829.32","10574052","9,000"
"194646","ADITYA KUSUMA YUDISTIRA","REGULER","BO","35.8.20260829.32","10570203","1,000"
"194646","ADITYA KUSUMA YUDISTIRA","REGULER","BN","35.8.20260829.32","10508193","2,000"
"194646","ADITYA KUSUMA YUDISTIRA","SPECIAL","BN","35.8.20260829.32","10644136","4,000"
"194646","ADITYA KUSUMA YUDISTIRA","BOOSTER AGT 2026 - ACCS","DB","35.8.20260829.32","10441566",""
"194646","ADITYA KUSUMA YUDISTIRA","BOOSTER AGT 2026 - ACCS","DB","35.8.20260829.32","10574052",""
"194646","ADITYA KUSUMA YUDISTIRA","REGULER","BM","U35.13.20260829.8","10332140","115,000"
"194646","ADITYA KUSUMA YUDISTIRA","BOOSTER AGT 2026 - ACCS","BM","U35.13.20260829.8","10332140","425,000"
"194646","ADITYA KUSUMA YUDISTIRA","SPECIAL","BF","U35.4.20260830.4","10681575","45,000"
"194646","ADITYA KUSUMA YUDISTIRA","SPECIAL","BF","U35.4.20260830.4","10490261","25,000"
"194646","ADITYA KUSUMA YUDISTIRA","SPECIAL","BF","U35.4.20260830.4","10490258","25,000"
"194646","ADITYA KUSUMA YUDISTIRA","REGULER","BP","U35.10.20260831.10","10679428","24,000"
"188489","SUDIARTO AGUS NUR ROHMAN","KHUSUS - JULI 2026","BA","U35.3.20260719.13","10578759","175,662"
"188489","SUDIARTO AGUS NUR ROHMAN","SPECIAL","BJ","35.13.20260802.4","10661880","7,000"
"188489","SUDIARTO AGUS NUR ROHMAN","SPECIAL","BJ","35.13.20260802.4","10609633","7,000"
"188489","SUDIARTO AGUS NUR ROHMAN","SPECIAL","BJ","35.13.20260802.4","10560149","2,000"
"188489","SUDIARTO AGUS NUR ROHMAN","REGULER","BD","U35.10.20260802.10","10633221","35,000"
"188489","SUDIARTO AGUS NUR ROHMAN","REGULER","BF","U35.10.20260802.10","10602898","13,000"
"188489","SUDIARTO AGUS NUR ROHMAN","REGULER","BF","U35.10.20260802.10","10313415","9,000"
"188489","SUDIARTO AGUS NUR ROHMAN","REGULER","BF","U35.10.20260802.10","10670725","16,000"
"188489","SUDIARTO AGUS NUR ROHMAN","REGULER","BF","U35.10.20260802.10","10507587","14,000"
"188489","SUDIARTO AGUS NUR ROHMAN","KHUSUS","BA","U35.10.20260802.10","10644741","85,577"
"188489","SUDIARTO AGUS NUR ROHMAN","SPECIAL","BF","U35.10.20260802.10","10624204","30,000"
"188489","SUDIARTO AGUS NUR ROHMAN","SPECIAL","BG","U35.10.20260802.10","10566546","80,000"
"188489","SUDIARTO AGUS NUR ROHMAN","SPECIAL","BG","U35.10.20260802.10","10577268","80,000"
"188489","SUDIARTO AGUS NUR ROHMAN","REGULER","BP","U35.10.20260802.11","10643609","36,000"
"188489","SUDIARTO AGUS NUR ROHMAN","REGULER","BN","35.3.20260804.7","10641557","3,000"
"188489","SUDIARTO AGUS NUR ROHMAN","REGULER","BI","35.4.20260804.7","10702673","4,800"
"188489","SUDIARTO AGUS NUR ROHMAN","REGULER","BI","35.4.20260804.7","10702671","4,800"
"188489","SUDIARTO AGUS NUR ROHMAN","REGULER","BK","35.8.20260804.14","10212797","2,400"
"188489","SUDIARTO AGUS NUR ROHMAN","REGULER","BF","U35.4.20260809.4","10634177","40,000"
"188489","SUDIARTO AGUS NUR ROHMAN","REGULER","BD","U35.7.20260809.18","10580040","7,000"
"188489","SUDIARTO AGUS NUR ROHMAN","REGULER","BM","35.13.20260810.11","10595794","2,000"
"188489","SUDIARTO AGUS NUR ROHMAN","REGULER","DA","35.13.20260810.11","10620274","10,500"
"188489","SUDIARTO AGUS NUR ROHMAN","BOOSTER AGT 2026 - ACCS","DA","35.13.20260810.11","10620274",""
"188489","SUDIARTO AGUS NUR ROHMAN","BOOSTER AGT 2026 - ACCS","DB","35.13.20260810.11","10693321",""
"188489","SUDIARTO AGUS NUR ROHMAN","REGULER","BK","35.6.20260810.11","10667035","2,400"
"188489","SUDIARTO AGUS NUR ROHMAN","REGULER","BM","35.8.20260810.14","10216754","2,000"
"188489","SUDIARTO AGUS NUR ROHMAN","REGULER","BM","35.8.20260810.14","10595794","2,000"
"188489","SUDIARTO AGUS NUR ROHMAN","BOOSTER AGT 2026 - ACCS","BM","35.8.20260810.14","10166359",""
"188489","SUDIARTO AGUS NUR ROHMAN","BOOSTER AGT 2026 - ACCS","BM","35.8.20260810.14","10216754",""
"188489","SUDIARTO AGUS NUR ROHMAN","BOOSTER AGT 2026 - ACCS","BM","35.8.20260810.14","10421453",""
"188489","SUDIARTO AGUS NUR ROHMAN","BOOSTER AGT 2026 - ACCS","BM","35.8.20260810.14","10440882",""
"188489","SUDIARTO AGUS NUR ROHMAN","BOOSTER AGT 2026 - ACCS","BM","35.8.20260810.14","10577371",""
"188489","SUDIARTO AGUS NUR ROHMAN","BOOSTER AGT 2026 - ACCS","BM","35.8.20260810.14","10595794",""
"188489","SUDIARTO AGUS NUR ROHMAN","BOOSTER AGT 2026 - ACCS","BM","35.8.20260810.14","10657202",""
"188489","SUDIARTO AGUS NUR ROHMAN","BOOSTER AGT 2026 - ACCS","BM","35.8.20260810.14","10663907",""
"188489","SUDIARTO AGUS NUR ROHMAN","REGULER","BD","U35.6.20260810.3","10424071","60,000"
"188489","SUDIARTO AGUS NUR ROHMAN","REGULER","BB","U35.6.20260810.3","10668782","9,000"
"188489","SUDIARTO AGUS NUR ROHMAN","SPECIAL","BD","U35.6.20260810.3","10445245","150,000"
"188489","SUDIARTO AGUS NUR ROHMAN","BOOSTER AGT 2026 - FURNI","BD","U35.6.20260810.3","10445245","50,000"
"188489","SUDIARTO AGUS NUR ROHMAN","REGULER","BQ","35.13.20260812.7","10666135","20,000"
"188489","SUDIARTO AGUS NUR ROHMAN","REGULER","BP","U35.13.20260812.7","10621509","9,600"
"188489","SUDIARTO AGUS NUR ROHMAN","REGULER","BO","35.6.20260813.20","10569256","1,000"
"188489","SUDIARTO AGUS NUR ROHMAN","REGULER","BO","35.6.20260813.20","10523704","0"
"188489","SUDIARTO AGUS NUR ROHMAN","REGULER","BK","35.6.20260813.23","10431563","4,800"
"188489","SUDIARTO AGUS NUR ROHMAN","REGULER","BK","35.6.20260813.23","10431564","6,000"
"188489","SUDIARTO AGUS NUR ROHMAN","BOOSTER AGT 2026 - ACCS","BK","35.6.20260813.23","10431563",""
"188489","SUDIARTO AGUS NUR ROHMAN","BOOSTER AGT 2026 - ACCS","BK","35.6.20260813.23","10431564",""
"188489","SUDIARTO AGUS NUR ROHMAN","SPECIAL","BJ","35.4.20260815.11","10568164","12,000"
"188489","SUDIARTO AGUS NUR ROHMAN","REGULER","BL","35.8.20260815.18","10698334","25,000"
"188489","SUDIARTO AGUS NUR ROHMAN","BOOSTER AGT 2026 - ACCS","BL","35.8.20260815.18","10698334","75,000"
"188489","SUDIARTO AGUS NUR ROHMAN","REGULER","BD","U35.3.20260815.5","","17,000"
"188489","SUDIARTO AGUS NUR ROHMAN","REGULER","BD","35.8.20260816.2","","9,000"
"188489","SUDIARTO AGUS NUR ROHMAN","REGULER","BI","U35.13.20260816.21","10641556","8,400"
"188489","SUDIARTO AGUS NUR ROHMAN","REGULER","BI","U35.13.20260816.21","10676347","21,600"
"188489","SUDIARTO AGUS NUR ROHMAN","REGULER","BI","U35.13.20260816.21","10676346","21,600"
"188489","SUDIARTO AGUS NUR ROHMAN","REGULER","BP","U35.13.20260816.7","10453090","21,600"
"188489","SUDIARTO AGUS NUR ROHMAN","REGULER","BI","U35.13.20260816.7","10657109","4,800"
"188489","SUDIARTO AGUS NUR ROHMAN","REGULER","BP","U35.4.20260816.6","10581547","30,000"
"188489","SUDIARTO AGUS NUR ROHMAN","REGULER","BQ","U35.4.20260816.6","10410102","11,000"
"188489","SUDIARTO AGUS NUR ROHMAN","REGULER","BI","U35.7.20260816.4","10676346","21,600"
"188489","SUDIARTO AGUS NUR ROHMAN","REGULER","BA","U35.7.20260816.4","10681508","30,000"
"188489","SUDIARTO AGUS NUR ROHMAN","REGULER","BM","35.10.20260819.5","10595794","2,000"
"188489","SUDIARTO AGUS NUR ROHMAN","REGULER","BK","35.8.20260819.14","10491819","2,400"
"188489","SUDIARTO AGUS NUR ROHMAN","REGULER","BK","35.8.20260819.14","10698138","2,400"
"188489","SUDIARTO AGUS NUR ROHMAN","REGULER","BM","35.8.20260819.14","10702722","2,000"
"188489","SUDIARTO AGUS NUR ROHMAN","REGULER","BM","35.8.20260819.14","10613391","13,000"
"188489","SUDIARTO AGUS NUR ROHMAN","REGULER","BN","35.8.20260819.14","10449053","2,000"
"188489","SUDIARTO AGUS NUR ROHMAN","REGULER","BK","35.8.20260819.14","10542777","6,000"
"188489","SUDIARTO AGUS NUR ROHMAN","REGULER","BM","35.8.20260819.14","10628699","5,000"
"188489","SUDIARTO AGUS NUR ROHMAN","REGULER","BM","35.8.20260819.14","10593570","2,000"
"188489","SUDIARTO AGUS NUR ROHMAN","BOOSTER AGT 2026 - ACCS","BK","35.8.20260819.14","10491819",""
"188489","SUDIARTO AGUS NUR ROHMAN","BOOSTER AGT 2026 - ACCS","BK","35.8.20260819.14","10520534",""
"188489","SUDIARTO AGUS NUR ROHMAN","BOOSTER AGT 2026 - ACCS","BK","35.8.20260819.14","10542777",""
"188489","SUDIARTO AGUS NUR ROHMAN","BOOSTER AGT 2026 - ACCS","BK","35.8.20260819.14","10670589",""
"188489","SUDIARTO AGUS NUR ROHMAN","BOOSTER AGT 2026 - ACCS","BK","35.8.20260819.14","10698138",""
"188489","SUDIARTO AGUS NUR ROHMAN","BOOSTER AGT 2026 - ACCS","BK","35.8.20260819.14","",""
"188489","SUDIARTO AGUS NUR ROHMAN","BOOSTER AGT 2026 - ACCS","BK","35.8.20260819.14","",""
"188489","SUDIARTO AGUS NUR ROHMAN","BOOSTER AGT 2026 - ACCS","BK","35.8.20260819.14","",""
"188489","SUDIARTO AGUS NUR ROHMAN","BOOSTER AGT 2026 - ACCS","BK","35.8.20260819.14","",""
"188489","SUDIARTO AGUS NUR ROHMAN","BOOSTER AGT 2026 - ACCS","BM","35.8.20260819.14","10048068",""
"188489","SUDIARTO AGUS NUR ROHMAN","BOOSTER AGT 2026 - ACCS","BM","35.8.20260819.14","10095225",""
"188489","SUDIARTO AGUS NUR ROHMAN","BOOSTER AGT 2026 - ACCS","BM","35.8.20260819.14","10161036",""
"188489","SUDIARTO AGUS NUR ROHMAN","BOOSTER AGT 2026 - ACCS","BM","35.8.20260819.14","10411051",""
"188489","SUDIARTO AGUS NUR ROHMAN","BOOSTER AGT 2026 - ACCS","BM","35.8.20260819.14","10538034",""
"188489","SUDIARTO AGUS NUR ROHMAN","BOOSTER AGT 2026 - ACCS","BM","35.8.20260819.14","10555901",""
"188489","SUDIARTO AGUS NUR ROHMAN","BOOSTER AGT 2026 - ACCS","BM","35.8.20260819.14","10593570",""
"188489","SUDIARTO AGUS NUR ROHMAN","BOOSTER AGT 2026 - ACCS","BM","35.8.20260819.14","10613391",""
"188489","SUDIARTO AGUS NUR ROHMAN","BOOSTER AGT 2026 - ACCS","BM","35.8.20260819.14","10628699",""
"188489","SUDIARTO AGUS NUR ROHMAN","BOOSTER AGT 2026 - ACCS","BM","35.8.20260819.14","10702722",""
"188489","SUDIARTO AGUS NUR ROHMAN","REGULER","BB","U35.6.20260819.3","10622187","18,000"
"188489","SUDIARTO AGUS NUR ROHMAN","REGULER","BR","U35.4.20260821.1","10486437","60,000"
"188489","SUDIARTO AGUS NUR ROHMAN","REGULER","BR","U35.4.20260821.1","10476476","105,000"
"188489","SUDIARTO AGUS NUR ROHMAN","REGULER","BB","U35.4.20260821.1","10717869","12,000"
"188489","SUDIARTO AGUS NUR ROHMAN","REGULER","BI","35.10.20260822.19","10588139","2,400"
"188489","SUDIARTO AGUS NUR ROHMAN","REGULER","BI","35.10.20260822.19","10588136","2,400"
"188489","SUDIARTO AGUS NUR ROHMAN","REGULER","BI","35.10.20260822.19","10643799","2,400"
"188489","SUDIARTO AGUS NUR ROHMAN","REGULER","BI","35.10.20260822.19","10214116","6,000"
"188489","SUDIARTO AGUS NUR ROHMAN","REGULER","BP","U35.4.20260822.9","10590527","42,000"
"188489","SUDIARTO AGUS NUR ROHMAN","REGULER","BP","35.13.20260823.33","10698113","3,600"
"188489","SUDIARTO AGUS NUR ROHMAN","REGULER","BI","35.13.20260823.41","","1,200"
"188489","SUDIARTO AGUS NUR ROHMAN","REGULER","BI","35.13.20260823.43","10702675","4,800"
"188489","SUDIARTO AGUS NUR ROHMAN","REGULER","BI","35.3.20260823.29","10569971","1,200"
"188489","SUDIARTO AGUS NUR ROHMAN","REGULER","BN","35.6.20260823.3","10681573","2,000"
"188489","SUDIARTO AGUS NUR ROHMAN","REGULER","BP","U35.3.20260823.9","10598023","14,400"
"188489","SUDIARTO AGUS NUR ROHMAN","SPECIAL","BB","U35.3.20260823.9","10466981","30,000"
"188489","SUDIARTO AGUS NUR ROHMAN","SPECIAL","BJ","U35.3.20260823.9","","6,000"
"188489","SUDIARTO AGUS NUR ROHMAN","SPECIAL","BJ","U35.3.20260823.9","","6,000"
"188489","SUDIARTO AGUS NUR ROHMAN","REGULER","BR","U35.4.20260823.35","10553966","45,000"
"188489","SUDIARTO AGUS NUR ROHMAN","REGULER","BK","35.13.20260825.23","10667469","2,400"
"188489","SUDIARTO AGUS NUR ROHMAN","REGULER","BF","35.13.20260825.23","10564662","25,000"
"188489","SUDIARTO AGUS NUR ROHMAN","REGULER","BI","35.4.20260825.12","10678100","10,800"
"188489","SUDIARTO AGUS NUR ROHMAN","SPECIAL","BJ","35.4.20260826.12","10647652","30,000"
"188489","SUDIARTO AGUS NUR ROHMAN","REGULER","BD","U35.6.20260826.5","10209764","45,000"
"188489","SUDIARTO AGUS NUR ROHMAN","REGULER","BD","U35.6.20260826.5","10219273","40,000"
"188489","SUDIARTO AGUS NUR ROHMAN","REGULER","BJ","35.13.20260828.20","10664236","4,000"
"188489","SUDIARTO AGUS NUR ROHMAN","SPECIAL","BJ","35.13.20260828.20","","6,000"
"188489","SUDIARTO AGUS NUR ROHMAN","REGULER","BK","35.6.20260828.5","10456174","10,800"
"188489","SUDIARTO AGUS NUR ROHMAN","BOOSTER AGT 2026 - ACCS","BK","35.6.20260828.5","10456174","25,000"
"188489","SUDIARTO AGUS NUR ROHMAN","REGULER","BK","35.8.20260828.20","10573497","8,400"
"188489","SUDIARTO AGUS NUR ROHMAN","BOOSTER AGT 2026 - ACCS","BK","35.8.20260828.20","10566088",""
"188489","SUDIARTO AGUS NUR ROHMAN","BOOSTER AGT 2026 - ACCS","BK","35.8.20260828.20","10573497",""
"188489","SUDIARTO AGUS NUR ROHMAN","BOOSTER AGT 2026 - ACCS","BL","35.10.20260829.16","10514762",""
"188489","SUDIARTO AGUS NUR ROHMAN","BOOSTER AGT 2026 - ACCS","BL","35.10.20260829.16","10549490",""
"188489","SUDIARTO AGUS NUR ROHMAN","BOOSTER AGT 2026 - ACCS","BL","35.10.20260829.16","10576513",""
"188489","SUDIARTO AGUS NUR ROHMAN","BOOSTER AGT 2026 - ACCS","BL","35.10.20260829.16","10576517",""
"188489","SUDIARTO AGUS NUR ROHMAN","BOOSTER AGT 2026 - ACCS","BL","35.10.20260829.16","10632137",""
"188489","SUDIARTO AGUS NUR ROHMAN","BOOSTER AGT 2026 - ACCS","BL","35.10.20260829.16","10694062",""
"188489","SUDIARTO AGUS NUR ROHMAN","BOOSTER AGT 2026 - ACCS","BL","35.10.20260829.16","10707990",""
"188489","SUDIARTO AGUS NUR ROHMAN","SPECIAL","BG","35.13.20260829.1","10659022","50,000"
"188489","SUDIARTO AGUS NUR ROHMAN","REGULER","BB","35.3.20260829.11","10350226","10,000"
"188489","SUDIARTO AGUS NUR ROHMAN","REGULER","BO","35.7.20260829.27","10682385","0"
"188489","SUDIARTO AGUS NUR ROHMAN","REGULER","BO","35.7.20260829.27","10552478","1,000"
"188489","SUDIARTO AGUS NUR ROHMAN","REGULER","BJ","35.3.20260830.16","10701401","2,000"
"188489","SUDIARTO AGUS NUR ROHMAN","REGULER","BK","35.7.20260830.40","10616482","6,000"
"188489","SUDIARTO AGUS NUR ROHMAN","REGULER","BK","U35.10.20260830.5","10215980","8,400"
"188489","SUDIARTO AGUS NUR ROHMAN","BOOSTER AGT 2026 - ACCS","BK","U35.10.20260830.5","10215980","25,000"
"188489","SUDIARTO AGUS NUR ROHMAN","SPECIAL","BF","U35.4.20260830.21","10681575","45,000"
"188489","SUDIARTO AGUS NUR ROHMAN","KHUSUS","BA","U35.6.20260831.4","10634167","165,149"
"137443","ULFAN ADITA PRATAMA","KHUSUS - JULI 2026","BC","U35.6.20260706.7","10649459","150,000"
"137443","ULFAN ADITA PRATAMA","KHUSUS - JULI 2026","BC","U35.6.20260706.7","10677167","150,000"
"137443","ULFAN ADITA PRATAMA","KHUSUS - JULI 2026","BA","U35.3.20260708.11","10644741","85,577"
"137443","ULFAN ADITA PRATAMA","KHUSUS - JULI 2026","BA","U35.3.20260720.5","10589016","90,072"
"137443","ULFAN ADITA PRATAMA","REGULER","BI","35.13.20260801.18","10709231","1,200"
"137443","ULFAN ADITA PRATAMA","REGULER","BL","35.13.20260801.37","10081545","1,000"
"137443","ULFAN ADITA PRATAMA","REGULER","BL","35.13.20260801.37","10081547","2,000"
"137443","ULFAN ADITA PRATAMA","REGULER","BK","35.8.20260801.33","10616484","3,600"
"137443","ULFAN ADITA PRATAMA","REGULER","BB","U35.8.20260801.23","10648057","18,000"
"137443","ULFAN ADITA PRATAMA","REGULER","BB","U35.8.20260801.23","10671376","25,000"
"137443","ULFAN ADITA PRATAMA","REGULER","BL","U35.8.20260801.24","10680484","5,000"
"137443","ULFAN ADITA PRATAMA","REGULER","BK","35.10.20260802.23","10392721","1,200"
"137443","ULFAN ADITA PRATAMA","REGULER","BK","35.10.20260802.23","10526188","9,600"
"137443","ULFAN ADITA PRATAMA","BOOSTER AGT 2026 - ACCS","BK","35.10.20260802.23","10392721",""
"137443","ULFAN ADITA PRATAMA","BOOSTER AGT 2026 - ACCS","BK","35.10.20260802.23","10526188",""
"137443","ULFAN ADITA PRATAMA","REGULER","BO","35.10.20260802.24","10697006","1,000"
"137443","ULFAN ADITA PRATAMA","KHUSUS","BA","U35.10.20260802.14","10646592","171,162"
"137443","ULFAN ADITA PRATAMA","REGULER","BB","U35.10.20260802.15","10603595","25,000"
"137443","ULFAN ADITA PRATAMA","REGULER","BK","35.10.20260803.30","10429343","2,400"
"137443","ULFAN ADITA PRATAMA","BOOSTER AGT 2026 - ACCS","BK","35.10.20260803.30","10429343",""
"137443","ULFAN ADITA PRATAMA","BOOSTER AGT 2026 - ACCS","BK","35.10.20260803.30","10458022",""
"137443","ULFAN ADITA PRATAMA","BOOSTER AGT 2026 - ACCS","BK","35.10.20260803.30","10562189",""
"137443","ULFAN ADITA PRATAMA","REGULER","BL","35.6.20260803.12","10469924","3,000"
"137443","ULFAN ADITA PRATAMA","REGULER","BL","35.6.20260803.12","10556152","2,000"
"137443","ULFAN ADITA PRATAMA","REGULER","BL","35.78.20260808.73","10128954","2,000"
"137443","ULFAN ADITA PRATAMA","REGULER","BB","U35.13.20260809.28","10195984","25,000"
"137443","ULFAN ADITA PRATAMA","REGULER","BB","U35.7.20260809.10","10600727","16,000"
"137443","ULFAN ADITA PRATAMA","KHUSUS","BA","U35.7.20260809.11","10636990","72,063"
"137443","ULFAN ADITA PRATAMA","REGULER","BK","35.10.20260812.10","10568714","12,000"
"137443","ULFAN ADITA PRATAMA","SPECIAL","BJ","35.10.20260812.10","10642997","25,000"
"137443","ULFAN ADITA PRATAMA","BOOSTER AGT 2026 - ACCS","BK","35.10.20260812.10","10521561",""
"137443","ULFAN ADITA PRATAMA","BOOSTER AGT 2026 - ACCS","BK","35.10.20260812.10","10568714",""
"137443","ULFAN ADITA PRATAMA","BOOSTER AGT 2026 - ACCS","BM","35.8.20260812.1","10698220","25,000"
"137443","ULFAN ADITA PRATAMA","REGULER","BK","35.6.20260814.9","10627683","12,000"
"137443","ULFAN ADITA PRATAMA","REGULER","BK","35.6.20260814.9","10699146","3,600"
"137443","ULFAN ADITA PRATAMA","BOOSTER AGT 2026 - ACCS","BK","35.6.20260814.9","10627683",""
"137443","ULFAN ADITA PRATAMA","BOOSTER AGT 2026 - ACCS","BK","35.6.20260814.9","10699146",""
"137443","ULFAN ADITA PRATAMA","REGULER","BD","U35.7.20260815.10","10624522","4,000"
"137443","ULFAN ADITA PRATAMA","REGULER","BB","U35.7.20260815.9","10584177","9,000"
"137443","ULFAN ADITA PRATAMA","REGULER","BL","35.8.20260816.52","10698321","2,000"
"137443","ULFAN ADITA PRATAMA","REGULER","BL","35.8.20260816.52","10550392","2,000"
"137443","ULFAN ADITA PRATAMA","REGULER","BB","U35.6.20260817.21","10571021","9,000"
"137443","ULFAN ADITA PRATAMA","SPECIAL","BB","U35.6.20260817.21","10676218","30,000"
"137443","ULFAN ADITA PRATAMA","REGULER","BR","35.6.20260819.2","10448538","3,000"
"137443","ULFAN ADITA PRATAMA","REGULER","BK","35.6.20260819.2","10469867","2,400"
"137443","ULFAN ADITA PRATAMA","REGULER","BR","35.6.20260819.2","10546882","3,000"
"137443","ULFAN ADITA PRATAMA","REGULER","BR","35.6.20260819.2","10570194","1,500"
"137443","ULFAN ADITA PRATAMA","REGULER","BA","U35.13.20260819.9","10511955","0"
"137443","ULFAN ADITA PRATAMA","KHUSUS","BA","U35.13.20260819.9","10568394","139,926"
"137443","ULFAN ADITA PRATAMA","KHUSUS","BA","U35.13.20260819.9","10568395","139,926"
"137443","ULFAN ADITA PRATAMA","KHUSUS","BA","U35.13.20260819.9","10568398","139,926"
"137443","ULFAN ADITA PRATAMA","KHUSUS","BA","U35.13.20260819.9","10568399","139,926"
"137443","ULFAN ADITA PRATAMA","KHUSUS","BA","U35.13.20260819.9","10679257","139,926"
"137443","ULFAN ADITA PRATAMA","REGULER","BK","35.10.20260821.19","10431563","6,000"
"137443","ULFAN ADITA PRATAMA","REGULER","BB","35.10.20260823.5","10622189","20,000"
"137443","ULFAN ADITA PRATAMA","SPECIAL","BJ","35.4.20260823.39","10559832","8,000"
"137443","ULFAN ADITA PRATAMA","SPECIAL","BJ","35.4.20260823.39","10515575","0"
"137443","ULFAN ADITA PRATAMA","SPECIAL","BJ","35.4.20260823.39","10560068","9,000"
"137443","ULFAN ADITA PRATAMA","SPECIAL","BJ","35.4.20260823.39","10560059","9,000"
"137443","ULFAN ADITA PRATAMA","SPECIAL","BJ","35.4.20260823.39","10559844","8,000"
"137443","ULFAN ADITA PRATAMA","REGULER","BJ","35.4.20260823.40","10695144","7,000"
"137443","ULFAN ADITA PRATAMA","SPECIAL","BJ","35.4.20260823.40","10708016","25,000"
"137443","ULFAN ADITA PRATAMA","BOOSTER AGT 2026 - ACCS","BK","35.6.20260823.4","10153390",""
"137443","ULFAN ADITA PRATAMA","BOOSTER AGT 2026 - ACCS","BK","35.6.20260823.4","",""
"137443","ULFAN ADITA PRATAMA","REGULER","BN","35.7.20260823.14","10547542","1,000"
"137443","ULFAN ADITA PRATAMA","REGULER","BL","35.10.20260825.25","10477254","1,000"
"137443","ULFAN ADITA PRATAMA","SPECIAL","BN","35.3.20260825.29","10624348","5,000"
"137443","ULFAN ADITA PRATAMA","REGULER","BK","35.6.20260825.50","10574120","1,200"
"137443","ULFAN ADITA PRATAMA","BOOSTER AGT 2026 - ACCS","BK","35.6.20260825.50","10574120",""
"137443","ULFAN ADITA PRATAMA","BOOSTER AGT 2026 - ACCS","BK","35.6.20260825.50","10644758",""
"137443","ULFAN ADITA PRATAMA","BOOSTER AGT 2026 - ACCS","BK","35.6.20260825.50","10674946",""
"137443","ULFAN ADITA PRATAMA","BOOSTER AGT 2026 - ACCS","BK","35.6.20260825.50","10675050",""
"137443","ULFAN ADITA PRATAMA","BOOSTER AGT 2026 - ACCS","BK","35.6.20260825.50","10675051",""
"137443","ULFAN ADITA PRATAMA","BOOSTER AGT 2026 - ACCS","BK","35.6.20260825.50","10700472",""
"137443","ULFAN ADITA PRATAMA","BOOSTER AGT 2026 - ACCS","BK","35.6.20260825.50","10700474",""
"137443","ULFAN ADITA PRATAMA","REGULER","BR","U35.4.20260825.13","10471857","21,000"
"137443","ULFAN ADITA PRATAMA","REGULER","BL","35.6.20260827.7","10555949","3,000"
"137443","ULFAN ADITA PRATAMA","REGULER","BD","35.7.20260827.17","","20,000"
"137443","ULFAN ADITA PRATAMA","REGULER","BQ","U35.6.20260827.8","10591338","9,000"
"137443","ULFAN ADITA PRATAMA","REGULER","BM","35.6.20260829.34","10102966","3,000"
"137443","ULFAN ADITA PRATAMA","REGULER","BP","U35.10.20260829.6","10098766","24,000"
"137443","ULFAN ADITA PRATAMA","SPECIAL","BG","U35.4.20260829.8","10577270","100,000"
"137443","ULFAN ADITA PRATAMA","REGULER","BL","35.10.20260830.29","10648699","3,000"
"137443","ULFAN ADITA PRATAMA","REGULER","BL","35.10.20260830.30","10648698","3,000"
"137443","ULFAN ADITA PRATAMA","REGULER","BR","35.13.20260830.12","10464393","1,500"
"137443","ULFAN ADITA PRATAMA","SPECIAL","BJ","35.13.20260830.19","10610061","8,000"
"137443","ULFAN ADITA PRATAMA","SPECIAL","BJ","35.13.20260830.19","10610089","3,000"
"137443","ULFAN ADITA PRATAMA","SPECIAL","BJ","35.13.20260830.19","10661776","3,000"
"137443","ULFAN ADITA PRATAMA","SPECIAL","BJ","35.13.20260830.19","10661882","3,000"
"137443","ULFAN ADITA PRATAMA","SPECIAL","BJ","35.13.20260830.19","10661878","8,000"
"137443","ULFAN ADITA PRATAMA","SPECIAL","BJ","35.13.20260830.19","10610081","3,000"
"137443","ULFAN ADITA PRATAMA","REGULER","BK","35.3.20260830.6","10607411","2,400"
"137443","ULFAN ADITA PRATAMA","REGULER","BO","35.6.20260830.35","10570201","1,000"
"137443","ULFAN ADITA PRATAMA","REGULER","BO","35.6.20260830.35","10506858","0"
"137443","ULFAN ADITA PRATAMA","REGULER","BO","35.6.20260830.38","10698132","20,000"
"137443","ULFAN ADITA PRATAMA","BOOSTER AGT 2026 - ACCS","BO","35.6.20260830.38","10698132","60,000"
"137443","ULFAN ADITA PRATAMA","REGULER","BK","35.6.20260830.58","10702724","10,800"
"137443","ULFAN ADITA PRATAMA","REGULER","BL","35.6.20260830.58","10706237","2,000"
"137443","ULFAN ADITA PRATAMA","REGULER","BK","35.6.20260830.58","10700339","3,600"
"137443","ULFAN ADITA PRATAMA","REGULER","BK","35.6.20260830.58","10507013","4,800"
"137443","ULFAN ADITA PRATAMA","REGULER","BK","35.6.20260830.58","10700338","3,600"
"137443","ULFAN ADITA PRATAMA","BOOSTER AGT 2026 - ACCS","BK","35.6.20260830.58","10487396",""
"137443","ULFAN ADITA PRATAMA","BOOSTER AGT 2026 - ACCS","BK","35.6.20260830.58","10507013",""
"137443","ULFAN ADITA PRATAMA","BOOSTER AGT 2026 - ACCS","BK","35.6.20260830.58","10518702",""
"137443","ULFAN ADITA PRATAMA","BOOSTER AGT 2026 - ACCS","BK","35.6.20260830.58","10520533",""
"137443","ULFAN ADITA PRATAMA","BOOSTER AGT 2026 - ACCS","BK","35.6.20260830.58","10527028",""
"137443","ULFAN ADITA PRATAMA","BOOSTER AGT 2026 - ACCS","BK","35.6.20260830.58","10614513",""
"137443","ULFAN ADITA PRATAMA","BOOSTER AGT 2026 - ACCS","BK","35.6.20260830.58","10700335",""
"137443","ULFAN ADITA PRATAMA","BOOSTER AGT 2026 - ACCS","BK","35.6.20260830.58","10700338",""
"137443","ULFAN ADITA PRATAMA","BOOSTER AGT 2026 - ACCS","BK","35.6.20260830.58","10700339",""
"137443","ULFAN ADITA PRATAMA","BOOSTER AGT 2026 - ACCS","BK","35.6.20260830.58","10702724",""
"137443","ULFAN ADITA PRATAMA","BOOSTER AGT 2026 - ACCS","BM","35.78.20260830.45","10538034","25,000"
"137443","ULFAN ADITA PRATAMA","REGULER","BL","35.8.20260830.8","10701496","8,000"
"137443","ULFAN ADITA PRATAMA","BOOSTER AGT 2026 - ACCS","BL","35.8.20260830.8","10516796",""
"137443","ULFAN ADITA PRATAMA","BOOSTER AGT 2026 - ACCS","BL","35.8.20260830.8","10701496",""
"137443","ULFAN ADITA PRATAMA","REGULER","BA","U35.10.20260830.9","","45,000"
"192993","FAHREZA NUGROHO","REGULER","BB","U35.3.20260802.14","10671374","25,000"
"192993","FAHREZA NUGROHO","REGULER","BM","U35.3.20260802.14","10411860","6,000"
"192993","FAHREZA NUGROHO","REGULER","BB","U35.3.20260802.14","10670941","9,000"
"192993","FAHREZA NUGROHO","REGULER","BI","U35.4.20260802.17","10676347","21,600"
"192993","FAHREZA NUGROHO","REGULER","BI","U35.4.20260802.17","10657110","4,800"
"192993","FAHREZA NUGROHO","SPECIAL","BJ","35.13.20260805.21","10697902","20,000"
"192993","FAHREZA NUGROHO","REGULER","BQ","U35.13.20260809.6","10684068","30,000"
"192993","FAHREZA NUGROHO","SPECIAL","BF","U35.4.20260809.18","10708980","50,000"
"192993","FAHREZA NUGROHO","SPECIAL","BJ","35.13.20260813.8","10602645","10,000"
"192993","FAHREZA NUGROHO","SPECIAL","BN","35.3.20260814.6","10566454","20,000"
"192993","FAHREZA NUGROHO","REGULER","BL","35.6.20260816.29","10677733","3,000"
"192993","FAHREZA NUGROHO","REGULER","BD","U35.3.20260816.4","10705602","55,000"
"192993","FAHREZA NUGROHO","REGULER","BL","35.6.20260817.22","10624939","5,000"
"192993","FAHREZA NUGROHO","BOOSTER AGT 2026 - ACCS","BL","35.6.20260817.22","10558527",""
"192993","FAHREZA NUGROHO","BOOSTER AGT 2026 - ACCS","BL","35.6.20260817.22","10624939",""
"192993","FAHREZA NUGROHO","REGULER","BF","U35.13.20260817.3","10604394","10,000"
"192993","FAHREZA NUGROHO","REGULER","BR","U35.4.20260817.6","10593926","75,000"
"192993","FAHREZA NUGROHO","REGULER","BR","U35.4.20260817.6","10593928","75,000"
"192993","FAHREZA NUGROHO","REGULER","BR","U35.4.20260817.6","10659754","60,000"
"192993","FAHREZA NUGROHO","REGULER","BR","U35.4.20260817.6","10659755","90,000"
"192993","FAHREZA NUGROHO","REGULER","BC","U35.4.20260817.7","10677519","20,000"
"192993","FAHREZA NUGROHO","REGULER","BD","U35.4.20260817.7","10564726","10,000"
"192993","FAHREZA NUGROHO","REGULER","BB","U35.6.20260817.15","10149049","25,000"
"192993","FAHREZA NUGROHO","REGULER","BR","U35.10.20260819.8","10275775","232,500"
"192993","FAHREZA NUGROHO","REGULER","BF","U35.10.20260820.3","10413265","8,000"
"192993","FAHREZA NUGROHO","REGULER","BF","U35.10.20260820.3","10507581","12,000"
"192993","FAHREZA NUGROHO","REGULER","BO","U35.13.20260820.5","10516532","20,000"
"192993","FAHREZA NUGROHO","REGULER","BK","U35.13.20260820.5","10670663","36,000"
"192993","FAHREZA NUGROHO","BOOSTER AGT 2026 - ACCS","BK","U35.13.20260820.5","10670663","150,000"
"192993","FAHREZA NUGROHO","BOOSTER AGT 2026 - ACCS","BO","U35.13.20260820.5","10516532","60,000"
"192993","FAHREZA NUGROHO","REGULER","BO","U35.8.20260820.2","10606860","12,000"
"192993","FAHREZA NUGROHO","REGULER","BO","U35.8.20260820.2","10506860","0"
"192993","FAHREZA NUGROHO","REGULER","BO","U35.8.20260820.2","10202054","6,000"
"192993","FAHREZA NUGROHO","REGULER","BO","U35.8.20260820.2","10698131","5,000"
"192993","FAHREZA NUGROHO","BOOSTER AGT 2026 - ACCS","BO","U35.8.20260820.2","10202054",""
"192993","FAHREZA NUGROHO","BOOSTER AGT 2026 - ACCS","BO","U35.8.20260820.2","10506860",""
"192993","FAHREZA NUGROHO","BOOSTER AGT 2026 - ACCS","BO","U35.8.20260820.2","10606860",""
"192993","FAHREZA NUGROHO","BOOSTER AGT 2026 - ACCS","BO","U35.8.20260820.2","10698131",""
"192993","FAHREZA NUGROHO","REGULER","BB","35.3.20260822.38","10573843","20,000"
"192993","FAHREZA NUGROHO","REGULER","BO","35.4.20260822.12","10666062","1,000"
"192993","FAHREZA NUGROHO","REGULER","BI","35.7.20260822.15","10569971","1,200"
"192993","FAHREZA NUGROHO","REGULER","BK","35.10.20260823.26","10453977","0"
"192993","FAHREZA NUGROHO","REGULER","BK","35.10.20260823.26","10453979","0"
"192993","FAHREZA NUGROHO","REGULER","BI","35.4.20260825.19","10622150","30,000"
"192993","FAHREZA NUGROHO","REGULER","BO","35.4.20260825.19","10587366","0"
"192993","FAHREZA NUGROHO","REGULER","BL","U35.10.20260825.21","10550391","2,000"
"192993","FAHREZA NUGROHO","REGULER","BL","U35.10.20260825.21","10276072","3,000"
"192993","FAHREZA NUGROHO","REGULER","BR","U35.10.20260825.21","10378704","12,000"
"192993","FAHREZA NUGROHO","REGULER","BI","U35.10.20260825.21","10569969","1,200"
"192993","FAHREZA NUGROHO","REGULER","BL","U35.10.20260825.21","10276075","2,000"
"192993","FAHREZA NUGROHO","BOOSTER AGT 2026 - ACCS","BL","U35.10.20260825.21","10276072",""
"192993","FAHREZA NUGROHO","BOOSTER AGT 2026 - ACCS","BL","U35.10.20260825.21","10276075",""
"192993","FAHREZA NUGROHO","BOOSTER AGT 2026 - ACCS","BL","U35.10.20260825.21","10550391",""
"192993","FAHREZA NUGROHO","REGULER","BD","U35.3.20260825.23","10546013","110,000"
"192993","FAHREZA NUGROHO","SPECIAL","BD","U35.3.20260825.23","10655961","200,000"
"192993","FAHREZA NUGROHO","REGULER","BO","U35.3.20260825.24","10698132","20,000"
"192993","FAHREZA NUGROHO","BOOSTER AGT 2026 - ACCS","BO","U35.3.20260825.24","10698132","60,000"
"192993","FAHREZA NUGROHO","REGULER","BR","U35.4.20260825.5","10132778","25,500"
"192993","FAHREZA NUGROHO","REGULER","BP","U35.4.20260825.8","10428564","19,200"
"192993","FAHREZA NUGROHO","REGULER","BF","U35.4.20260825.8","10634177","20,000"
"192993","FAHREZA NUGROHO","REGULER","BN","35.78.20260827.42","10687033","3,000"
"192993","FAHREZA NUGROHO","REGULER","BO","35.78.20260827.43","10565507","1,000"
"192993","FAHREZA NUGROHO","REGULER","BI","35.78.20260827.45","10670390","1,200"
"192993","FAHREZA NUGROHO","REGULER","BN","35.78.20260827.47","10612063","1,000"
"192993","FAHREZA NUGROHO","REGULER","BN","35.3.20260828.21","10038212","3,000"
"192993","FAHREZA NUGROHO","SPECIAL","BN","35.3.20260828.21","10606803","5,000"
"192993","FAHREZA NUGROHO","REGULER","BJ","35.4.20260828.5","10568166","0"
"192993","FAHREZA NUGROHO","SPECIAL","BJ","35.4.20260828.5","10559822","50,000"
"192993","FAHREZA NUGROHO","REGULER","BO","35.78.20260828.1","10570203","1,000"
"192993","FAHREZA NUGROHO","REGULER","BM","35.78.20260828.10","10523859","2,000"
"192993","FAHREZA NUGROHO","REGULER","BI","35.78.20260828.11","","2,400"
"192993","FAHREZA NUGROHO","SPECIAL","BJ","35.78.20260828.13","10602850","10,000"
"192993","FAHREZA NUGROHO","REGULER","BK","35.78.20260828.15","10149589","4,800"
"192993","FAHREZA NUGROHO","REGULER","BO","35.78.20260828.2","10570203","1,000"
"192993","FAHREZA NUGROHO","REGULER","BN","35.78.20260828.20","10137002","1,000"
"192993","FAHREZA NUGROHO","REGULER","DB","35.78.20260828.21","10574052","9,000"
"192993","FAHREZA NUGROHO","REGULER","BO","35.78.20260828.23","10565507","1,000"
"192993","FAHREZA NUGROHO","REGULER","BO","35.78.20260828.28","10570203","1,000"
"192993","FAHREZA NUGROHO","REGULER","BN","35.78.20260828.3","10688657","3,000"
"192993","FAHREZA NUGROHO","REGULER","BM","35.78.20260828.4","10667597","2,000"
"192993","FAHREZA NUGROHO","REGULER","BM","35.78.20260828.43","10657103","2,000"
"192993","FAHREZA NUGROHO","SPECIAL","BJ","35.78.20260828.44","10572015","15,000"
"192993","FAHREZA NUGROHO","REGULER","BM","35.78.20260828.47","10216754","6,000"
"192993","FAHREZA NUGROHO","BOOSTER AGT 2026 - ACCS","BM","35.78.20260828.47","10216754","25,000"
"192993","FAHREZA NUGROHO","REGULER","BI","35.78.20260828.49","10702673","6,000"
"192993","FAHREZA NUGROHO","REGULER","BM","35.78.20260828.6","10595794","2,000"
"192993","FAHREZA NUGROHO","SPECIAL","BJ","35.78.20260828.7","10661876","13,000"
"192993","FAHREZA NUGROHO","REGULER","BM","35.78.20260828.8","10420957","2,000"
"192993","FAHREZA NUGROHO","REGULER","BO","35.78.20260828.9","10565507","3,000"
"192993","FAHREZA NUGROHO","REGULER","BL","35.10.20260829.39","10488568","3,000"
"192993","FAHREZA NUGROHO","REGULER","BL","35.10.20260829.39","10457014","2,000"
"192993","FAHREZA NUGROHO","BOOSTER AGT 2026 - ACCS","BL","35.10.20260829.39","10150083",""
"192993","FAHREZA NUGROHO","BOOSTER AGT 2026 - ACCS","BL","35.10.20260829.39","10456092",""
"192993","FAHREZA NUGROHO","BOOSTER AGT 2026 - ACCS","BL","35.10.20260829.39","10457014",""
"192993","FAHREZA NUGROHO","BOOSTER AGT 2026 - ACCS","BL","35.10.20260829.39","10477241",""
"192993","FAHREZA NUGROHO","BOOSTER AGT 2026 - ACCS","BL","35.10.20260829.39","10488568",""
"192993","FAHREZA NUGROHO","REGULER","BM","35.6.20260829.4","10595794","1,000"
"192993","FAHREZA NUGROHO","REGULER","BL","35.6.20260829.4","10532042","2,000"
"192993","FAHREZA NUGROHO","SPECIAL","BL","35.6.20260829.4","10632131","70,000"
"192993","FAHREZA NUGROHO","BOOSTER AGT 2026 - ACCS","BL","35.6.20260829.4","10532042",""
"192993","FAHREZA NUGROHO","BOOSTER AGT 2026 - ACCS","BL","35.6.20260829.4","10632131",""
"192993","FAHREZA NUGROHO","KHUSUS","BA","U35.10.20260829.3","10562101","182,874"
"192993","FAHREZA NUGROHO","BOOSTER AGT 2026 - ACCS","BL","U35.10.20260829.4","10450396",""
"192993","FAHREZA NUGROHO","BOOSTER AGT 2026 - ACCS","BL","U35.10.20260829.4","10467413",""
"192993","FAHREZA NUGROHO","BOOSTER AGT 2026 - ACCS","BL","U35.10.20260829.4","10520506",""
"192993","FAHREZA NUGROHO","REGULER","BN","35.7.20260831.8","10540068","1,000"
"192993","FAHREZA NUGROHO","SPECIAL","BF","U35.13.20260831.1","10213562","45,000"
"192993","FAHREZA NUGROHO","REGULER","BI","U35.7.20260831.3","10568438","30,000"
"186905","MUHAMMAD ZULKARNAIN","KHUSUS - JULI 2026","BA","U35.6.20260705.10","10655209","417,607"
"186905","MUHAMMAD ZULKARNAIN","REGULER","DB","35.7.20260801.28","10556168","18,000"
"186905","MUHAMMAD ZULKARNAIN","BOOSTER AGT 2026 - ACCS","DB","35.7.20260801.28","10556168","30,000"
"186905","MUHAMMAD ZULKARNAIN","REGULER","BQ","U35.7.20260801.1","10607958","10,000"
"186905","MUHAMMAD ZULKARNAIN","REGULER","BQ","U35.7.20260801.1","10642397","9,000"
"186905","MUHAMMAD ZULKARNAIN","REGULER","BP","U35.7.20260801.1","10598023","14,400"
"186905","MUHAMMAD ZULKARNAIN","REGULER","BB","U35.7.20260801.1","10583270","4,000"
"186905","MUHAMMAD ZULKARNAIN","REGULER","BN","35.7.20260802.51","10429434","2,000"
"186905","MUHAMMAD ZULKARNAIN","REGULER","DB","35.7.20260802.51","10574052","7,500"
"186905","MUHAMMAD ZULKARNAIN","REGULER","BM","35.3.20260803.12","10547010","4,000"
"186905","MUHAMMAD ZULKARNAIN","KHUSUS","BA","U35.6.20260803.7","10641789","80,405"
"186905","MUHAMMAD ZULKARNAIN","SPECIAL","BB","U35.6.20260803.7","10617181","80,000"
"186905","MUHAMMAD ZULKARNAIN","SPECIAL","BB","U35.7.20260803.10","10597857","30,000"
"186905","MUHAMMAD ZULKARNAIN","SPECIAL","BJ","35.13.20260805.23","10664230","30,000"
"186905","MUHAMMAD ZULKARNAIN","REGULER","BN","35.7.20260805.12","10465783","1,000"
"186905","MUHAMMAD ZULKARNAIN","REGULER","BN","35.7.20260805.7","10612063","1,000"
"186905","MUHAMMAD ZULKARNAIN","REGULER","BF","35.13.20260806.21","10654832","4,000"
"186905","MUHAMMAD ZULKARNAIN","REGULER","BL","35.8.20260806.15","10708311","2,000"
"186905","MUHAMMAD ZULKARNAIN","REGULER","BO","35.8.20260806.23","10666060","2,000"
"186905","MUHAMMAD ZULKARNAIN","REGULER","BD","U35.3.20260806.3","10481869","30,000"
"186905","MUHAMMAD ZULKARNAIN","REGULER","BD","U35.3.20260806.3","10562481","3,000"
"186905","MUHAMMAD ZULKARNAIN","SPECIAL","BN","U35.3.20260806.3","10550336","10,000"
"186905","MUHAMMAD ZULKARNAIN","REGULER","BC","U35.8.20260806.4","10649178","130,000"
"186905","MUHAMMAD ZULKARNAIN","REGULER","BD","U35.8.20260806.5","10580404","25,000"
"186905","MUHAMMAD ZULKARNAIN","REGULER","BM","U35.8.20260806.5","10593569","2,000"
"186905","MUHAMMAD ZULKARNAIN","BOOSTER AGT 2026 - ACCS","BK","35.7.20260808.19","10447907",""
"186905","MUHAMMAD ZULKARNAIN","BOOSTER AGT 2026 - ACCS","BK","35.7.20260808.19","",""
"186905","MUHAMMAD ZULKARNAIN","BOOSTER AGT 2026 - ACCS","BK","35.7.20260808.19","",""
"186905","MUHAMMAD ZULKARNAIN","BOOSTER AGT 2026 - ACCS","BK","35.7.20260808.19","",""
"186905","MUHAMMAD ZULKARNAIN","BOOSTER AGT 2026 - ACCS","BK","35.7.20260808.19","",""
"186905","MUHAMMAD ZULKARNAIN","BOOSTER AGT 2026 - ACCS","BO","U35.10.20260808.3","10637796","150,000"
"186905","MUHAMMAD ZULKARNAIN","REGULER","BD","U35.7.20260808.12","10580403","25,000"
"186905","MUHAMMAD ZULKARNAIN","REGULER","BQ","U35.7.20260808.12","10176803","19,000"
"186905","MUHAMMAD ZULKARNAIN","REGULER","BK","35.6.20260809.18","10472330","9,600"
"186905","MUHAMMAD ZULKARNAIN","REGULER","BK","35.6.20260809.18","10462452","3,600"
"186905","MUHAMMAD ZULKARNAIN","REGULER","BK","35.6.20260809.18","10542779","7,200"
"186905","MUHAMMAD ZULKARNAIN","REGULER","BK","35.6.20260809.18","10467975","1,200"
"186905","MUHAMMAD ZULKARNAIN","REGULER","BK","35.6.20260809.18","10467976","1,200"
"186905","MUHAMMAD ZULKARNAIN","BOOSTER AGT 2026 - ACCS","BK","35.6.20260809.18","10462452",""
"186905","MUHAMMAD ZULKARNAIN","BOOSTER AGT 2026 - ACCS","BK","35.6.20260809.18","10467975",""
"186905","MUHAMMAD ZULKARNAIN","BOOSTER AGT 2026 - ACCS","BK","35.6.20260809.18","10467976",""
"186905","MUHAMMAD ZULKARNAIN","BOOSTER AGT 2026 - ACCS","BK","35.6.20260809.18","10472330",""
"186905","MUHAMMAD ZULKARNAIN","BOOSTER AGT 2026 - ACCS","BK","35.6.20260809.18","10491807",""
"186905","MUHAMMAD ZULKARNAIN","BOOSTER AGT 2026 - ACCS","BK","35.6.20260809.18","10491808",""
"186905","MUHAMMAD ZULKARNAIN","BOOSTER AGT 2026 - ACCS","BK","35.6.20260809.18","10542779",""
"186905","MUHAMMAD ZULKARNAIN","REGULER","BL","35.10.20260810.3","10694065","4,000"
"186905","MUHAMMAD ZULKARNAIN","REGULER","BM","35.3.20260812.1","10631403","4,000"
"186905","MUHAMMAD ZULKARNAIN","REGULER","BR","U35.13.20260812.3","","142,500"
"186905","MUHAMMAD ZULKARNAIN","REGULER","BK","U35.13.20260812.3","10453977","0"
"186905","MUHAMMAD ZULKARNAIN","REGULER","BM","U35.13.20260812.3","10493989","8,000"
"186905","MUHAMMAD ZULKARNAIN","BOOSTER AGT 2026 - ACCS","BM","U35.13.20260812.3","10493989",""
"186905","MUHAMMAD ZULKARNAIN","BOOSTER AGT 2026 - ACCS","BM","U35.13.20260812.3","10571954",""
"186905","MUHAMMAD ZULKARNAIN","BOOSTER AGT 2026 - ACCS","BM","U35.13.20260812.3","10622919",""
"186905","MUHAMMAD ZULKARNAIN","REGULER","BE","U35.7.20260815.8","10574043","25,000"
"186905","MUHAMMAD ZULKARNAIN","SPECIAL","BE","U35.7.20260815.8","10604097","125,000"
"186905","MUHAMMAD ZULKARNAIN","REGULER","BN","35.3.20260816.11","10555913","1,000"
"186905","MUHAMMAD ZULKARNAIN","BOOSTER AGT 2026 - ACCS","DB","35.7.20260816.15","10495711","120,000"
"186905","MUHAMMAD ZULKARNAIN","REGULER","BI","U35.4.20260816.17","10678100","10,800"
"186905","MUHAMMAD ZULKARNAIN","REGULER","BI","U35.4.20260816.17","10676346","21,600"
"186905","MUHAMMAD ZULKARNAIN","SPECIAL","BJ","U35.4.20260816.17","10676767","30,000"
"186905","MUHAMMAD ZULKARNAIN","REGULER","BL","U35.10.20260819.6","10477252","0"
"186905","MUHAMMAD ZULKARNAIN","REGULER","BN","U35.10.20260819.6","10443934","1,000"
"186905","MUHAMMAD ZULKARNAIN","REGULER","BL","U35.10.20260819.6","10516807","2,000"
"186905","MUHAMMAD ZULKARNAIN","REGULER","BL","U35.10.20260819.6","10516811","2,000"
"186905","MUHAMMAD ZULKARNAIN","BOOSTER AGT 2026 - ACCS","BL","U35.10.20260819.6","10477252",""
"186905","MUHAMMAD ZULKARNAIN","BOOSTER AGT 2026 - ACCS","BL","U35.10.20260819.6","10516788",""
"186905","MUHAMMAD ZULKARNAIN","BOOSTER AGT 2026 - ACCS","BL","U35.10.20260819.6","10516790",""
"186905","MUHAMMAD ZULKARNAIN","BOOSTER AGT 2026 - ACCS","BL","U35.10.20260819.6","10516807",""
"186905","MUHAMMAD ZULKARNAIN","BOOSTER AGT 2026 - ACCS","BL","U35.10.20260819.6","10516811",""
"186905","MUHAMMAD ZULKARNAIN","SPECIAL","BJ","35.4.20260821.7","10610080","4,000"
"186905","MUHAMMAD ZULKARNAIN","REGULER","BD","U35.10.20260821.2","10510603","85,000"
"186905","MUHAMMAD ZULKARNAIN","REGULER","BM","35.3.20260823.2","10550870","5,000"
"186905","MUHAMMAD ZULKARNAIN","REGULER","BG","35.3.20260823.49","10568050","3,000"
"186905","MUHAMMAD ZULKARNAIN","REGULER","BD","U35.7.20260823.14","10435138","13,000"
"186905","MUHAMMAD ZULKARNAIN","REGULER","BA","U35.7.20260823.14","10632738","40,000"
"186905","MUHAMMAD ZULKARNAIN","REGULER","BA","U35.7.20260823.14","10632737","55,000"
"186905","MUHAMMAD ZULKARNAIN","REGULER","BB","U35.7.20260823.14","10209338","18,000"
"186905","MUHAMMAD ZULKARNAIN","REGULER","BJ","35.4.20260825.24","10614684","7,000"
"186905","MUHAMMAD ZULKARNAIN","SPECIAL","BJ","35.4.20260825.24","10572028","11,000"
"186905","MUHAMMAD ZULKARNAIN","SPECIAL","BJ","35.4.20260825.24","10643620","30,000"
"186905","MUHAMMAD ZULKARNAIN","SPECIAL","BJ","35.4.20260825.24","10572369","18,000"
"186905","MUHAMMAD ZULKARNAIN","SPECIAL","BJ","35.4.20260825.24","10572388","4,000"
"186905","MUHAMMAD ZULKARNAIN","SPECIAL","BJ","35.4.20260825.24","10572381","4,000"
"186905","MUHAMMAD ZULKARNAIN","REGULER","BN","35.8.20260825.34","10513428","4,000"
"186905","MUHAMMAD ZULKARNAIN","REGULER","BQ","U35.8.20260825.17","10499724","19,000"
"186905","MUHAMMAD ZULKARNAIN","REGULER","BQ","U35.8.20260825.17","10499722","19,000"
"186905","MUHAMMAD ZULKARNAIN","REGULER","BC","U35.6.20260827.1","10573322","30,000"
"186905","MUHAMMAD ZULKARNAIN","REGULER","BN","35.7.20260829.15","10547533","4,000"
"186905","MUHAMMAD ZULKARNAIN","REGULER","BC","U35.13.20260829.14","10701084","25,000"
"186905","MUHAMMAD ZULKARNAIN","SPECIAL","BJ","U35.13.20260829.14","10560147","2,000"
"186905","MUHAMMAD ZULKARNAIN","REGULER","BL","35.13.20260830.13","10588631","4,000"
"186905","MUHAMMAD ZULKARNAIN","REGULER","BJ","35.4.20260830.43","10627723","2,000"
"186905","MUHAMMAD ZULKARNAIN","REGULER","BN","35.7.20260830.27","10263752","1,000"
"186905","MUHAMMAD ZULKARNAIN","REGULER","BQ","U35.13.20260830.1","10499721","20,000"
"186905","MUHAMMAD ZULKARNAIN","REGULER","BQ","U35.13.20260830.1","10607959","25,000"
"186905","MUHAMMAD ZULKARNAIN","REGULER","BF","U35.4.20260830.34","10602898","14,000"
"186905","MUHAMMAD ZULKARNAIN","REGULER","BD","U35.4.20260830.34","10658986","45,000"
"186905","MUHAMMAD ZULKARNAIN","REGULER","BF","U35.4.20260830.34","10602893","9,000"
"186905","MUHAMMAD ZULKARNAIN","REGULER","BC","U35.6.20260830.16","10701082","60,000"
"186905","MUHAMMAD ZULKARNAIN","REGULER","BR","35.13.20260831.2","10274781","3,000"
"186905","MUHAMMAD ZULKARNAIN","SPECIAL","BL","35.6.20260831.4","10625053","20,000"
"186905","MUHAMMAD ZULKARNAIN","BOOSTER AGT 2026 - ACCS","BL","35.6.20260831.4","10625053","25,000"
"186905","MUHAMMAD ZULKARNAIN","REGULER","BK","35.8.20260831.4","10483321","1,200"
"186905","MUHAMMAD ZULKARNAIN","REGULER","BK","35.8.20260831.4","10545819","4,800"
"111740","RETIANA AYUNING WARDAYA","KHUSUS - JULI 2026","BA","U35.7.20260717.8","10553775","45,036"
"111740","RETIANA AYUNING WARDAYA","REGULER","BM","35.78.20260805.55","10659342","1,000"
"111740","RETIANA AYUNING WARDAYA","REGULER","BI","35.78.20260805.57","","6,000"
"111740","RETIANA AYUNING WARDAYA","SPECIAL","BN","35.78.20260809.1","10631399","5,000"
"111740","RETIANA AYUNING WARDAYA","REGULER","BO","35.78.20260809.14","10644142","0"
"111740","RETIANA AYUNING WARDAYA","REGULER","BO","35.78.20260809.15","10565506","1,000"
"111740","RETIANA AYUNING WARDAYA","SPECIAL","BJ","35.78.20260809.16","10444666","15,000"
"111740","RETIANA AYUNING WARDAYA","SPECIAL","BJ","35.78.20260809.16","10572389","5,000"
"111740","RETIANA AYUNING WARDAYA","SPECIAL","BJ","35.78.20260809.17","10580409","10,000"
"111740","RETIANA AYUNING WARDAYA","REGULER","BQ","35.78.20260809.18","10410105","19,000"
"111740","RETIANA AYUNING WARDAYA","REGULER","BM","35.78.20260809.20","10593744","2,000"
"111740","RETIANA AYUNING WARDAYA","REGULER","BM","35.78.20260809.21","10699168","4,000"
"111740","RETIANA AYUNING WARDAYA","REGULER","BM","35.78.20260809.23","10593744","2,000"
"111740","RETIANA AYUNING WARDAYA","REGULER","BM","35.78.20260809.24","10659343","1,000"
"111740","RETIANA AYUNING WARDAYA","REGULER","BM","35.78.20260809.25","10659342","1,000"
"111740","RETIANA AYUNING WARDAYA","REGULER","BM","35.78.20260809.28","10659342","1,000"
"111740","RETIANA AYUNING WARDAYA","REGULER","BI","35.78.20260809.37","10376563","0"
"111740","RETIANA AYUNING WARDAYA","REGULER","BI","35.78.20260809.38","10376557","0"
"111740","RETIANA AYUNING WARDAYA","REGULER","BN","35.78.20260809.4","10686584","3,000"
"111740","RETIANA AYUNING WARDAYA","REGULER","BD","35.78.20260809.41","10587666","4,000"
"111740","RETIANA AYUNING WARDAYA","SPECIAL","BJ","35.78.20260809.42","","5,000"
"111740","RETIANA AYUNING WARDAYA","REGULER","BM","35.78.20260809.43","10523859","2,000"
"111740","RETIANA AYUNING WARDAYA","REGULER","BN","35.78.20260809.5","10688658","3,000"
"111740","RETIANA AYUNING WARDAYA","REGULER","BM","35.78.20260809.52","10693891","4,000"
"111740","RETIANA AYUNING WARDAYA","REGULER","BN","35.78.20260809.55","10451720","50,000"
"111740","RETIANA AYUNING WARDAYA","REGULER","BK","35.78.20260809.60","10453978","0"
"111740","RETIANA AYUNING WARDAYA","REGULER","BN","35.78.20260809.61","10612063","1,000"
"111740","RETIANA AYUNING WARDAYA","REGULER","BI","35.78.20260809.63","10376557","0"
"111740","RETIANA AYUNING WARDAYA","REGULER","BI","35.78.20260809.63","10376561","0"
"111740","RETIANA AYUNING WARDAYA","SPECIAL","BJ","35.78.20260809.65","10695141","2,000"
"111740","RETIANA AYUNING WARDAYA","REGULER","BN","35.78.20260809.66","10644491","7,000"
"111740","RETIANA AYUNING WARDAYA","REGULER","BM","35.78.20260809.72","10593744","2,000"
"111740","RETIANA AYUNING WARDAYA","SPECIAL","BJ","35.78.20260809.73","","9,000"
"111740","RETIANA AYUNING WARDAYA","SPECIAL","BJ","35.78.20260809.73","10642990","25,000"
"111740","RETIANA AYUNING WARDAYA","BOOSTER AGT 2026 - ACCS","BM","35.78.20260809.74","10571954","50,000"
"111740","RETIANA AYUNING WARDAYA","SPECIAL","BJ","35.78.20260811.26","10596035","50,000"
"111740","RETIANA AYUNING WARDAYA","REGULER","BM","35.78.20260811.74","10594886","13,000"
"111740","RETIANA AYUNING WARDAYA","BOOSTER AGT 2026 - ACCS","BM","35.78.20260811.74","10594886","25,000"
"111740","RETIANA AYUNING WARDAYA","REGULER","BP","35.0.20260812.1","10565298","-8,400"
"111740","RETIANA AYUNING WARDAYA","REGULER","BN","35.78.20260812.27","10137002","3,000"
"111740","RETIANA AYUNING WARDAYA","SPECIAL","BJ","35.78.20260812.4","10700490","30,000"
"111740","RETIANA AYUNING WARDAYA","SPECIAL","BJ","35.78.20260812.42","10642988","25,000"
"111740","RETIANA AYUNING WARDAYA","BOOSTER AGT 2026 - ACCS","BK","35.78.20260812.51","10656068","25,000"
"111740","RETIANA AYUNING WARDAYA","REGULER","BM","35.78.20260812.59","10594887","3,000"
"111740","RETIANA AYUNING WARDAYA","REGULER","BN","35.78.20260812.61","10443219","3,000"
"111740","RETIANA AYUNING WARDAYA","SPECIAL","BJ","35.78.20260813.64","10596035","50,000"
"111740","RETIANA AYUNING WARDAYA","BOOSTER AGT 2026 - ACCS","DB","35.78.20260814.76","10534413","30,000"
"111740","RETIANA AYUNING WARDAYA","REGULER","BN","35.78.20260815.24","10030488","25,000"
"111740","RETIANA AYUNING WARDAYA","BOOSTER AGT 2026 - ACCS","BK","35.78.20260815.39","10600539","50,000"
"111740","RETIANA AYUNING WARDAYA","REGULER","DB","35.78.20260815.40","10152400","13,500"
"111740","RETIANA AYUNING WARDAYA","BOOSTER AGT 2026 - ACCS","DB","35.78.20260815.40","10152400","30,000"
"111740","RETIANA AYUNING WARDAYA","REGULER","BQ","U35.13.20260816.17","10410105","11,000"
"111740","RETIANA AYUNING WARDAYA","REGULER","BP","U35.13.20260816.17","10590525","114,000"
"111740","RETIANA AYUNING WARDAYA","REGULER","BP","U35.13.20260816.17","10590526","90,000"
"111740","RETIANA AYUNING WARDAYA","REGULER","BD","U35.13.20260816.22","10422558","60,000"
"111740","RETIANA AYUNING WARDAYA","REGULER","BM","35.78.20260817.64","10568181","2,000"
"111740","RETIANA AYUNING WARDAYA","REGULER","BM","35.78.20260817.68","10216754","6,000"
"111740","RETIANA AYUNING WARDAYA","BOOSTER AGT 2026 - ACCS","BM","35.78.20260817.68","10216754","25,000"
"111740","RETIANA AYUNING WARDAYA","REGULER","BM","35.78.20260817.70","10657104","2,000"
"111740","RETIANA AYUNING WARDAYA","REGULER","BI","35.78.20260818.51","","3,600"
"111740","RETIANA AYUNING WARDAYA","REGULER","BD","U35.10.20260818.3","10425283","20,000"
"111740","RETIANA AYUNING WARDAYA","REGULER","BI","35.78.20260819.34","10569971","1,200"
"111740","RETIANA AYUNING WARDAYA","SPECIAL","BG","U35.3.20260819.4","10564315","80,000"
"111740","RETIANA AYUNING WARDAYA","REGULER","BQ","U35.4.20260820.6","10607957","60,000"
"111740","RETIANA AYUNING WARDAYA","REGULER","BP","U35.4.20260820.6","10098316","90,000"
"111740","RETIANA AYUNING WARDAYA","REGULER","BB","U35.4.20260820.6","10616007","9,000"
"111740","RETIANA AYUNING WARDAYA","REGULER","BN","35.78.20260821.27","10199722","40,000"
"111740","RETIANA AYUNING WARDAYA","REGULER","BL","35.78.20260821.28","10698332","25,000"
"111740","RETIANA AYUNING WARDAYA","BOOSTER AGT 2026 - ACCS","BL","35.78.20260821.28","10698332","75,000"
"111740","RETIANA AYUNING WARDAYA","REGULER","BI","35.78.20260821.5","10419571","1,200"
"111740","RETIANA AYUNING WARDAYA","REGULER","BI","35.78.20260821.5","10674428","1,200"
"111740","RETIANA AYUNING WARDAYA","REGULER","BQ","U35.10.20260821.5","10410102","11,000"
"111740","RETIANA AYUNING WARDAYA","REGULER","BB","U35.10.20260821.5","10583272","18,000"
"111740","RETIANA AYUNING WARDAYA","REGULER","BM","U35.6.20260821.3","10161037","4,000"
"111740","RETIANA AYUNING WARDAYA","REGULER","BR","U35.6.20260821.3","10112917","27,000"
"111740","RETIANA AYUNING WARDAYA","REGULER","BI","35.78.20260822.41","","3,600"
"111740","RETIANA AYUNING WARDAYA","REGULER","BR","U35.13.20260822.3","10275775","270,000"
"111740","RETIANA AYUNING WARDAYA","REGULER","BR","U35.13.20260822.4","10275775","112,500"
"111740","RETIANA AYUNING WARDAYA","REGULER","BP","U35.13.20260822.5","10581758","66,000"
"111740","RETIANA AYUNING WARDAYA","REGULER","BQ","U35.13.20260822.5","10410105","20,000"
"111740","RETIANA AYUNING WARDAYA","REGULER","BP","U35.3.20260822.1","10652062","10,800"
"111740","RETIANA AYUNING WARDAYA","REGULER","BD","U35.4.20260822.1","10384616","25,000"
"111740","RETIANA AYUNING WARDAYA","REGULER","BD","U35.4.20260822.1","10422558","25,000"
"111740","RETIANA AYUNING WARDAYA","REGULER","BR","U35.4.20260822.6","10385607","21,000"
"111740","RETIANA AYUNING WARDAYA","REGULER","BQ","U35.8.20260822.1","","45,000"
"111740","RETIANA AYUNING WARDAYA","REGULER","BP","U35.8.20260822.5","10471878","30,000"
"111740","RETIANA AYUNING WARDAYA","REGULER","BD","35.78.20260823.20","10425283","3,000"
"111740","RETIANA AYUNING WARDAYA","REGULER","BI","35.78.20260823.22","10569969","6,000"
"111740","RETIANA AYUNING WARDAYA","REGULER","BI","35.78.20260823.37","10674428","1,200"
"111740","RETIANA AYUNING WARDAYA","REGULER","BB","U35.6.20260823.11","10611309","19,000"
"111740","RETIANA AYUNING WARDAYA","SPECIAL","BF","U35.6.20260823.11","10568728","100,000"
"111740","RETIANA AYUNING WARDAYA","REGULER","BB","U35.8.20260823.11","10603595","25,000"
"111740","RETIANA AYUNING WARDAYA","REGULER","BN","35.0.20260826.2","10612063","-1,000"
"111740","RETIANA AYUNING WARDAYA","SPECIAL","BF","U35.4.20260830.28","10605626","150,000"
"111740","RETIANA AYUNING WARDAYA","SPECIAL","BF","U35.8.20260830.6","10213563","45,000"
"111740","RETIANA AYUNING WARDAYA","REGULER","BM","35.78.20260831.68","10702722","2,000"
"179029","YUDA ADITYA NUGRAHA","REGULER","BN","35.3.20260801.28","10672911","1,000"
"179029","YUDA ADITYA NUGRAHA","KHUSUS","BA","U35.10.20260803.9","10069031","163,955"
"179029","YUDA ADITYA NUGRAHA","KHUSUS","BB","U35.7.20260803.3","10420877","29,992"
"179029","YUDA ADITYA NUGRAHA","REGULER","BR","U35.7.20260803.4","10177594","127,500"
"179029","YUDA ADITYA NUGRAHA","REGULER","BK","35.6.20260804.25","10576115","3,600"
"179029","YUDA ADITYA NUGRAHA","REGULER","BF","U35.6.20260804.8","10313414","8,000"
"179029","YUDA ADITYA NUGRAHA","REGULER","BC","U35.6.20260804.8","10703043","55,000"
"179029","YUDA ADITYA NUGRAHA","REGULER","BF","U35.6.20260804.8","10571556","17,000"
"179029","YUDA ADITYA NUGRAHA","SPECIAL","BG","U35.6.20260804.8","10532221","50,000"
"179029","YUDA ADITYA NUGRAHA","SPECIAL","BG","U35.6.20260804.8","10447853","80,000"
"179029","YUDA ADITYA NUGRAHA","REGULER","BL","U35.6.20260804.9","10550400","5,000"
"179029","YUDA ADITYA NUGRAHA","REGULER","BN","35.3.20260805.2","10659031","3,000"
"179029","YUDA ADITYA NUGRAHA","REGULER","BQ","U35.13.20260805.11","10666134","10,000"
"179029","YUDA ADITYA NUGRAHA","REGULER","BD","U35.8.20260805.1","10653994","25,000"
"179029","YUDA ADITYA NUGRAHA","REGULER","BI","35.13.20260807.3","10376561","0"
"179029","YUDA ADITYA NUGRAHA","REGULER","BI","35.13.20260807.3","10376557","0"
"179029","YUDA ADITYA NUGRAHA","REGULER","BL","U35.6.20260807.3","10488928","4,000"
"179029","YUDA ADITYA NUGRAHA","REGULER","BK","U35.6.20260807.3","10628691","8,400"
"179029","YUDA ADITYA NUGRAHA","REGULER","BB","U35.6.20260807.3","10648058","25,000"
"179029","YUDA ADITYA NUGRAHA","REGULER","BL","U35.6.20260807.3","10128954","5,000"
"179029","YUDA ADITYA NUGRAHA","REGULER","BM","U35.6.20260807.3","10663912","1,000"
"179029","YUDA ADITYA NUGRAHA","REGULER","BL","U35.6.20260807.3","10552212","5,000"
"179029","YUDA ADITYA NUGRAHA","BOOSTER AGT 2026 - ACCS","BK","U35.6.20260807.3","10628691","25,000"
"179029","YUDA ADITYA NUGRAHA","BOOSTER AGT 2026 - ACCS","BL","U35.6.20260807.3","10128954",""
"179029","YUDA ADITYA NUGRAHA","BOOSTER AGT 2026 - ACCS","BL","U35.6.20260807.3","10488928","14,800"
"179029","YUDA ADITYA NUGRAHA","BOOSTER AGT 2026 - ACCS","BL","U35.6.20260807.3","10552212",""
"179029","YUDA ADITYA NUGRAHA","REGULER","BN","35.3.20260809.1","10612063","1,000"
"179029","YUDA ADITYA NUGRAHA","BOOSTER AGT 2026 - ACCS","DB","35.3.20260809.1","10555138",""
"179029","YUDA ADITYA NUGRAHA","BOOSTER AGT 2026 - ACCS","DB","35.3.20260809.1","10564650",""
"179029","YUDA ADITYA NUGRAHA","BOOSTER AGT 2026 - ACCS","DB","35.3.20260809.1","10564885",""
"179029","YUDA ADITYA NUGRAHA","BOOSTER AGT 2026 - ACCS","DB","35.3.20260809.1","10669265",""
"179029","YUDA ADITYA NUGRAHA","REGULER","BN","35.6.20260809.8","10688658","3,000"
"179029","YUDA ADITYA NUGRAHA","REGULER","BD","35.7.20260809.9","10606866","5,000"
"179029","YUDA ADITYA NUGRAHA","REGULER","BB","U35.3.20260809.12","10671377","25,000"
"179029","YUDA ADITYA NUGRAHA","REGULER","BF","U35.0.20260810.1","10313414","-8,000"
"179029","YUDA ADITYA NUGRAHA","REGULER","BF","U35.0.20260810.1","10571556","-17,000"
"179029","YUDA ADITYA NUGRAHA","REGULER","BC","U35.0.20260810.1","10703043","-55,000"
"179029","YUDA ADITYA NUGRAHA","SPECIAL","BG","U35.0.20260810.1","10447853","-80,000"
"179029","YUDA ADITYA NUGRAHA","SPECIAL","BG","U35.0.20260810.1","10532221","-50,000"
"179029","YUDA ADITYA NUGRAHA","REGULER","BC","U35.7.20260810.2","10703043","55,000"
"179029","YUDA ADITYA NUGRAHA","REGULER","BF","U35.7.20260810.2","10313418","8,000"
"179029","YUDA ADITYA NUGRAHA","REGULER","BF","U35.7.20260810.2","10571556","17,000"
"179029","YUDA ADITYA NUGRAHA","SPECIAL","BG","U35.7.20260810.2","10532221","50,000"
"179029","YUDA ADITYA NUGRAHA","SPECIAL","BG","U35.7.20260810.2","10447853","80,000"
"179029","YUDA ADITYA NUGRAHA","REGULER","BM","35.3.20260812.2","10595794","2,000"
"179029","YUDA ADITYA NUGRAHA","REGULER","BM","35.8.20260812.5","10595794","2,000"
"179029","YUDA ADITYA NUGRAHA","REGULER","BR","U35.3.20260812.3","10678025","292,500"
"179029","YUDA ADITYA NUGRAHA","REGULER","BN","35.3.20260814.9","10420383","2,000"
"179029","YUDA ADITYA NUGRAHA","REGULER","BR","U35.10.20260814.9","10678025","412,500"
"179029","YUDA ADITYA NUGRAHA","REGULER","BM","35.10.20260816.8","10566549","2,000"
"179029","YUDA ADITYA NUGRAHA","REGULER","DA","35.10.20260816.8","10601835","30,000"
"179029","YUDA ADITYA NUGRAHA","REGULER","BM","35.10.20260816.8","10149476","2,000"
"179029","YUDA ADITYA NUGRAHA","BOOSTER AGT 2026 - ACCS","BM","35.10.20260816.8","10149476",""
"179029","YUDA ADITYA NUGRAHA","BOOSTER AGT 2026 - ACCS","BM","35.10.20260816.8","10223283",""
"179029","YUDA ADITYA NUGRAHA","BOOSTER AGT 2026 - ACCS","BM","35.10.20260816.8","10421452",""
"179029","YUDA ADITYA NUGRAHA","BOOSTER AGT 2026 - ACCS","BM","35.10.20260816.8","10421453",""
"179029","YUDA ADITYA NUGRAHA","BOOSTER AGT 2026 - ACCS","BM","35.10.20260816.8","10555901",""
"179029","YUDA ADITYA NUGRAHA","BOOSTER AGT 2026 - ACCS","BM","35.10.20260816.8","10566549",""
"179029","YUDA ADITYA NUGRAHA","BOOSTER AGT 2026 - ACCS","BM","35.10.20260816.8","10697009",""
"179029","YUDA ADITYA NUGRAHA","BOOSTER AGT 2026 - ACCS","DA","35.10.20260816.8","10601835","60,000"
"179029","YUDA ADITYA NUGRAHA","REGULER","BD","35.7.20260816.20","10564727","5,000"
"179029","YUDA ADITYA NUGRAHA","REGULER","BD","35.7.20260816.20","10564726","5,000"
"179029","YUDA ADITYA NUGRAHA","REGULER","DB","35.3.20260817.15","10668796","10,500"
"179029","YUDA ADITYA NUGRAHA","REGULER","DA","35.3.20260817.3","10620274","10,500"
"179029","YUDA ADITYA NUGRAHA","SPECIAL","BN","35.3.20260817.49","10259789","5,000"
"179029","YUDA ADITYA NUGRAHA","REGULER","BD","U35.7.20260817.17","10564726","5,000"
"179029","YUDA ADITYA NUGRAHA","REGULER","BP","U35.3.20260821.5","10625055","36,000"
"179029","YUDA ADITYA NUGRAHA","REGULER","BD","U35.7.20260821.1","","8,000"
"179029","YUDA ADITYA NUGRAHA","REGULER","BG","35.4.20260822.27","10559896","15,000"
"179029","YUDA ADITYA NUGRAHA","SPECIAL","BJ","35.0.20260823.2","10180836","-30,000"
"179029","YUDA ADITYA NUGRAHA","REGULER","BN","35.3.20260823.3","10444848","1,000"
"179029","YUDA ADITYA NUGRAHA","REGULER","BN","35.3.20260823.3","10547542","1,000"
"179029","YUDA ADITYA NUGRAHA","REGULER","BN","35.3.20260823.3","10463753","3,000"
"179029","YUDA ADITYA NUGRAHA","REGULER","BN","35.3.20260823.3","10449965","3,000"
"179029","YUDA ADITYA NUGRAHA","REGULER","BK","35.3.20260823.3","10573497","6,000"
"179029","YUDA ADITYA NUGRAHA","REGULER","BK","35.3.20260823.3","10697132","2,400"
"179029","YUDA ADITYA NUGRAHA","REGULER","BM","35.3.20260823.3","10493989","2,000"
"179029","YUDA ADITYA NUGRAHA","REGULER","BN","35.3.20260823.3","10547533","2,000"
"179029","YUDA ADITYA NUGRAHA","REGULER","BN","35.3.20260823.3","10688658","3,000"
"179029","YUDA ADITYA NUGRAHA","REGULER","BK","35.3.20260823.3","10631382","3,600"
"179029","YUDA ADITYA NUGRAHA","REGULER","BK","35.3.20260823.3","10458874","6,000"
"179029","YUDA ADITYA NUGRAHA","BOOSTER AGT 2026 - ACCS","BK","35.3.20260823.3","10458874",""
"179029","YUDA ADITYA NUGRAHA","BOOSTER AGT 2026 - ACCS","BK","35.3.20260823.3","10490262",""
"179029","YUDA ADITYA NUGRAHA","BOOSTER AGT 2026 - ACCS","BK","35.3.20260823.3","10568708",""
"179029","YUDA ADITYA NUGRAHA","BOOSTER AGT 2026 - ACCS","BK","35.3.20260823.3","10573497",""
"179029","YUDA ADITYA NUGRAHA","BOOSTER AGT 2026 - ACCS","BK","35.3.20260823.3","10580754",""
"179029","YUDA ADITYA NUGRAHA","BOOSTER AGT 2026 - ACCS","BK","35.3.20260823.3","10580758",""
"179029","YUDA ADITYA NUGRAHA","BOOSTER AGT 2026 - ACCS","BK","35.3.20260823.3","10597285",""
"179029","YUDA ADITYA NUGRAHA","BOOSTER AGT 2026 - ACCS","BK","35.3.20260823.3","10631382",""
"179029","YUDA ADITYA NUGRAHA","BOOSTER AGT 2026 - ACCS","BK","35.3.20260823.3","10664238",""
"179029","YUDA ADITYA NUGRAHA","BOOSTER AGT 2026 - ACCS","BK","35.3.20260823.3","10664540",""
"179029","YUDA ADITYA NUGRAHA","BOOSTER AGT 2026 - ACCS","BK","35.3.20260823.3","10665622",""
"179029","YUDA ADITYA NUGRAHA","BOOSTER AGT 2026 - ACCS","BK","35.3.20260823.3","10697132",""
"179029","YUDA ADITYA NUGRAHA","SPECIAL","BJ","35.4.20260823.27","10180836","30,000"
"179029","YUDA ADITYA NUGRAHA","REGULER","BK","35.6.20260823.2","10701102","3,600"
"179029","YUDA ADITYA NUGRAHA","REGULER","BK","35.6.20260823.2","10667049","4,800"
"179029","YUDA ADITYA NUGRAHA","BOOSTER AGT 2026 - ACCS","BK","35.6.20260823.2","10667049",""
"179029","YUDA ADITYA NUGRAHA","BOOSTER AGT 2026 - ACCS","BK","35.6.20260823.2","10701102",""
"179029","YUDA ADITYA NUGRAHA","REGULER","BQ","U35.0.20260823.1","10490462","-25,000"
"179029","YUDA ADITYA NUGRAHA","REGULER","BQ","U35.4.20260823.19","10490462","25,000"
"179029","YUDA ADITYA NUGRAHA","REGULER","BQ","U35.7.20260823.13","10490462","25,000"
"179029","YUDA ADITYA NUGRAHA","SPECIAL","BJ","U35.7.20260823.13","10180836","30,000"
"179029","YUDA ADITYA NUGRAHA","REGULER","BM","35.10.20260824.2","10595794","5,000"
"179029","YUDA ADITYA NUGRAHA","REGULER","BC","U35.8.20260824.4","10649178","130,000"
"179029","YUDA ADITYA NUGRAHA","REGULER","BC","U35.8.20260824.5","10588596","35,000"
"179029","YUDA ADITYA NUGRAHA","SPECIAL","BB","U35.8.20260825.19","10553213","100,000"
"179029","YUDA ADITYA NUGRAHA","REGULER","DB","35.7.20260826.21","10556169","15,000"
"179029","YUDA ADITYA NUGRAHA","BOOSTER AGT 2026 - ACCS","DB","35.7.20260826.21","10556169","30,000"
"179029","YUDA ADITYA NUGRAHA","REGULER","BM","35.3.20260827.5","10595794","3,000"
"179029","YUDA ADITYA NUGRAHA","REGULER","BM","35.7.20260827.19","10604377","4,000"
"179029","YUDA ADITYA NUGRAHA","REGULER","DB","35.8.20260827.3","10556172","6,000"
"179029","YUDA ADITYA NUGRAHA","REGULER","BM","35.10.20260829.32","10132199","2,000"
"179029","YUDA ADITYA NUGRAHA","REGULER","BN","35.10.20260829.32","10547542","1,000"
"179029","YUDA ADITYA NUGRAHA","REGULER","BM","35.10.20260829.32","10595794","1,000"
"179029","YUDA ADITYA NUGRAHA","REGULER","BN","35.10.20260829.32","10547532","1,000"
"179029","YUDA ADITYA NUGRAHA","REGULER","BN","35.10.20260829.32","10547533","2,000"
"179029","YUDA ADITYA NUGRAHA","REGULER","BN","35.10.20260829.32","10549833","4,000"
"179029","YUDA ADITYA NUGRAHA","REGULER","DB","35.6.20260829.49","10598514","15,000"
"179029","YUDA ADITYA NUGRAHA","REGULER","DB","35.6.20260829.49","10574051","9,000"
"179029","YUDA ADITYA NUGRAHA","BOOSTER AGT 2026 - ACCS","DB","35.6.20260829.49","10574051",""
"179029","YUDA ADITYA NUGRAHA","BOOSTER AGT 2026 - ACCS","DB","35.6.20260829.49","10598514",""
"179029","YUDA ADITYA NUGRAHA","REGULER","BO","U35.8.20260830.4","10206824","18,000"
"179029","YUDA ADITYA NUGRAHA","BOOSTER AGT 2026 - ACCS","BO","U35.8.20260830.4","10206824","30,000"
"179029","YUDA ADITYA NUGRAHA","BOOSTER AGT 2026 - ACCS","BM","35.6.20260831.12","10576556","50,000"
"179029","YUDA ADITYA NUGRAHA","SPECIAL","BJ","35.8.20260831.4","10422779","14,000"
"166968","MOHAMMAD RIZALY FAHMI AFANDI","KHUSUS - JULI 2026","BA","U35.4.20260726.23","10662944","34,226"
"166968","MOHAMMAD RIZALY FAHMI AFANDI","REGULER","BK","35.10.20260801.50","10616483","3,600"
"166968","MOHAMMAD RIZALY FAHMI AFANDI","REGULER","BD","35.10.20260801.50","10612730","1,000"
"166968","MOHAMMAD RIZALY FAHMI AFANDI","SPECIAL","BN","35.3.20260801.30","10609942","10,000"
"166968","MOHAMMAD RIZALY FAHMI AFANDI","REGULER","DB","35.3.20260801.38","10500700","4,500"
"166968","MOHAMMAD RIZALY FAHMI AFANDI","REGULER","BO","35.6.20260801.9","10682945","10,000"
"166968","MOHAMMAD RIZALY FAHMI AFANDI","REGULER","BK","35.6.20260801.9","10447523","16,800"
"166968","MOHAMMAD RIZALY FAHMI AFANDI","BOOSTER AGT 2026 - ACCS","BK","35.6.20260801.9","10447523","50,000"
"166968","MOHAMMAD RIZALY FAHMI AFANDI","BOOSTER AGT 2026 - ACCS","BO","35.6.20260801.9","10682945","30,000"
"166968","MOHAMMAD RIZALY FAHMI AFANDI","REGULER","BN","35.3.20260802.54","10187945","2,000"
"166968","MOHAMMAD RIZALY FAHMI AFANDI","REGULER","BK","35.6.20260802.14","10467894","2,400"
"166968","MOHAMMAD RIZALY FAHMI AFANDI","REGULER","BK","35.6.20260802.14","10527032","6,000"
"166968","MOHAMMAD RIZALY FAHMI AFANDI","REGULER","BK","35.6.20260802.14","10437787","4,800"
"166968","MOHAMMAD RIZALY FAHMI AFANDI","REGULER","BK","35.6.20260802.14","10555454","2,400"
"166968","MOHAMMAD RIZALY FAHMI AFANDI","BOOSTER AGT 2026 - ACCS","BK","35.6.20260802.14","10437787",""
"166968","MOHAMMAD RIZALY FAHMI AFANDI","BOOSTER AGT 2026 - ACCS","BK","35.6.20260802.14","10467894",""
"166968","MOHAMMAD RIZALY FAHMI AFANDI","BOOSTER AGT 2026 - ACCS","BK","35.6.20260802.14","10527032",""
"166968","MOHAMMAD RIZALY FAHMI AFANDI","BOOSTER AGT 2026 - ACCS","BK","35.6.20260802.14","10555454",""
"166968","MOHAMMAD RIZALY FAHMI AFANDI","BOOSTER AGT 2026 - ACCS","BK","35.6.20260802.14","10567259",""
"166968","MOHAMMAD RIZALY FAHMI AFANDI","BOOSTER AGT 2026 - ACCS","BL","35.6.20260802.14","10150083",""
"166968","MOHAMMAD RIZALY FAHMI AFANDI","BOOSTER AGT 2026 - ACCS","BL","35.6.20260802.14","10474350",""
"166968","MOHAMMAD RIZALY FAHMI AFANDI","BOOSTER AGT 2026 - ACCS","BL","35.6.20260802.14","10516791",""
"166968","MOHAMMAD RIZALY FAHMI AFANDI","BOOSTER AGT 2026 - ACCS","BL","35.6.20260802.14","10550615",""
"166968","MOHAMMAD RIZALY FAHMI AFANDI","BOOSTER AGT 2026 - ACCS","BL","35.6.20260802.14","10556068",""
"166968","MOHAMMAD RIZALY FAHMI AFANDI","REGULER","BO","35.8.20260802.40","10644143","1,000"
"166968","MOHAMMAD RIZALY FAHMI AFANDI","REGULER","BO","35.8.20260802.40","10506858","0"
"166968","MOHAMMAD RIZALY FAHMI AFANDI","REGULER","BD","35.8.20260802.45","","8,000"
"166968","MOHAMMAD RIZALY FAHMI AFANDI","SPECIAL","BN","35.8.20260802.45","10259789","5,000"
"166968","MOHAMMAD RIZALY FAHMI AFANDI","REGULER","BB","U35.6.20260802.19","10350222","9,000"
"166968","MOHAMMAD RIZALY FAHMI AFANDI","REGULER","BN","35.7.20260803.5","10663033","2,000"
"166968","MOHAMMAD RIZALY FAHMI AFANDI","REGULER","BN","35.7.20260803.5","10636357","2,000"
"166968","MOHAMMAD RIZALY FAHMI AFANDI","REGULER","BA","U35.6.20260803.7","10511955","0"
"166968","MOHAMMAD RIZALY FAHMI AFANDI","REGULER","BC","U35.6.20260803.7","10588596","35,000"
"166968","MOHAMMAD RIZALY FAHMI AFANDI","REGULER","BC","U35.6.20260803.7","10698309","110,000"
"166968","MOHAMMAD RIZALY FAHMI AFANDI","KHUSUS","BA","U35.6.20260803.7","10641787","112,568"
"166968","MOHAMMAD RIZALY FAHMI AFANDI","KHUSUS","BA","U35.6.20260803.7","10641788","112,568"
"166968","MOHAMMAD RIZALY FAHMI AFANDI","KHUSUS","BA","U35.6.20260803.7","10641791","112,568"
"166968","MOHAMMAD RIZALY FAHMI AFANDI","SPECIAL","BB","U35.6.20260803.8","10617180","200,000"
"166968","MOHAMMAD RIZALY FAHMI AFANDI","BOOSTER AGT 2026 - ACCS","BL","U35.6.20260803.8","10701490","25,000"
"166968","MOHAMMAD RIZALY FAHMI AFANDI","BOOSTER AGT 2026 - ACCS","DA","35.3.20260805.3","10554236","30,000"
"166968","MOHAMMAD RIZALY FAHMI AFANDI","REGULER","BD","35.3.20260808.9","10587670","5,000"
"166968","MOHAMMAD RIZALY FAHMI AFANDI","REGULER","BE","U35.4.20260808.11","10628509","45,000"
"166968","MOHAMMAD RIZALY FAHMI AFANDI","REGULER","BE","U35.4.20260808.11","10628508","50,000"
"166968","MOHAMMAD RIZALY FAHMI AFANDI","REGULER","BE","U35.4.20260808.11","10628511","30,000"
"166968","MOHAMMAD RIZALY FAHMI AFANDI","REGULER","BE","U35.4.20260808.11","10629327","20,000"
"166968","MOHAMMAD RIZALY FAHMI AFANDI","REGULER","BE","U35.4.20260808.11","10629326","20,000"
"166968","MOHAMMAD RIZALY FAHMI AFANDI","REGULER","BE","U35.4.20260808.11","10628512","30,000"
"166968","MOHAMMAD RIZALY FAHMI AFANDI","SPECIAL","BL","35.8.20260813.19","10694053","110,000"
"166968","MOHAMMAD RIZALY FAHMI AFANDI","BOOSTER AGT 2026 - ACCS","BL","35.8.20260813.19","10694053","150,000"
"166968","MOHAMMAD RIZALY FAHMI AFANDI","REGULER","BO","35.8.20260813.5","10567966","1,000"
"166968","MOHAMMAD RIZALY FAHMI AFANDI","REGULER","BK","35.6.20260815.1","10212798","2,400"
"166968","MOHAMMAD RIZALY FAHMI AFANDI","REGULER","BL","U35.4.20260815.14","10708309","4,000"
"166968","MOHAMMAD RIZALY FAHMI AFANDI","REGULER","BF","U35.4.20260815.14","10601784","9,000"
"166968","MOHAMMAD RIZALY FAHMI AFANDI","REGULER","BM","U35.4.20260815.14","10161712","4,000"
"166968","MOHAMMAD RIZALY FAHMI AFANDI","REGULER","BM","U35.4.20260815.14","10132199","4,000"
"166968","MOHAMMAD RIZALY FAHMI AFANDI","REGULER","BA","U35.4.20260815.14","10665588","55,000"
"166968","MOHAMMAD RIZALY FAHMI AFANDI","BOOSTER AGT 2026 - ACCS","BL","U35.4.20260815.14","10077494",""
"166968","MOHAMMAD RIZALY FAHMI AFANDI","BOOSTER AGT 2026 - ACCS","BL","U35.4.20260815.14","10467413",""
"166968","MOHAMMAD RIZALY FAHMI AFANDI","BOOSTER AGT 2026 - ACCS","BL","U35.4.20260815.14","10676243",""
"166968","MOHAMMAD RIZALY FAHMI AFANDI","BOOSTER AGT 2026 - ACCS","BL","U35.4.20260815.14","10708309",""
"166968","MOHAMMAD RIZALY FAHMI AFANDI","BOOSTER AGT 2026 - ACCS","BM","U35.4.20260815.14","10132199",""
"166968","MOHAMMAD RIZALY FAHMI AFANDI","BOOSTER AGT 2026 - ACCS","BM","U35.4.20260815.14","10161712",""
"166968","MOHAMMAD RIZALY FAHMI AFANDI","REGULER","BO","U35.6.20260815.2","10697002","10,000"
"166968","MOHAMMAD RIZALY FAHMI AFANDI","BOOSTER AGT 2026 - ACCS","BO","U35.6.20260815.2","10697002","30,000"
"166968","MOHAMMAD RIZALY FAHMI AFANDI","REGULER","DB","35.3.20260816.31","10556172","6,000"
"166968","MOHAMMAD RIZALY FAHMI AFANDI","BOOSTER AGT 2026 - ACCS","BM","35.8.20260816.25","10602901","75,000"
"166968","MOHAMMAD RIZALY FAHMI AFANDI","REGULER","BI","35.13.20260822.19","10678099","10,800"
"166968","MOHAMMAD RIZALY FAHMI AFANDI","REGULER","BM","35.3.20260822.12","10493993","2,000"
"166968","MOHAMMAD RIZALY FAHMI AFANDI","REGULER","BM","35.7.20260822.20","10144912","3,000"
"166968","MOHAMMAD RIZALY FAHMI AFANDI","REGULER","BM","35.7.20260822.20","10068270","3,000"
"166968","MOHAMMAD RIZALY FAHMI AFANDI","BOOSTER AGT 2026 - ACCS","BM","35.7.20260822.20","10068270",""
"166968","MOHAMMAD RIZALY FAHMI AFANDI","BOOSTER AGT 2026 - ACCS","BM","35.7.20260822.20","10144912",""
"166968","MOHAMMAD RIZALY FAHMI AFANDI","BOOSTER AGT 2026 - ACCS","BM","35.7.20260822.20","10443320",""
"166968","MOHAMMAD RIZALY FAHMI AFANDI","BOOSTER AGT 2026 - ACCS","BM","35.7.20260822.20","10608621",""
"166968","MOHAMMAD RIZALY FAHMI AFANDI","REGULER","BQ","U35.4.20260822.17","10666133","10,000"
"166968","MOHAMMAD RIZALY FAHMI AFANDI","SPECIAL","BF","U35.13.20260823.4","10213562","45,000"
"166968","MOHAMMAD RIZALY FAHMI AFANDI","SPECIAL","BG","U35.13.20260823.4","10577268","80,000"
"166968","MOHAMMAD RIZALY FAHMI AFANDI","REGULER","BJ","U35.4.20260823.11","10680633","6,000"
"166968","MOHAMMAD RIZALY FAHMI AFANDI","REGULER","BD","U35.7.20260823.12","10550998","30,000"
"166968","MOHAMMAD RIZALY FAHMI AFANDI","REGULER","BN","U35.7.20260823.12","10547507","2,000"
"166968","MOHAMMAD RIZALY FAHMI AFANDI","SPECIAL","BJ","U35.7.20260823.12","10609643","8,000"
"166968","MOHAMMAD RIZALY FAHMI AFANDI","SPECIAL","BJ","35.4.20260824.2","10610081","4,000"
"166968","MOHAMMAD RIZALY FAHMI AFANDI","SPECIAL","BJ","35.4.20260824.2","","6,000"
"166968","MOHAMMAD RIZALY FAHMI AFANDI","REGULER","BL","35.10.20260826.17","10504962","4,000"
"166968","MOHAMMAD RIZALY FAHMI AFANDI","SPECIAL","BJ","35.4.20260826.10","10708017","25,000"
"166968","MOHAMMAD RIZALY FAHMI AFANDI","SPECIAL","BJ","35.4.20260826.18","10572389","5,000"
"166968","MOHAMMAD RIZALY FAHMI AFANDI","REGULER","BN","35.7.20260827.20","10127526","2,000"
"166968","MOHAMMAD RIZALY FAHMI AFANDI","REGULER","BM","35.8.20260827.21","10604375","8,000"
"166968","MOHAMMAD RIZALY FAHMI AFANDI","BOOSTER AGT 2026 - ACCS","BM","35.8.20260827.21","10604375","25,000"
"166968","MOHAMMAD RIZALY FAHMI AFANDI","REGULER","DB","35.10.20260829.33","10556168","18,000"
"166968","MOHAMMAD RIZALY FAHMI AFANDI","BOOSTER AGT 2026 - ACCS","DB","35.10.20260829.33","10556168","30,000"
"166968","MOHAMMAD RIZALY FAHMI AFANDI","BOOSTER AGT 2026 - ACCS","BM","35.6.20260829.3","10602901","25,000"
"166968","MOHAMMAD RIZALY FAHMI AFANDI","SPECIAL","BB","U35.10.20260829.9","10657139","100,000"
"166968","MOHAMMAD RIZALY FAHMI AFANDI","REGULER","BK","U35.8.20260829.6","10441968","6,000"
"166968","MOHAMMAD RIZALY FAHMI AFANDI","REGULER","BM","35.8.20260830.14","10628699","5,000"
"166968","MOHAMMAD RIZALY FAHMI AFANDI","REGULER","BK","35.8.20260830.14","10491820","8,400"
"166968","MOHAMMAD RIZALY FAHMI AFANDI","BOOSTER AGT 2026 - ACCS","BK","35.8.20260830.14","10490277",""
"166968","MOHAMMAD RIZALY FAHMI AFANDI","BOOSTER AGT 2026 - ACCS","BK","35.8.20260830.14","10491820",""
"166968","MOHAMMAD RIZALY FAHMI AFANDI","BOOSTER AGT 2026 - ACCS","BK","35.8.20260830.14","10542772",""
"166968","MOHAMMAD RIZALY FAHMI AFANDI","BOOSTER AGT 2026 - ACCS","BK","35.8.20260830.14","10542773",""
"166968","MOHAMMAD RIZALY FAHMI AFANDI","BOOSTER AGT 2026 - ACCS","BM","35.8.20260830.14","10573827",""
"166968","MOHAMMAD RIZALY FAHMI AFANDI","BOOSTER AGT 2026 - ACCS","BM","35.8.20260830.14","10573828",""
"166968","MOHAMMAD RIZALY FAHMI AFANDI","BOOSTER AGT 2026 - ACCS","BM","35.8.20260830.14","10628699",""
"166968","MOHAMMAD RIZALY FAHMI AFANDI","REGULER","BL","35.8.20260830.20","10457021","9,000"
"166968","MOHAMMAD RIZALY FAHMI AFANDI","REGULER","BL","35.8.20260830.20","10457017","3,000"
"166968","MOHAMMAD RIZALY FAHMI AFANDI","BOOSTER AGT 2026 - ACCS","BL","35.8.20260830.20","10457017",""
"166968","MOHAMMAD RIZALY FAHMI AFANDI","BOOSTER AGT 2026 - ACCS","BL","35.8.20260830.20","10457021",""
"166968","MOHAMMAD RIZALY FAHMI AFANDI","REGULER","BD","U35.7.20260830.16","10684267","35,000"
"166968","MOHAMMAD RIZALY FAHMI AFANDI","REGULER","BO","35.6.20260831.28","10609953","1,000"
"166968","MOHAMMAD RIZALY FAHMI AFANDI","REGULER","BO","35.6.20260831.28","10682385","0"
"166968","MOHAMMAD RIZALY FAHMI AFANDI","REGULER","BK","35.6.20260831.28","10616482","6,000"
"173609","TOMY PUTRA AGUSTIEN","REGULER","BG","35.13.20260801.24","10022136","3,000"
"173609","TOMY PUTRA AGUSTIEN","REGULER","BR","35.4.20260803.3","10412637","7,500"
"173609","TOMY PUTRA AGUSTIEN","SPECIAL","BJ","35.13.20260804.2","10661352","100,000"
"173609","TOMY PUTRA AGUSTIEN","SPECIAL","BJ","35.13.20260804.2","10695960","50,000"
"173609","TOMY PUTRA AGUSTIEN","SPECIAL","BJ","35.13.20260804.3","10213920","20,000"
"173609","TOMY PUTRA AGUSTIEN","SPECIAL","BJ","35.4.20260804.11","10215871","10,000"
"173609","TOMY PUTRA AGUSTIEN","SPECIAL","BJ","35.4.20260804.11","10215872","20,000"
"173609","TOMY PUTRA AGUSTIEN","REGULER","BL","35.6.20260809.9","10624942","25,000"
"173609","TOMY PUTRA AGUSTIEN","REGULER","BN","35.6.20260809.9","10556635","2,000"
"173609","TOMY PUTRA AGUSTIEN","REGULER","BL","35.6.20260809.9","10503171","7,000"
"173609","TOMY PUTRA AGUSTIEN","BOOSTER AGT 2026 - ACCS","BL","35.6.20260809.9","10503171",""
"173609","TOMY PUTRA AGUSTIEN","BOOSTER AGT 2026 - ACCS","BL","35.6.20260809.9","10624942",""
"173609","TOMY PUTRA AGUSTIEN","REGULER","BB","U35.6.20260809.1","10622186","18,000"
"173609","TOMY PUTRA AGUSTIEN","REGULER","BB","U35.6.20260809.1","10593092","20,000"
"173609","TOMY PUTRA AGUSTIEN","REGULER","BK","U35.6.20260809.1","10452870","36,000"
"173609","TOMY PUTRA AGUSTIEN","BOOSTER AGT 2026 - ACCS","BK","U35.6.20260809.1","10452870","100,000"
"173609","TOMY PUTRA AGUSTIEN","REGULER","BR","U35.13.20260811.12","10275775","37,500"
"173609","TOMY PUTRA AGUSTIEN","KHUSUS","BA","U35.6.20260811.3","10679264","166,658"
"173609","TOMY PUTRA AGUSTIEN","SPECIAL","BJ","35.4.20260812.1","","16,000"
"173609","TOMY PUTRA AGUSTIEN","REGULER","BQ","U35.4.20260812.4","10499721","45,000"
"173609","TOMY PUTRA AGUSTIEN","SPECIAL","BJ","35.13.20260816.25","10610077","3,000"
"173609","TOMY PUTRA AGUSTIEN","SPECIAL","BG","U35.13.20260816.23","10558582","80,000"
"173609","TOMY PUTRA AGUSTIEN","REGULER","BQ","U35.4.20260816.14","10699331","15,000"
"173609","TOMY PUTRA AGUSTIEN","REGULER","BG","35.13.20260817.26","10022135","2,000"
"173609","TOMY PUTRA AGUSTIEN","REGULER","BL","35.4.20260817.11","10676652","3,000"
"173609","TOMY PUTRA AGUSTIEN","SPECIAL","BJ","35.4.20260817.11","10572361","17,000"
"173609","TOMY PUTRA AGUSTIEN","SPECIAL","BJ","35.4.20260817.11","10572373","17,000"
"173609","TOMY PUTRA AGUSTIEN","SPECIAL","BJ","35.4.20260817.11","10572378","4,000"
"173609","TOMY PUTRA AGUSTIEN","SPECIAL","BJ","35.4.20260817.11","10572385","4,000"
"173609","TOMY PUTRA AGUSTIEN","SPECIAL","BJ","35.4.20260817.11","10572020","10,000"
"173609","TOMY PUTRA AGUSTIEN","SPECIAL","BJ","35.4.20260817.11","10572032","10,000"
"173609","TOMY PUTRA AGUSTIEN","SPECIAL","BJ","35.4.20260817.11","10572389","4,000"
"173609","TOMY PUTRA AGUSTIEN","SPECIAL","BJ","35.4.20260817.11","10572382","4,000"
"173609","TOMY PUTRA AGUSTIEN","SPECIAL","BJ","35.7.20260817.1","10610061","10,000"
"173609","TOMY PUTRA AGUSTIEN","REGULER","BB","U35.4.20260817.14","10439542","20,000"
"173609","TOMY PUTRA AGUSTIEN","REGULER","BR","U35.4.20260817.14","10106156","37,500"
"173609","TOMY PUTRA AGUSTIEN","SPECIAL","BF","U35.4.20260817.14","10602207","35,000"
"173609","TOMY PUTRA AGUSTIEN","SPECIAL","BB","U35.6.20260817.9","10470773","100,000"
"173609","TOMY PUTRA AGUSTIEN","BOOSTER AGT 2026 - ACCS","BK","35.6.20260820.11","10631387",""
"173609","TOMY PUTRA AGUSTIEN","BOOSTER AGT 2026 - ACCS","BK","35.6.20260820.11","",""
"173609","TOMY PUTRA AGUSTIEN","BOOSTER AGT 2026 - ACCS","BK","35.6.20260820.11","",""
"173609","TOMY PUTRA AGUSTIEN","BOOSTER AGT 2026 - ACCS","BK","35.6.20260820.11","",""
"173609","TOMY PUTRA AGUSTIEN","BOOSTER AGT 2026 - ACCS","BK","35.6.20260820.11","",""
"173609","TOMY PUTRA AGUSTIEN","BOOSTER AGT 2026 - ACCS","BK","35.8.20260820.7","10631387",""
"173609","TOMY PUTRA AGUSTIEN","BOOSTER AGT 2026 - ACCS","BK","35.8.20260820.7","",""
"173609","TOMY PUTRA AGUSTIEN","BOOSTER AGT 2026 - ACCS","BK","35.8.20260820.7","",""
"173609","TOMY PUTRA AGUSTIEN","BOOSTER AGT 2026 - ACCS","BK","35.8.20260820.7","",""
"173609","TOMY PUTRA AGUSTIEN","BOOSTER AGT 2026 - ACCS","BK","35.8.20260820.7","",""
"173609","TOMY PUTRA AGUSTIEN","REGULER","BQ","U35.13.20260820.1","10666133","10,000"
"173609","TOMY PUTRA AGUSTIEN","SPECIAL","BJ","35.13.20260822.4","10610055","8,000"
"173609","TOMY PUTRA AGUSTIEN","SPECIAL","BJ","35.13.20260822.4","10610080","3,000"
"173609","TOMY PUTRA AGUSTIEN","SPECIAL","BJ","35.13.20260822.4","10610088","3,000"
"173609","TOMY PUTRA AGUSTIEN","REGULER","BM","35.10.20260823.22","10613393","7,000"
"173609","TOMY PUTRA AGUSTIEN","BOOSTER AGT 2026 - ACCS","BM","35.10.20260823.22","10161036",""
"173609","TOMY PUTRA AGUSTIEN","BOOSTER AGT 2026 - ACCS","BM","35.10.20260823.22","10613393",""
"173609","TOMY PUTRA AGUSTIEN","REGULER","BJ","35.13.20260823.2","10712349","8,000"
"173609","TOMY PUTRA AGUSTIEN","SPECIAL","BJ","35.4.20260823.21","10642997","25,000"
"173609","TOMY PUTRA AGUSTIEN","SPECIAL","BJ","35.4.20260823.21","10610062","7,000"
"173609","TOMY PUTRA AGUSTIEN","SPECIAL","BJ","35.4.20260823.21","10610081","3,000"
"173609","TOMY PUTRA AGUSTIEN","SPECIAL","BJ","35.4.20260823.21","10610089","3,000"
"173609","TOMY PUTRA AGUSTIEN","SPECIAL","BJ","35.13.20260825.15","10609634","9,000"
"173609","TOMY PUTRA AGUSTIEN","SPECIAL","BJ","35.13.20260825.15","10610084","3,000"
"173609","TOMY PUTRA AGUSTIEN","SPECIAL","BJ","35.13.20260825.15","10610076","3,000"
"173609","TOMY PUTRA AGUSTIEN","SPECIAL","BF","U35.4.20260825.7","10681575","45,000"
"173609","TOMY PUTRA AGUSTIEN","SPECIAL","BJ","35.13.20260828.2","10560068","9,000"
"173609","TOMY PUTRA AGUSTIEN","REGULER","BK","35.6.20260829.25","10667923","15,600"
"173609","TOMY PUTRA AGUSTIEN","BOOSTER AGT 2026 - ACCS","BK","35.6.20260829.25","10667923","25,000"
"173609","TOMY PUTRA AGUSTIEN","SPECIAL","BJ","35.78.20260829.69","10455170","5,000"
"173609","TOMY PUTRA AGUSTIEN","REGULER","BK","35.78.20260829.71","10437787","4,800"
"173609","TOMY PUTRA AGUSTIEN","REGULER","BM","35.78.20260829.74","10593570","3,000"
"173609","TOMY PUTRA AGUSTIEN","SPECIAL","BJ","35.4.20260830.21","10597140","3,000"
"173609","TOMY PUTRA AGUSTIEN","REGULER","BM","35.78.20260830.32","10566951","5,000"
"173609","TOMY PUTRA AGUSTIEN","REGULER","BL","35.78.20260830.33","10515704","1,000"
"173609","TOMY PUTRA AGUSTIEN","REGULER","BN","35.78.20260830.35","10707523","4,000"
"173609","TOMY PUTRA AGUSTIEN","KHUSUS","BA","U35.4.20260831.12","10641789","75,689"
"173609","TOMY PUTRA AGUSTIEN","KHUSUS","BA","U35.4.20260831.12","10655203","708,445"
"195739","DIKI WAHYUDI","KHUSUS - JULI 2026","BA","U35.10.20260728.4","10027167","171,162"
"195739","DIKI WAHYUDI","REGULER","BM","35.10.20260801.37","10149476","2,000"
"195739","DIKI WAHYUDI","REGULER","BN","35.8.20260803.4","10541167","2,000"
"195739","DIKI WAHYUDI","REGULER","BM","U35.13.20260803.1","10490288","4,000"
"195739","DIKI WAHYUDI","REGULER","BK","U35.13.20260803.1","10212796","2,400"
"195739","DIKI WAHYUDI","REGULER","BR","U35.13.20260803.1","10186604","10,500"
"195739","DIKI WAHYUDI","REGULER","BR","U35.13.20260803.1","10565986","25,500"
"195739","DIKI WAHYUDI","REGULER","BK","35.10.20260808.23","10469867","2,400"
"195739","DIKI WAHYUDI","SPECIAL","BJ","35.8.20260808.57","10572035","10,000"
"195739","DIKI WAHYUDI","SPECIAL","BJ","35.8.20260808.57","10572383","4,000"
"195739","DIKI WAHYUDI","SPECIAL","BJ","35.8.20260808.57","10572376","17,000"
"195739","DIKI WAHYUDI","SPECIAL","BJ","35.8.20260808.57","","6,000"
"195739","DIKI WAHYUDI","SPECIAL","BJ","35.8.20260808.57","","9,000"
"195739","DIKI WAHYUDI","SPECIAL","BJ","35.8.20260808.57","10572023","10,000"
"195739","DIKI WAHYUDI","SPECIAL","BJ","35.8.20260808.57","10572364","17,000"
"195739","DIKI WAHYUDI","SPECIAL","BJ","35.8.20260808.57","","4,000"
"195739","DIKI WAHYUDI","SPECIAL","BJ","35.8.20260808.57","10572379","4,000"
"195739","DIKI WAHYUDI","SPECIAL","BJ","35.8.20260808.57","10572390","4,000"
"195739","DIKI WAHYUDI","SPECIAL","BJ","35.8.20260808.57","10572386","4,000"
"195739","DIKI WAHYUDI","REGULER","BR","U35.10.20260808.7","10624525","67,500"
"195739","DIKI WAHYUDI","REGULER","BR","U35.10.20260808.7","10111816","30,000"
"195739","DIKI WAHYUDI","REGULER","BR","35.13.20260810.3","10570193","1,500"
"195739","DIKI WAHYUDI","REGULER","BK","35.6.20260812.2","10616482","4,800"
"195739","DIKI WAHYUDI","REGULER","BK","35.6.20260812.2","10680927","10,800"
"195739","DIKI WAHYUDI","BOOSTER AGT 2026 - ACCS","BK","35.6.20260812.2","10616482",""
"195739","DIKI WAHYUDI","BOOSTER AGT 2026 - ACCS","BK","35.6.20260812.2","10680927",""
"195739","DIKI WAHYUDI","REGULER","BP","U35.4.20260812.7","10549680","10,800"
"195739","DIKI WAHYUDI","REGULER","BA","U35.4.20260814.5","10608611","90,000"
"195739","DIKI WAHYUDI","SPECIAL","BB","U35.4.20260814.5","10590181","100,000"
"195739","DIKI WAHYUDI","REGULER","BM","35.3.20260815.29","10077743","1,000"
"195739","DIKI WAHYUDI","REGULER","BQ","U35.4.20260815.4","10666133","35,000"
"195739","DIKI WAHYUDI","REGULER","BI","35.6.20260816.2","","2,400"
"195739","DIKI WAHYUDI","REGULER","BB","U35.6.20260816.16","10695712","17,000"
"195739","DIKI WAHYUDI","REGULER","BN","U35.6.20260816.16","10422357","2,000"
"195739","DIKI WAHYUDI","REGULER","BN","U35.6.20260816.16","10291595","2,000"
"195739","DIKI WAHYUDI","REGULER","BD","U35.6.20260816.16","10685787","20,000"
"195739","DIKI WAHYUDI","REGULER","BM","U35.6.20260816.7","10216726","2,000"
"195739","DIKI WAHYUDI","REGULER","BL","U35.6.20260816.7","10556151","4,000"
"195739","DIKI WAHYUDI","REGULER","BL","U35.6.20260816.7","10556152","4,000"
"195739","DIKI WAHYUDI","REGULER","BM","U35.6.20260816.7","10209631","2,000"
"195739","DIKI WAHYUDI","KHUSUS","BA","U35.6.20260816.7","10589016","90,072"
"195739","DIKI WAHYUDI","BOOSTER AGT 2026 - ACCS","BL","U35.6.20260816.7","10556151","12,500"
"195739","DIKI WAHYUDI","BOOSTER AGT 2026 - ACCS","BL","U35.6.20260816.7","10556152","12,500"
"195739","DIKI WAHYUDI","BOOSTER AGT 2026 - ACCS","BM","U35.6.20260816.7","10209631",""
"195739","DIKI WAHYUDI","BOOSTER AGT 2026 - ACCS","BM","U35.6.20260816.7","10216726",""
"195739","DIKI WAHYUDI","BOOSTER AGT 2026 - ACCS","BM","U35.6.20260816.7","10437800",""
"195739","DIKI WAHYUDI","REGULER","BR","35.13.20260817.1","10678025","25,500"
"195739","DIKI WAHYUDI","REGULER","BN","35.3.20260817.53","10541410","0"
"195739","DIKI WAHYUDI","REGULER","BN","35.3.20260817.53","10550648","2,000"
"195739","DIKI WAHYUDI","REGULER","BL","35.6.20260817.25","10495871","1,000"
"195739","DIKI WAHYUDI","REGULER","BG","35.6.20260817.25","10508199","7,000"
"195739","DIKI WAHYUDI","REGULER","BQ","U35.13.20260817.2","10666133","10,000"
"195739","DIKI WAHYUDI","REGULER","BR","U35.3.20260817.14","10580791","1,500"
"195739","DIKI WAHYUDI","REGULER","BR","U35.3.20260817.14","","25,500"
"195739","DIKI WAHYUDI","REGULER","BD","U35.3.20260817.14","10564572","25,000"
"195739","DIKI WAHYUDI","REGULER","BM","35.3.20260819.10","10477920","2,000"
"195739","DIKI WAHYUDI","REGULER","BB","U35.3.20260819.2","10573844","14,000"
"195739","DIKI WAHYUDI","SPECIAL","BJ","35.4.20260821.2","10470621","10,000"
"195739","DIKI WAHYUDI","REGULER","BQ","U35.3.20260821.7","10666133","9,000"
"195739","DIKI WAHYUDI","REGULER","BD","U35.3.20260821.7","10578755","8,000"
"195739","DIKI WAHYUDI","REGULER","BD","U35.3.20260821.7","10138337","20,000"
"195739","DIKI WAHYUDI","SPECIAL","BJ","35.13.20260822.20","10560072","14,000"
"195739","DIKI WAHYUDI","SPECIAL","BJ","35.13.20260822.20","10653949","8,000"
"195739","DIKI WAHYUDI","REGULER","BM","35.6.20260822.1","10477919","2,000"
"195739","DIKI WAHYUDI","REGULER","BP","U35.13.20260822.18","10485311","10,800"
"195739","DIKI WAHYUDI","REGULER","BQ","U35.13.20260822.18","10591339","14,000"
"195739","DIKI WAHYUDI","REGULER","BQ","U35.13.20260822.18","10607958","10,000"
"195739","DIKI WAHYUDI","REGULER","BR","U35.6.20260822.13","10105249","52,500"
"195739","DIKI WAHYUDI","REGULER","BR","U35.6.20260822.13","10472018","21,000"
"195739","DIKI WAHYUDI","REGULER","BK","35.10.20260823.9","10453975","2,400"
"195739","DIKI WAHYUDI","REGULER","BI","35.4.20260823.51","","6,000"
"195739","DIKI WAHYUDI","REGULER","BR","U35.13.20260823.25","10646352","18,000"
"195739","DIKI WAHYUDI","REGULER","BR","U35.4.20260823.35","10553965","75,000"
"195739","DIKI WAHYUDI","REGULER","BC","U35.13.20260825.15","10250049","55,000"
"195739","DIKI WAHYUDI","REGULER","BQ","U35.13.20260825.31","10564052","35,000"
"195739","DIKI WAHYUDI","REGULER","BE","U35.13.20260825.31","10425370","25,000"
"195739","DIKI WAHYUDI","KHUSUS","BA","U35.13.20260825.31","10665626","45,036"
"195739","DIKI WAHYUDI","SPECIAL","BF","U35.13.20260825.31","10708980","25,000"
"195739","DIKI WAHYUDI","BOOSTER AGT 2026 - FURNI","BQ","U35.13.20260825.31","10564052","50,000"
"195739","DIKI WAHYUDI","REGULER","BB","U35.13.20260825.32","10680205","17,000"
"195739","DIKI WAHYUDI","REGULER","BI","35.13.20260828.10","","6,000"
"195739","DIKI WAHYUDI","REGULER","BI","35.13.20260828.10","10476993","9,600"
"195739","DIKI WAHYUDI","SPECIAL","BJ","35.13.20260828.2","10559844","8,000"
"195739","DIKI WAHYUDI","REGULER","BR","35.13.20260828.3","10607956","24,000"
"195739","DIKI WAHYUDI","REGULER","BK","35.6.20260829.28","10542758","1,200"
"195739","DIKI WAHYUDI","REGULER","BK","35.6.20260829.28","10542759","3,600"
"195739","DIKI WAHYUDI","REGULER","BK","35.6.20260829.29","10472321","4,800"
"195739","DIKI WAHYUDI","REGULER","BK","35.6.20260829.29","10472330","9,600"
"195739","DIKI WAHYUDI","BOOSTER AGT 2026 - ACCS","BK","35.6.20260829.29","10472321",""
"195739","DIKI WAHYUDI","BOOSTER AGT 2026 - ACCS","BK","35.6.20260829.29","10472330",""
"195739","DIKI WAHYUDI","REGULER","BQ","U35.4.20260829.9","10499723","19,000"
"195739","DIKI WAHYUDI","REGULER","BP","U35.4.20260829.9","10671361","36,000"
"195739","DIKI WAHYUDI","REGULER","BK","35.10.20260830.4","10411585","4,800"
"195739","DIKI WAHYUDI","SPECIAL","BJ","35.13.20260830.41","10221898","20,000"
"195739","DIKI WAHYUDI","SPECIAL","BJ","35.13.20260830.41","10559838","11,000"
"195739","DIKI WAHYUDI","SPECIAL","BJ","35.13.20260830.41","10572048","0"
"195739","DIKI WAHYUDI","BOOSTER AGT 2026 - ACCS","BO","U35.10.20260830.20","10562268","60,000"
"195739","DIKI WAHYUDI","REGULER","BO","U35.10.20260830.21","10689588","18,000"
"195739","DIKI WAHYUDI","BOOSTER AGT 2026 - ACCS","BO","U35.10.20260830.21","10689588","30,000"
"195739","DIKI WAHYUDI","BOOSTER AGT 2026 - ACCS","BO","U35.10.20260830.22","10644935","30,000"
"195739","DIKI WAHYUDI","REGULER","BR","U35.13.20260830.20","10624878","67,500"
"195739","DIKI WAHYUDI","REGULER","BR","U35.13.20260830.20","10565290","52,500"
"195739","DIKI WAHYUDI","REGULER","BR","U35.13.20260830.20","10476477","16,500"
"195739","DIKI WAHYUDI","REGULER","BQ","U35.13.20260830.20","10606863","50,000"
"195739","DIKI WAHYUDI","BOOSTER AGT 2026 - FURNI","BQ","U35.13.20260830.20","10606863","100,000"
"195739","DIKI WAHYUDI","SPECIAL","BJ","35.13.20260831.15","10560144","2,000"
"195739","DIKI WAHYUDI","REGULER","BJ","35.4.20260831.1","10664236","4,000"
"195739","DIKI WAHYUDI","REGULER","BN","35.7.20260831.12","10558505","2,000"
"195739","DIKI WAHYUDI","REGULER","DB","35.7.20260831.12","10556169","15,000"
"195739","DIKI WAHYUDI","REGULER","BN","35.7.20260831.12","10107904","4,000"
"195739","DIKI WAHYUDI","BOOSTER AGT 2026 - ACCS","DB","35.7.20260831.12","10556169","30,000"
"195739","DIKI WAHYUDI","REGULER","BM","35.7.20260831.7","10493989","5,000"
"195739","DIKI WAHYUDI","REGULER","BK","35.8.20260831.18","10589705","12,000"
"195739","DIKI WAHYUDI","REGULER","BK","35.8.20260831.18","10148855","7,200"
"195739","DIKI WAHYUDI","REGULER","BL","35.8.20260831.18","10550392","2,000"
"195739","DIKI WAHYUDI","BOOSTER AGT 2026 - ACCS","BK","35.8.20260831.18","10148855",""
"195739","DIKI WAHYUDI","BOOSTER AGT 2026 - ACCS","BK","35.8.20260831.18","10589705",""
"195739","DIKI WAHYUDI","BOOSTER AGT 2026 - ACCS","BK","35.8.20260831.18","10644752",""
"195739","DIKI WAHYUDI","REGULER","BL","35.8.20260831.7","10516803","1,000"
"195739","DIKI WAHYUDI","REGULER","BM","35.8.20260831.7","10029821","3,000"
"195739","DIKI WAHYUDI","REGULER","BL","35.8.20260831.7","10516809","1,000"
"195739","DIKI WAHYUDI","REGULER","BL","U35.4.20260831.12","10516814","2,000"
"154251","FITRI SILPANI","KHUSUS - JULI 2026","BA","U35.10.20260713.4","10433875","75,658"
"154251","FITRI SILPANI","KHUSUS - JULI 2026","BA","U35.8.20260725.13","10655208","299,886"
"154251","FITRI SILPANI","SPECIAL","BJ","35.13.20260801.34","10572364","20,000"
"154251","FITRI SILPANI","SPECIAL","BJ","35.13.20260801.38","10697902","20,000"
"154251","FITRI SILPANI","SPECIAL","BJ","35.13.20260801.38","10698795","13,000"
"154251","FITRI SILPANI","REGULER","BO","35.3.20260801.6","10604555","3,000"
"154251","FITRI SILPANI","REGULER","BJ","35.4.20260801.15","10627722","3,000"
"154251","FITRI SILPANI","SPECIAL","BJ","35.4.20260801.44","10697903","20,000"
"154251","FITRI SILPANI","SPECIAL","BJ","35.4.20260801.44","10568164","5,000"
"154251","FITRI SILPANI","SPECIAL","BJ","35.4.20260801.54","10666985","10,000"
"154251","FITRI SILPANI","REGULER","BF","U35.6.20260801.7","10619466","17,000"
"154251","FITRI SILPANI","REGULER","BB","U35.6.20260801.7","10568823","12,000"
"154251","FITRI SILPANI","REGULER","BJ","35.0.20260802.4","10627722","-3,000"
"154251","FITRI SILPANI","SPECIAL","BJ","35.4.20260802.12","10615280","3,000"
"154251","FITRI SILPANI","SPECIAL","BJ","35.4.20260802.12","10676775","3,000"
"154251","FITRI SILPANI","REGULER","BJ","35.4.20260802.26","10627723","3,000"
"154251","FITRI SILPANI","SPECIAL","BJ","35.8.20260802.21","10559815","50,000"
"154251","FITRI SILPANI","REGULER","BB","U35.8.20260802.5","10622189","20,000"
"154251","FITRI SILPANI","REGULER","BI","U35.8.20260802.5","10678100","10,800"
"154251","FITRI SILPANI","REGULER","BF","U35.8.20260802.5","10601786","9,000"
"154251","FITRI SILPANI","REGULER","BI","35.13.20260803.15","10705768","3,600"
"154251","FITRI SILPANI","SPECIAL","BJ","35.13.20260803.15","","3,000"
"154251","FITRI SILPANI","REGULER","BD","35.4.20260803.10","10587667","1,000"
"154251","FITRI SILPANI","SPECIAL","BJ","35.8.20260805.9","10572388","4,000"
"154251","FITRI SILPANI","REGULER","BQ","U35.13.20260805.6","10588755","13,000"
"154251","FITRI SILPANI","SPECIAL","BJ","35.4.20260806.11","10568164","5,000"
"154251","FITRI SILPANI","SPECIAL","BJ","35.4.20260807.18","10697902","20,000"
"154251","FITRI SILPANI","REGULER","BK","35.10.20260808.15","10477912","16,800"
"154251","FITRI SILPANI","BOOSTER AGT 2026 - ACCS","BK","35.10.20260808.15","10477912","50,000"
"154251","FITRI SILPANI","REGULER","BO","35.13.20260808.31","10554232","0"
"154251","FITRI SILPANI","SPECIAL","BJ","35.4.20260808.25","10610058","6,000"
"154251","FITRI SILPANI","SPECIAL","BJ","35.4.20260808.25","10610080","3,000"
"154251","FITRI SILPANI","SPECIAL","BJ","35.4.20260808.25","","2,000"
"154251","FITRI SILPANI","SPECIAL","BJ","35.4.20260808.25","10610088","3,000"
"154251","FITRI SILPANI","SPECIAL","BJ","35.4.20260808.25","","2,000"
"154251","FITRI SILPANI","SPECIAL","BJ","35.4.20260808.31","10664230","30,000"
"154251","FITRI SILPANI","KHUSUS","BA","U35.8.20260808.25","10375727","45,036"
"154251","FITRI SILPANI","REGULER","BI","35.13.20260809.2","10588136","6,000"
"154251","FITRI SILPANI","REGULER","BI","35.13.20260809.2","10214116","6,000"
"154251","FITRI SILPANI","SPECIAL","BF","U35.13.20260809.18","10635080","60,000"
"154251","FITRI SILPANI","REGULER","BF","U35.13.20260809.19","10604930","13,000"
"154251","FITRI SILPANI","SPECIAL","BJ","35.13.20260813.18","10642990","25,000"
"154251","FITRI SILPANI","REGULER","BL","35.6.20260815.3","10504961","2,000"
"154251","FITRI SILPANI","REGULER","BJ","35.6.20260815.3","10664236","4,000"
"154251","FITRI SILPANI","REGULER","BB","35.7.20260815.18","10606556","12,000"
"154251","FITRI SILPANI","REGULER","BK","35.7.20260815.27","10212798","2,400"
"154251","FITRI SILPANI","REGULER","BC","U35.8.20260815.4","10619245","25,000"
"154251","FITRI SILPANI","SPECIAL","BJ","35.13.20260816.25","10610067","14,000"
"154251","FITRI SILPANI","SPECIAL","BJ","35.13.20260816.25","10610085","3,000"
"154251","FITRI SILPANI","SPECIAL","BJ","35.13.20260816.25","10609642","14,000"
"154251","FITRI SILPANI","SPECIAL","BJ","35.13.20260816.25","10610082","3,000"
"154251","FITRI SILPANI","SPECIAL","BJ","35.13.20260816.25","10610090","3,000"
"154251","FITRI SILPANI","SPECIAL","BJ","35.13.20260816.28","10708014","25,000"
"154251","FITRI SILPANI","SPECIAL","BJ","35.3.20260816.2","","3,000"
"154251","FITRI SILPANI","REGULER","BI","U35.13.20260816.11","10640767","21,600"
"154251","FITRI SILPANI","REGULER","BB","U35.13.20260816.11","10583275","18,000"
"154251","FITRI SILPANI","REGULER","BI","U35.13.20260816.11","10643798","0"
"154251","FITRI SILPANI","REGULER","BJ","35.10.20260817.30","10680633","6,000"
"154251","FITRI SILPANI","REGULER","BO","35.10.20260817.30","10594770","0"
"154251","FITRI SILPANI","REGULER","BO","35.6.20260817.1","10697003","9,000"
"154251","FITRI SILPANI","BOOSTER AGT 2026 - ACCS","BO","35.6.20260817.1","10697003","30,000"
"154251","FITRI SILPANI","REGULER","BI","U35.10.20260817.16","10573712","10,800"
"154251","FITRI SILPANI","REGULER","BM","U35.10.20260817.16","10554523","2,000"
"154251","FITRI SILPANI","REGULER","BK","U35.10.20260817.16","10149028","4,800"
"154251","FITRI SILPANI","REGULER","BQ","U35.13.20260817.9","10588755","13,000"
"154251","FITRI SILPANI","REGULER","BP","35.4.20260820.4","10621504","12,000"
"154251","FITRI SILPANI","REGULER","BR","35.4.20260822.27","10561987","9,000"
"154251","FITRI SILPANI","REGULER","BJ","35.6.20260822.26","10695147","7,000"
"154251","FITRI SILPANI","REGULER","BL","35.6.20260822.26","10483294","1,000"
"154251","FITRI SILPANI","SPECIAL","BN","35.7.20260822.14","10657074","6,000"
"154251","FITRI SILPANI","SPECIAL","BJ","35.4.20260823.31","10697902","20,000"
"154251","FITRI SILPANI","SPECIAL","BJ","35.4.20260823.33","10559847","8,000"
"154251","FITRI SILPANI","REGULER","BM","35.7.20260823.8","10423377","1,000"
"154251","FITRI SILPANI","REGULER","BM","35.8.20260823.7","10493989","2,000"
"154251","FITRI SILPANI","SPECIAL","BJ","35.8.20260823.7","","2,000"
"154251","FITRI SILPANI","SPECIAL","BF","U35.4.20260823.22","10449452","25,000"
"154251","FITRI SILPANI","REGULER","BE","U35.7.20260823.5","10582005","20,000"
"154251","FITRI SILPANI","SPECIAL","BF","U35.7.20260823.5","10681575","45,000"
"154251","FITRI SILPANI","SPECIAL","BJ","35.78.20260824.39","10676766","30,000"
"154251","FITRI SILPANI","REGULER","BR","U35.10.20260824.7","10624524","67,500"
"154251","FITRI SILPANI","REGULER","BA","U35.10.20260824.7","10681533","55,000"
"154251","FITRI SILPANI","REGULER","BC","U35.10.20260824.7","10663092","50,000"
"154251","FITRI SILPANI","REGULER","BR","U35.10.20260824.7","10593930","10,500"
"154251","FITRI SILPANI","REGULER","BD","U35.10.20260824.7","10564573","25,000"
"154251","FITRI SILPANI","REGULER","BB","U35.10.20260824.7","10573848","10,000"
"154251","FITRI SILPANI","REGULER","BR","U35.10.20260824.7","10593926","10,500"
"154251","FITRI SILPANI","SPECIAL","BD","U35.10.20260824.7","10626720","100,000"
"154251","FITRI SILPANI","SPECIAL","BB","U35.10.20260824.7","10020243","100,000"
"154251","FITRI SILPANI","SPECIAL","BD","U35.10.20260824.7","10713500","150,000"
"154251","FITRI SILPANI","REGULER","BK","U35.10.20260824.8","10457399","12,000"
"154251","FITRI SILPANI","REGULER","BK","U35.10.20260824.8","10215980","8,400"
"154251","FITRI SILPANI","REGULER","BO","U35.10.20260824.8","10506860","0"
"154251","FITRI SILPANI","SPECIAL","BJ","U35.10.20260824.8","10422759","8,000"
"154251","FITRI SILPANI","SPECIAL","BJ","U35.10.20260824.8","10559841","6,000"
"154251","FITRI SILPANI","SPECIAL","BJ","U35.10.20260824.8","10559831","8,000"
"154251","FITRI SILPANI","SPECIAL","BJ","U35.10.20260824.8","10560066","7,000"
"154251","FITRI SILPANI","SPECIAL","BJ","U35.10.20260824.8","10422778","9,000"
"154251","FITRI SILPANI","SPECIAL","BJ","U35.10.20260824.8","10559837","6,000"
"154251","FITRI SILPANI","SPECIAL","BJ","U35.10.20260824.8","10560059","9,000"
"154251","FITRI SILPANI","SPECIAL","BJ","U35.10.20260824.8","10560063","7,000"
"154251","FITRI SILPANI","BOOSTER AGT 2026 - ACCS","BK","U35.10.20260824.8","10215980",""
"154251","FITRI SILPANI","BOOSTER AGT 2026 - ACCS","BK","U35.10.20260824.8","10457399",""
"154251","FITRI SILPANI","BOOSTER AGT 2026 - ACCS","BO","U35.10.20260824.8","10506860",""
"154251","FITRI SILPANI","BOOSTER AGT 2026 - ACCS","BO","U35.10.20260824.8","10568761",""
"154251","FITRI SILPANI","REGULER","BF","U35.13.20260825.3","10634177","20,000"
"154251","FITRI SILPANI","REGULER","BR","U35.4.20260825.6","10624525","67,500"
"154251","FITRI SILPANI","REGULER","BN","U35.7.20260825.9","10449965","3,000"
"154251","FITRI SILPANI","REGULER","BK","U35.7.20260825.9","10490279","2,400"
"154251","FITRI SILPANI","REGULER","BN","U35.7.20260825.9","10475936","3,000"
"154251","FITRI SILPANI","REGULER","BM","35.7.20260827.11","10628705","3,000"
"154251","FITRI SILPANI","REGULER","BI","U35.7.20260827.5","10595440","15,600"
"154251","FITRI SILPANI","REGULER","BI","U35.7.20260827.5","10712758","9,600"
"154251","FITRI SILPANI","KHUSUS","BA","U35.3.20260831.3","10589016","45,036"
"193455","MAULANA MARIS","REGULER","BI","35.13.20260802.13","10705771","3,600"
"193455","MAULANA MARIS","REGULER","BL","35.13.20260802.13","10708311","8,000"
"193455","MAULANA MARIS","REGULER","BR","35.13.20260802.13","10275775","21,000"
"193455","MAULANA MARIS","BOOSTER AGT 2026 - ACCS","BL","35.13.20260802.13","10558534",""
"193455","MAULANA MARIS","BOOSTER AGT 2026 - ACCS","BL","35.13.20260802.13","10708311",""
"193455","MAULANA MARIS","SPECIAL","BJ","35.13.20260802.31","10602647","10,000"
"193455","MAULANA MARIS","SPECIAL","BJ","35.13.20260802.31","10654368","9,000"
"193455","MAULANA MARIS","SPECIAL","BJ","35.13.20260802.31","10568168","6,000"
"193455","MAULANA MARIS","SPECIAL","BJ","35.13.20260802.31","10654364","9,000"
"193455","MAULANA MARIS","SPECIAL","BJ","35.13.20260802.31","10190619","6,000"
"193455","MAULANA MARIS","SPECIAL","BJ","35.13.20260802.31","10190610","6,000"
"193455","MAULANA MARIS","SPECIAL","BJ","35.8.20260802.47","10559843","8,000"
"193455","MAULANA MARIS","SPECIAL","BJ","35.8.20260802.47","10560068","9,000"
"193455","MAULANA MARIS","REGULER","BQ","U35.13.20260805.2","10666133","10,000"
"193455","MAULANA MARIS","REGULER","BQ","U35.13.20260805.2","10666134","10,000"
"193455","MAULANA MARIS","REGULER","BD","35.8.20260807.19","10564728","5,000"
"193455","MAULANA MARIS","REGULER","BB","U35.10.20260807.9","10618367","19,000"
"193455","MAULANA MARIS","REGULER","BM","U35.8.20260807.8","10595794","2,000"
"193455","MAULANA MARIS","REGULER","BM","U35.8.20260807.8","10423377","1,000"
"193455","MAULANA MARIS","REGULER","BM","U35.8.20260807.8","10102966","3,000"
"193455","MAULANA MARIS","REGULER","BO","U35.8.20260807.8","10569263","3,000"
"193455","MAULANA MARIS","BOOSTER AGT 2026 - ACCS","BM","U35.8.20260807.8","10102966",""
"193455","MAULANA MARIS","BOOSTER AGT 2026 - ACCS","BM","U35.8.20260807.8","10423377",""
"193455","MAULANA MARIS","BOOSTER AGT 2026 - ACCS","BM","U35.8.20260807.8","10553096",""
"193455","MAULANA MARIS","BOOSTER AGT 2026 - ACCS","BM","U35.8.20260807.8","10595794",""
"193455","MAULANA MARIS","REGULER","BM","35.8.20260808.46","10595794","2,000"
"193455","MAULANA MARIS","REGULER","BP","U35.4.20260808.15","10621507","4,800"
"193455","MAULANA MARIS","REGULER","BQ","U35.4.20260808.15","10699333","40,000"
"193455","MAULANA MARIS","REGULER","BP","U35.6.20260808.11","10509698","16,800"
"193455","MAULANA MARIS","SPECIAL","BJ","35.10.20260809.36","10559823","50,000"
"193455","MAULANA MARIS","SPECIAL","BJ","35.4.20260809.29","10464457","13,000"
"193455","MAULANA MARIS","REGULER","BR","U35.3.20260809.7","10508384","82,500"
"193455","MAULANA MARIS","REGULER","BD","U35.3.20260809.7","10633166","45,000"
"193455","MAULANA MARIS","REGULER","BR","U35.3.20260809.8","10508384","7,500"
"193455","MAULANA MARIS","REGULER","BN","35.3.20260811.2","10675293","4,000"
"193455","MAULANA MARIS","SPECIAL","BL","35.13.20260813.2","10690159","70,000"
"193455","MAULANA MARIS","BOOSTER AGT 2026 - ACCS","BL","35.13.20260813.2","10690159","100,000"
"193455","MAULANA MARIS","REGULER","BN","35.3.20260813.8","10547534","2,000"
"193455","MAULANA MARIS","KHUSUS","BB","35.3.20260813.8","10521065","5,392"
"193455","MAULANA MARIS","SPECIAL","BN","35.3.20260813.8","10608393","10,000"
"193455","MAULANA MARIS","REGULER","BK","35.8.20260814.8","10607409","6,000"
"193455","MAULANA MARIS","REGULER","BP","U35.8.20260814.4","10090062","24,000"
"193455","MAULANA MARIS","REGULER","BM","U35.8.20260814.4","10420957","7,000"
"193455","MAULANA MARIS","REGULER","BM","U35.8.20260814.4","10628704","4,000"
"193455","MAULANA MARIS","BOOSTER AGT 2026 - ACCS","BM","U35.8.20260814.4","10420957",""
"193455","MAULANA MARIS","BOOSTER AGT 2026 - ACCS","BM","U35.8.20260814.4","10628704",""
"193455","MAULANA MARIS","REGULER","BO","35.4.20260816.31","10506858","0"
"193455","MAULANA MARIS","SPECIAL","BF","U35.3.20260816.21","10601781","70,000"
"193455","MAULANA MARIS","KHUSUS","BA","U35.3.20260816.3","10662944","36,027"
"193455","MAULANA MARIS","REGULER","BF","U35.10.20260817.3","10619466","30,000"
"193455","MAULANA MARIS","REGULER","BK","35.6.20260818.10","10212797","2,400"
"193455","MAULANA MARIS","REGULER","BN","35.7.20260818.10","10541168","4,000"
"193455","MAULANA MARIS","REGULER","BN","35.7.20260818.10","10541167","3,000"
"193455","MAULANA MARIS","SPECIAL","BJ","35.7.20260818.10","10700491","30,000"
"193455","MAULANA MARIS","REGULER","BR","U35.13.20260818.7","10596626","25,500"
"193455","MAULANA MARIS","REGULER","BM","U35.13.20260818.7","10493993","2,000"
"193455","MAULANA MARIS","REGULER","BP","U35.13.20260820.8","10581857","12,000"
"193455","MAULANA MARIS","REGULER","BP","U35.13.20260820.8","10703041","126,000"
"193455","MAULANA MARIS","REGULER","BP","U35.13.20260820.8","10603389","20,400"
"193455","MAULANA MARIS","REGULER","BD","U35.4.20260823.36","10612730","3,000"
"193455","MAULANA MARIS","REGULER","BD","U35.4.20260823.36","10621902","175,000"
"193455","MAULANA MARIS","REGULER","BD","U35.4.20260823.36","10612731","5,000"
"193455","MAULANA MARIS","REGULER","BR","U35.4.20260823.36","10641430","24,000"
"193455","MAULANA MARIS","REGULER","BM","U35.4.20260823.37","10493991","13,000"
"193455","MAULANA MARIS","BOOSTER AGT 2026 - ACCS","BM","U35.4.20260823.37","10493991","25,000"
"193455","MAULANA MARIS","REGULER","BR","U35.13.20260825.27","10471861","45,000"
"193455","MAULANA MARIS","REGULER","BN","35.3.20260826.1","10457525","1,000"
"193455","MAULANA MARIS","REGULER","BK","35.6.20260826.16","10631382","3,600"
"193455","MAULANA MARIS","REGULER","BK","35.6.20260826.16","10527026","2,400"
"193455","MAULANA MARIS","REGULER","BK","35.6.20260826.16","10242104","3,600"
"193455","MAULANA MARIS","REGULER","BK","35.6.20260826.16","10462451","2,400"
"193455","MAULANA MARIS","REGULER","BK","35.6.20260826.16","10462452","3,600"
"193455","MAULANA MARIS","REGULER","BK","35.6.20260826.16","10472321","9,600"
"193455","MAULANA MARIS","BOOSTER AGT 2026 - ACCS","BK","35.6.20260826.16","10242104",""
"193455","MAULANA MARIS","BOOSTER AGT 2026 - ACCS","BK","35.6.20260826.16","10449344",""
"193455","MAULANA MARIS","BOOSTER AGT 2026 - ACCS","BK","35.6.20260826.16","10462451",""
"193455","MAULANA MARIS","BOOSTER AGT 2026 - ACCS","BK","35.6.20260826.16","10462452",""
"193455","MAULANA MARIS","BOOSTER AGT 2026 - ACCS","BK","35.6.20260826.16","10472321",""
"193455","MAULANA MARIS","BOOSTER AGT 2026 - ACCS","BK","35.6.20260826.16","10490277",""
"193455","MAULANA MARIS","BOOSTER AGT 2026 - ACCS","BK","35.6.20260826.16","10491808",""
"193455","MAULANA MARIS","BOOSTER AGT 2026 - ACCS","BK","35.6.20260826.16","10491816",""
"193455","MAULANA MARIS","BOOSTER AGT 2026 - ACCS","BK","35.6.20260826.16","10491818",""
"193455","MAULANA MARIS","BOOSTER AGT 2026 - ACCS","BK","35.6.20260826.16","10520532",""
"193455","MAULANA MARIS","BOOSTER AGT 2026 - ACCS","BK","35.6.20260826.16","10520535",""
"193455","MAULANA MARIS","BOOSTER AGT 2026 - ACCS","BK","35.6.20260826.16","10527026",""
"193455","MAULANA MARIS","BOOSTER AGT 2026 - ACCS","BK","35.6.20260826.16","10580752",""
"193455","MAULANA MARIS","BOOSTER AGT 2026 - ACCS","BK","35.6.20260826.16","10631382",""
"193455","MAULANA MARIS","BOOSTER AGT 2026 - ACCS","BK","35.6.20260826.16","10636516",""
"193455","MAULANA MARIS","BOOSTER AGT 2026 - ACCS","BK","35.6.20260826.16","10636520",""
"193455","MAULANA MARIS","BOOSTER AGT 2026 - ACCS","BK","35.6.20260826.16","10664241",""
"193455","MAULANA MARIS","BOOSTER AGT 2026 - ACCS","BK","35.6.20260826.16","10664242",""
"193455","MAULANA MARIS","BOOSTER AGT 2026 - ACCS","BK","35.6.20260826.16","10664243",""
"193455","MAULANA MARIS","BOOSTER AGT 2026 - ACCS","BK","35.6.20260826.16","10664244",""
"193455","MAULANA MARIS","BOOSTER AGT 2026 - ACCS","BK","35.6.20260826.16","",""
"193455","MAULANA MARIS","REGULER","BN","35.7.20260826.22","10541170","4,000"
"193455","MAULANA MARIS","REGULER","BN","35.7.20260826.22","10547534","2,000"
"193455","MAULANA MARIS","REGULER","BN","35.7.20260826.22","10547532","2,000"
"193455","MAULANA MARIS","REGULER","BN","35.7.20260826.22","10541169","3,000"
"193455","MAULANA MARIS","REGULER","BB","U35.8.20260826.9","10577829","19,000"
"193455","MAULANA MARIS","SPECIAL","BF","U35.8.20260826.9","10490261","25,000"
"193455","MAULANA MARIS","REGULER","BN","35.3.20260827.4","10275874","2,000"
"193455","MAULANA MARIS","REGULER","BF","U35.4.20260827.14","10495548","45,000"
"193455","MAULANA MARIS","REGULER","BF","U35.4.20260827.14","10605629","50,000"
"193455","MAULANA MARIS","REGULER","BR","U35.4.20260827.15","10275775","37,500"
"193455","MAULANA MARIS","REGULER","BO","35.10.20260829.3","10644142","1,000"
"193455","MAULANA MARIS","REGULER","BJ","35.13.20260829.15","10701401","5,000"
"193455","MAULANA MARIS","SPECIAL","BJ","35.13.20260829.16","10610076","4,000"
"193455","MAULANA MARIS","SPECIAL","BJ","35.4.20260829.9","10643627","30,000"
"193455","MAULANA MARIS","REGULER","BB","35.7.20260829.12","10186183","20,000"
"193455","MAULANA MARIS","REGULER","BK","35.8.20260829.36","10703880","19,200"
"193455","MAULANA MARIS","REGULER","BK","35.8.20260829.36","10560802","2,400"
"193455","MAULANA MARIS","BOOSTER AGT 2026 - ACCS","BK","35.8.20260829.36","10560802",""
"193455","MAULANA MARIS","BOOSTER AGT 2026 - ACCS","BK","35.8.20260829.36","10703880",""
"193455","MAULANA MARIS","REGULER","BK","35.8.20260829.37","10462451","1,200"
"193455","MAULANA MARIS","REGULER","BP","U35.3.20260829.14","10498206","18,000"
"193455","MAULANA MARIS","REGULER","BD","U35.3.20260829.14","10435141","11,000"
"193455","MAULANA MARIS","REGULER","BI","35.4.20260830.14","10418303","16,800"
"193455","MAULANA MARIS","REGULER","BI","35.4.20260830.28","10641555","8,400"
"193455","MAULANA MARIS","REGULER","BO","35.7.20260830.20","10385599","25,000"
"193455","MAULANA MARIS","BOOSTER AGT 2026 - ACCS","BO","35.7.20260830.20","10385599","60,000"
"193455","MAULANA MARIS","REGULER","BD","U35.10.20260830.18","10019760","35,000"
"193455","MAULANA MARIS","REGULER","BP","U35.13.20260830.23","10090063","84,000"
"193455","MAULANA MARIS","REGULER","BR","U35.4.20260831.2","10568906","120,000"
"194849","AFGAN IBNU AZAIDAN","REGULER","BO","35.6.20260801.29","10628453","7,000"
"194849","AFGAN IBNU AZAIDAN","BOOSTER AGT 2026 - ACCS","BM","35.8.20260801.16","10132195",""
"194849","AFGAN IBNU AZAIDAN","BOOSTER AGT 2026 - ACCS","BM","35.8.20260801.16","10165733",""
"194849","AFGAN IBNU AZAIDAN","BOOSTER AGT 2026 - ACCS","BM","35.8.20260801.16","10569993",""
"194849","AFGAN IBNU AZAIDAN","BOOSTER AGT 2026 - ACCS","BM","35.8.20260801.16","10569994",""
"194849","AFGAN IBNU AZAIDAN","REGULER","BN","35.3.20260802.16","10189134","4,000"
"194849","AFGAN IBNU AZAIDAN","REGULER","BD","U35.3.20260802.22","10633345","50,000"
"194849","AFGAN IBNU AZAIDAN","REGULER","BQ","U35.3.20260802.4","10490463","30,000"
"194849","AFGAN IBNU AZAIDAN","REGULER","BD","U35.3.20260802.4","10522475","16,000"
"194849","AFGAN IBNU AZAIDAN","REGULER","BB","U35.3.20260802.4","10199863","20,000"
"194849","AFGAN IBNU AZAIDAN","REGULER","BP","U35.3.20260802.7","10692506","13,200"
"194849","AFGAN IBNU AZAIDAN","REGULER","BO","35.10.20260803.30","10552477","2,000"
"194849","AFGAN IBNU AZAIDAN","REGULER","BF","35.13.20260803.14","10640937","2,000"
"194849","AFGAN IBNU AZAIDAN","SPECIAL","BJ","35.13.20260803.14","","6,000"
"194849","AFGAN IBNU AZAIDAN","REGULER","BK","35.6.20260803.22","10668025","2,400"
"194849","AFGAN IBNU AZAIDAN","REGULER","BO","35.6.20260806.11","10599269","3,000"
"194849","AFGAN IBNU AZAIDAN","REGULER","BN","35.7.20260806.9","10627565","2,000"
"194849","AFGAN IBNU AZAIDAN","SPECIAL","BJ","35.13.20260808.10","10453474","8,000"
"194849","AFGAN IBNU AZAIDAN","SPECIAL","BJ","35.13.20260808.10","","5,000"
"194849","AFGAN IBNU AZAIDAN","SPECIAL","BJ","35.13.20260808.10","10249385","4,000"
"194849","AFGAN IBNU AZAIDAN","REGULER","BK","35.8.20260808.38","10411586","7,200"
"194849","AFGAN IBNU AZAIDAN","BOOSTER AGT 2026 - ACCS","BK","35.8.20260808.38","10411586","25,000"
"194849","AFGAN IBNU AZAIDAN","SPECIAL","BJ","35.13.20260811.2","10610089","4,000"
"194849","AFGAN IBNU AZAIDAN","SPECIAL","BJ","35.13.20260811.2","10610081","4,000"
"194849","AFGAN IBNU AZAIDAN","REGULER","BE","U35.3.20260811.3","10218500","30,000"
"194849","AFGAN IBNU AZAIDAN","REGULER","BO","35.8.20260814.13","10666061","1,000"
"194849","AFGAN IBNU AZAIDAN","REGULER","BO","35.8.20260814.13","10666060","2,000"
"194849","AFGAN IBNU AZAIDAN","REGULER","BF","U35.7.20260814.2","10708753","20,000"
"194849","AFGAN IBNU AZAIDAN","SPECIAL","BB","U35.7.20260814.2","10676218","30,000"
"194849","AFGAN IBNU AZAIDAN","REGULER","BE","U35.8.20260814.5","10218500","30,000"
"194849","AFGAN IBNU AZAIDAN","REGULER","BM","35.6.20260815.51","10465765","1,000"
"194849","AFGAN IBNU AZAIDAN","REGULER","BL","35.8.20260815.2","10588632","4,000"
"194849","AFGAN IBNU AZAIDAN","SPECIAL","BJ","35.8.20260815.2","10249385","8,000"
"194849","AFGAN IBNU AZAIDAN","BOOSTER AGT 2026 - ACCS","BL","35.8.20260815.2","10566691",""
"194849","AFGAN IBNU AZAIDAN","BOOSTER AGT 2026 - ACCS","BL","35.8.20260815.2","10588632",""
"194849","AFGAN IBNU AZAIDAN","BOOSTER AGT 2026 - ACCS","BL","35.8.20260815.2","10632137",""
"194849","AFGAN IBNU AZAIDAN","REGULER","BB","U35.7.20260815.6","10686354","18,000"
"194849","AFGAN IBNU AZAIDAN","REGULER","BB","U35.7.20260815.6","10648057","18,000"
"194849","AFGAN IBNU AZAIDAN","REGULER","BB","U35.7.20260815.6","10717869","12,000"
"194849","AFGAN IBNU AZAIDAN","REGULER","BR","U35.7.20260815.6","10580791","7,500"
"194849","AFGAN IBNU AZAIDAN","KHUSUS","BB","U35.7.20260815.6","10543721","12,162"
"194849","AFGAN IBNU AZAIDAN","REGULER","BO","35.3.20260816.29","10632600","1,000"
"194849","AFGAN IBNU AZAIDAN","REGULER","BD","U35.10.20260816.17","10583766","95,000"
"194849","AFGAN IBNU AZAIDAN","REGULER","BI","U35.13.20260816.29","10643799","2,400"
"194849","AFGAN IBNU AZAIDAN","REGULER","BP","U35.13.20260816.29","10621509","9,600"
"194849","AFGAN IBNU AZAIDAN","REGULER","BI","U35.13.20260816.29","10594893","2,400"
"194849","AFGAN IBNU AZAIDAN","REGULER","BI","U35.13.20260816.29","10588139","2,400"
"194849","AFGAN IBNU AZAIDAN","REGULER","BI","U35.13.20260816.29","10594894","2,400"
"194849","AFGAN IBNU AZAIDAN","REGULER","BQ","U35.3.20260816.15","10176803","19,000"
"194849","AFGAN IBNU AZAIDAN","REGULER","BQ","U35.3.20260816.15","10636491","11,000"
"194849","AFGAN IBNU AZAIDAN","REGULER","BB","U35.3.20260816.15","10622189","20,000"
"194849","AFGAN IBNU AZAIDAN","REGULER","BC","U35.8.20260817.3","10681939","55,000"
"194849","AFGAN IBNU AZAIDAN","REGULER","BA","U35.8.20260817.5","10681507","0"
"194849","AFGAN IBNU AZAIDAN","KHUSUS","BA","U35.8.20260817.5","10681538","378,365"
"194849","AFGAN IBNU AZAIDAN","SPECIAL","BB","U35.8.20260817.5","10553214","100,000"
"194849","AFGAN IBNU AZAIDAN","SPECIAL","BD","U35.8.20260817.6","10564569","300,000"
"194849","AFGAN IBNU AZAIDAN","REGULER","BJ","35.78.20260818.1","10664236","4,000"
"194849","AFGAN IBNU AZAIDAN","REGULER","BM","35.78.20260818.10","10493989","2,000"
"194849","AFGAN IBNU AZAIDAN","REGULER","BK","35.78.20260818.13","10453977","0"
"194849","AFGAN IBNU AZAIDAN","REGULER","BK","35.78.20260818.20","10488658","14,400"
"194849","AFGAN IBNU AZAIDAN","BOOSTER AGT 2026 - ACCS","BK","35.78.20260818.20","10488658","25,000"
"194849","AFGAN IBNU AZAIDAN","REGULER","BK","35.78.20260818.23","10488658","14,400"
"194849","AFGAN IBNU AZAIDAN","BOOSTER AGT 2026 - ACCS","BK","35.78.20260818.23","10488658","25,000"
"194849","AFGAN IBNU AZAIDAN","REGULER","BM","35.78.20260818.25","10493989","2,000"
"194849","AFGAN IBNU AZAIDAN","REGULER","BN","35.78.20260818.30","10550648","3,000"
"194849","AFGAN IBNU AZAIDAN","REGULER","BN","35.78.20260818.38","10291595","2,000"
"194849","AFGAN IBNU AZAIDAN","REGULER","BM","35.78.20260818.46","10550870","6,000"
"194849","AFGAN IBNU AZAIDAN","REGULER","BO","35.78.20260818.49","10550340","0"
"194849","AFGAN IBNU AZAIDAN","REGULER","BK","35.78.20260818.50","10195949","1,200"
"194849","AFGAN IBNU AZAIDAN","REGULER","BN","35.78.20260818.55","10624764","2,000"
"194849","AFGAN IBNU AZAIDAN","REGULER","BM","35.78.20260818.67","10631819","2,000"
"194849","AFGAN IBNU AZAIDAN","REGULER","DB","35.78.20260818.7","10494518","10,500"
"194849","AFGAN IBNU AZAIDAN","SPECIAL","BN","35.78.20260818.9","10178463","16,000"
"194849","AFGAN IBNU AZAIDAN","REGULER","BO","35.78.20260820.47","10568757","9,000"
"194849","AFGAN IBNU AZAIDAN","BOOSTER AGT 2026 - ACCS","BO","35.78.20260820.47","10568757","30,000"
"194849","AFGAN IBNU AZAIDAN","REGULER","BM","35.78.20260820.48","10599300","3,000"
"194849","AFGAN IBNU AZAIDAN","REGULER","BI","35.13.20260821.8","","7,200"
"194849","AFGAN IBNU AZAIDAN","SPECIAL","BN","35.3.20260821.17","10513423","30,000"
"194849","AFGAN IBNU AZAIDAN","SPECIAL","BJ","35.4.20260821.20","10422545","6,000"
"194849","AFGAN IBNU AZAIDAN","SPECIAL","BJ","35.4.20260821.20","10422764","7,000"
"194849","AFGAN IBNU AZAIDAN","REGULER","BI","U35.13.20260821.1","","7,200"
"194849","AFGAN IBNU AZAIDAN","SPECIAL","BL","35.6.20260822.5","10694057","140,000"
"194849","AFGAN IBNU AZAIDAN","BOOSTER AGT 2026 - ACCS","BL","35.6.20260822.5","10694057","175,000"
"194849","AFGAN IBNU AZAIDAN","REGULER","BK","U35.7.20260822.18","10542760","2,400"
"194849","AFGAN IBNU AZAIDAN","REGULER","BK","U35.7.20260822.18","10542761","6,000"
"194849","AFGAN IBNU AZAIDAN","BOOSTER AGT 2026 - ACCS","BK","U35.7.20260822.18","10542760",""
"194849","AFGAN IBNU AZAIDAN","BOOSTER AGT 2026 - ACCS","BK","U35.7.20260822.18","10542761",""
"194849","AFGAN IBNU AZAIDAN","REGULER","BR","U35.10.20260823.15","10410993","22,500"
"194849","AFGAN IBNU AZAIDAN","REGULER","BB","U35.10.20260823.16","10583269","4,000"
"194849","AFGAN IBNU AZAIDAN","REGULER","BB","U35.7.20260823.2","10350225","10,000"
"194849","AFGAN IBNU AZAIDAN","SPECIAL","BF","U35.7.20260823.2","10708980","25,000"
"194849","AFGAN IBNU AZAIDAN","REGULER","BC","U35.8.20260823.16","10701084","25,000"
"194849","AFGAN IBNU AZAIDAN","REGULER","BD","U35.3.20260825.11","10108183","20,000"
"194849","AFGAN IBNU AZAIDAN","REGULER","BD","U35.3.20260825.11","10562482","9,000"
"194849","AFGAN IBNU AZAIDAN","REGULER","BM","U35.3.20260825.11","10420958","3,000"
"194849","AFGAN IBNU AZAIDAN","SPECIAL","BG","U35.10.20260827.3","10553210","80,000"
"194849","AFGAN IBNU AZAIDAN","REGULER","BB","U35.4.20260830.9","10551204","9,000"
"178197","RYAN YULIANTO","REGULER","BI","35.8.20260801.30","10376564","0"
"178197","RYAN YULIANTO","REGULER","BI","35.8.20260801.30","10376561","0"
"178197","RYAN YULIANTO","REGULER","BP","U35.4.20260801.2","10547859","22,800"
"178197","RYAN YULIANTO","REGULER","BQ","U35.4.20260801.2","10636495","25,000"
"178197","RYAN YULIANTO","REGULER","BF","U35.8.20260801.13","10536000","8,000"
"178197","RYAN YULIANTO","REGULER","BB","U35.8.20260801.13","10670941","9,000"
"178197","RYAN YULIANTO","REGULER","BI","U35.8.20260801.13","10594894","2,400"
"178197","RYAN YULIANTO","REGULER","BI","U35.8.20260801.13","10594893","2,400"
"178197","RYAN YULIANTO","REGULER","BD","U35.8.20260801.13","10578756","8,000"
"178197","RYAN YULIANTO","REGULER","BM","U35.8.20260801.13","10627016","6,000"
"178197","RYAN YULIANTO","REGULER","BI","U35.8.20260801.13","10588136","2,400"
"178197","RYAN YULIANTO","REGULER","BL","U35.8.20260801.13","10680481","5,000"
"178197","RYAN YULIANTO","REGULER","BM","35.10.20260802.47","10582557","2,000"
"178197","RYAN YULIANTO","SPECIAL","BJ","35.4.20260802.39","","2,000"
"178197","RYAN YULIANTO","REGULER","BL","35.10.20260805.15","10624941","7,000"
"178197","RYAN YULIANTO","REGULER","BK","35.10.20260805.15","10458872","4,800"
"178197","RYAN YULIANTO","BOOSTER AGT 2026 - ACCS","BL","35.10.20260805.15","10624941","25,000"
"178197","RYAN YULIANTO","REGULER","BO","35.4.20260807.14","10644521","9,000"
"178197","RYAN YULIANTO","REGULER","BL","35.4.20260807.14","10706237","1,000"
"178197","RYAN YULIANTO","REGULER","BF","35.4.20260807.14","10640937","2,000"
"178197","RYAN YULIANTO","BOOSTER AGT 2026 - ACCS","BO","35.4.20260807.14","10644521","30,000"
"178197","RYAN YULIANTO","REGULER","BD","U35.4.20260807.10","10616596","35,000"
"178197","RYAN YULIANTO","REGULER","BL","35.10.20260809.12","10496339","3,000"
"178197","RYAN YULIANTO","REGULER","BM","35.6.20260809.24","10021017","3,000"
"178197","RYAN YULIANTO","REGULER","BM","35.6.20260809.46","10423377","1,000"
"178197","RYAN YULIANTO","SPECIAL","BN","35.6.20260809.46","10259789","5,000"
"178197","RYAN YULIANTO","REGULER","BR","35.13.20260810.17","10575065","12,000"
"178197","RYAN YULIANTO","REGULER","BD","U35.7.20260810.8","10708330","30,000"
"178197","RYAN YULIANTO","REGULER","BD","U35.7.20260810.8","10696150","30,000"
"178197","RYAN YULIANTO","REGULER","BL","U35.6.20260811.5","10532045","40,000"
"178197","RYAN YULIANTO","REGULER","BB","U35.6.20260811.5","10684784","170,000"
"178197","RYAN YULIANTO","REGULER","BD","U35.6.20260811.5","10562481","18,000"
"178197","RYAN YULIANTO","REGULER","BL","U35.6.20260811.5","10071316","25,000"
"178197","RYAN YULIANTO","REGULER","BR","U35.6.20260811.5","10111814","45,000"
"178197","RYAN YULIANTO","REGULER","BC","U35.6.20260811.5","10684470","110,000"
"178197","RYAN YULIANTO","REGULER","BE","U35.6.20260811.5","10628508","210,000"
"178197","RYAN YULIANTO","BOOSTER AGT 2026 - ACCS","BL","U35.6.20260811.5","10071316",""
"178197","RYAN YULIANTO","BOOSTER AGT 2026 - ACCS","BL","U35.6.20260811.5","10532045",""
"178197","RYAN YULIANTO","REGULER","BL","35.6.20260812.5","10657012","3,000"
"178197","RYAN YULIANTO","BOOSTER AGT 2026 - ACCS","DB","U35.10.20260814.1","10547547","210,000"
"178197","RYAN YULIANTO","REGULER","BB","U35.13.20260817.15","10656093","13,000"
"178197","RYAN YULIANTO","SPECIAL","BB","U35.10.20260819.7","10466981","30,000"
"178197","RYAN YULIANTO","REGULER","BB","U35.7.20260819.3","10717870","12,000"
"178197","RYAN YULIANTO","KHUSUS","BA","U35.6.20260820.1","10486390","141,226"
"178197","RYAN YULIANTO","REGULER","BA","U35.6.20260820.5","10511955","0"
"178197","RYAN YULIANTO","KHUSUS","BA","U35.6.20260820.5","10682735","145,495"
"178197","RYAN YULIANTO","KHUSUS","BA","U35.6.20260820.5","10682742","145,495"
"178197","RYAN YULIANTO","REGULER","BM","35.10.20260822.14","10550871","3,000"
"178197","RYAN YULIANTO","REGULER","BK","35.10.20260822.19","10547588","2,400"
"178197","RYAN YULIANTO","BOOSTER AGT 2026 - ACCS","BM","35.10.20260822.19","10242351",""
"178197","RYAN YULIANTO","BOOSTER AGT 2026 - ACCS","BM","35.10.20260822.19","10555768",""
"178197","RYAN YULIANTO","BOOSTER AGT 2026 - ACCS","BM","35.10.20260822.19","10697010",""
"178197","RYAN YULIANTO","SPECIAL","BJ","35.13.20260822.10","10615289","4,000"
"178197","RYAN YULIANTO","REGULER","BK","35.10.20260823.38","10698139","16,800"
"178197","RYAN YULIANTO","REGULER","BK","35.10.20260823.38","10212767","7,200"
"178197","RYAN YULIANTO","BOOSTER AGT 2026 - ACCS","BK","35.10.20260823.38","10212767",""
"178197","RYAN YULIANTO","BOOSTER AGT 2026 - ACCS","BK","35.10.20260823.38","10698139",""
"178197","RYAN YULIANTO","REGULER","BJ","35.13.20260823.8","10603626","7,000"
"178197","RYAN YULIANTO","REGULER","BJ","35.13.20260823.8","10603622","7,000"
"178197","RYAN YULIANTO","REGULER","BN","35.3.20260823.27","","4,000"
"178197","RYAN YULIANTO","REGULER","BN","35.3.20260823.27","10520750","12,000"
"178197","RYAN YULIANTO","REGULER","BN","35.3.20260824.17","10686584","3,000"
"178197","RYAN YULIANTO","SPECIAL","BN","35.3.20260824.17","10361595","5,000"
"178197","RYAN YULIANTO","SPECIAL","BJ","35.4.20260826.11","10610075","9,000"
"178197","RYAN YULIANTO","SPECIAL","BJ","35.4.20260826.11","10610083","9,000"
"178197","RYAN YULIANTO","REGULER","BB","U35.13.20260826.1","10680206","18,000"
"178197","RYAN YULIANTO","REGULER","BI","U35.13.20260826.1","10643798","0"
"178197","RYAN YULIANTO","SPECIAL","BG","U35.13.20260826.1","10607765","10,000"
"178197","RYAN YULIANTO","BOOSTER AGT 2026 - FURNI","BI","U35.13.20260826.1","10523536","30,000"
"178197","RYAN YULIANTO","BOOSTER AGT 2026 - FURNI","BI","U35.13.20260826.1","10523537","25,000"
"178197","RYAN YULIANTO","BOOSTER AGT 2026 - FURNI","BI","U35.13.20260826.1","10523538","10,000"
"178197","RYAN YULIANTO","REGULER","BN","35.7.20260828.6","10707524","10,000"
"178197","RYAN YULIANTO","REGULER","BD","U35.7.20260828.1","10587669","12,000"
"178197","RYAN YULIANTO","REGULER","BG","U35.7.20260828.1","10469825","14,000"
"185551","DICKY SETIAWAN","REGULER","BN","35.7.20260801.15","10627019","4,000"
"185551","DICKY SETIAWAN","KHUSUS","BA","U35.6.20260801.4","10691371","45,036"
"185551","DICKY SETIAWAN","REGULER","BJ","35.4.20260802.10","10664236","4,000"
"185551","DICKY SETIAWAN","REGULER","BO","35.4.20260802.31","10599269","1,000"
"185551","DICKY SETIAWAN","SPECIAL","BJ","35.4.20260802.31","10610087","3,000"
"185551","DICKY SETIAWAN","SPECIAL","BJ","35.4.20260802.31","10610051","8,000"
"185551","DICKY SETIAWAN","SPECIAL","BJ","35.4.20260802.31","10464457","13,000"
"185551","DICKY SETIAWAN","SPECIAL","BJ","35.4.20260802.31","10610079","3,000"
"185551","DICKY SETIAWAN","REGULER","BN","35.6.20260802.11","10494395","1,000"
"185551","DICKY SETIAWAN","REGULER","BN","35.6.20260802.6","10547542","1,000"
"185551","DICKY SETIAWAN","REGULER","BN","35.7.20260802.5","10470079","4,000"
"185551","DICKY SETIAWAN","REGULER","BL","35.7.20260802.5","10676247","8,000"
"185551","DICKY SETIAWAN","REGULER","BN","35.7.20260802.5","10551823","7,000"
"185551","DICKY SETIAWAN","REGULER","BN","35.7.20260802.5","10515626","2,000"
"185551","DICKY SETIAWAN","BOOSTER AGT 2026 - ACCS","BL","35.7.20260802.5","10676247",""
"185551","DICKY SETIAWAN","BOOSTER AGT 2026 - ACCS","BL","35.7.20260802.5","10684230",""
"185551","DICKY SETIAWAN","BOOSTER AGT 2026 - ACCS","BL","35.7.20260802.5","10707989",""
"185551","DICKY SETIAWAN","BOOSTER AGT 2026 - ACCS","BL","35.7.20260802.5","70111783",""
"185551","DICKY SETIAWAN","REGULER","BF","U35.0.20260802.1","10689227","-25,000"
"185551","DICKY SETIAWAN","SPECIAL","BF","U35.0.20260802.1","10630376","-30,000"
"185551","DICKY SETIAWAN","SPECIAL","BG","U35.0.20260802.1","10566546","-80,000"
"185551","DICKY SETIAWAN","SPECIAL","BF","U35.4.20260802.13","10630376","30,000"
"185551","DICKY SETIAWAN","SPECIAL","BG","U35.4.20260802.13","10566546","80,000"
"185551","DICKY SETIAWAN","REGULER","BF","U35.4.20260802.9","10689227","25,000"
"185551","DICKY SETIAWAN","SPECIAL","BF","U35.4.20260802.9","10630376","30,000"
"185551","DICKY SETIAWAN","SPECIAL","BG","U35.4.20260802.9","10566546","80,000"
"185551","DICKY SETIAWAN","REGULER","BP","U35.10.20260803.7","10671362","54,000"
"185551","DICKY SETIAWAN","REGULER","BP","U35.10.20260803.7","10581760","48,000"
"185551","DICKY SETIAWAN","BOOSTER AGT 2026 - FURNI","BP","U35.10.20260803.7","10671362","60,000"
"185551","DICKY SETIAWAN","REGULER","BQ","U35.10.20260803.8","10499724","19,000"
"185551","DICKY SETIAWAN","REGULER","BQ","U35.10.20260803.8","10499727","100,000"
"185551","DICKY SETIAWAN","REGULER","BN","35.3.20260805.4","10479467","2,000"
"185551","DICKY SETIAWAN","REGULER","BN","35.3.20260805.4","10529080","3,000"
"185551","DICKY SETIAWAN","SPECIAL","BN","35.3.20260805.4","10451029","20,000"
"185551","DICKY SETIAWAN","SPECIAL","BJ","35.4.20260806.1","","3,000"
"185551","DICKY SETIAWAN","SPECIAL","BJ","35.4.20260806.1","","3,000"
"185551","DICKY SETIAWAN","REGULER","BM","35.4.20260806.12","10582557","2,000"
"185551","DICKY SETIAWAN","REGULER","BJ","35.4.20260806.12","10664236","4,000"
"185551","DICKY SETIAWAN","REGULER","BN","35.4.20260806.12","10170594","1,000"
"185551","DICKY SETIAWAN","REGULER","BN","35.4.20260806.12","10547542","1,000"
"185551","DICKY SETIAWAN","REGULER","BL","35.8.20260806.9","10624945","7,000"
"185551","DICKY SETIAWAN","BOOSTER AGT 2026 - ACCS","BL","35.8.20260806.9","10624945","25,000"
"185551","DICKY SETIAWAN","REGULER","DB","35.0.20260808.2","10668796","-10,500"
"185551","DICKY SETIAWAN","SPECIAL","BF","U35.3.20260808.5","10605625","150,000"
"185551","DICKY SETIAWAN","SPECIAL","BF","U35.3.20260808.5","10667777","150,000"
"185551","DICKY SETIAWAN","REGULER","BD","U35.3.20260808.6","10595468","5,000"
"185551","DICKY SETIAWAN","SPECIAL","BJ","35.13.20260809.10","10572382","4,000"
"185551","DICKY SETIAWAN","SPECIAL","BJ","35.13.20260809.10","10572389","4,000"
"185551","DICKY SETIAWAN","SPECIAL","BJ","35.13.20260809.10","10572380","4,000"
"185551","DICKY SETIAWAN","SPECIAL","BJ","35.13.20260809.10","10572387","4,000"
"185551","DICKY SETIAWAN","SPECIAL","BJ","35.13.20260809.10","","3,000"
"185551","DICKY SETIAWAN","SPECIAL","BJ","35.13.20260809.10","10215871","12,000"
"185551","DICKY SETIAWAN","REGULER","BN","35.3.20260809.3","10663037","3,000"
"185551","DICKY SETIAWAN","REGULER","BN","35.4.20260809.13","10187945","2,000"
"185551","DICKY SETIAWAN","BOOSTER AGT 2026 - ACCS","BL","35.4.20260809.13","10192501","25,000"
"185551","DICKY SETIAWAN","REGULER","BN","35.7.20260809.16","10663850","2,000"
"185551","DICKY SETIAWAN","REGULER","BD","35.7.20260809.26","10587666","1,000"
"185551","DICKY SETIAWAN","REGULER","BD","35.7.20260809.26","10587669","6,000"
"185551","DICKY SETIAWAN","REGULER","BD","U35.7.20260809.2","10580403","25,000"
"185551","DICKY SETIAWAN","REGULER","BL","35.10.20260812.4","10556058","2,000"
"185551","DICKY SETIAWAN","REGULER","BM","35.7.20260812.18","10056454","1,000"
"185551","DICKY SETIAWAN","REGULER","BA","U35.3.20260812.5","10608612","85,000"
"185551","DICKY SETIAWAN","KHUSUS","BA","U35.3.20260812.5","10646403","91,878"
"185551","DICKY SETIAWAN","SPECIAL","BB","U35.3.20260812.5","10713462","50,000"
"185551","DICKY SETIAWAN","BOOSTER AGT 2026 - ACCS","DA","U35.3.20260812.5","10602709","60,000"
"185551","DICKY SETIAWAN","REGULER","BP","U35.4.20260815.17","10581762","42,000"
"185551","DICKY SETIAWAN","REGULER","BD","U35.7.20260815.4","10633167","50,000"
"185551","DICKY SETIAWAN","REGULER","BN","35.3.20260817.58","10449762","3,000"
"185551","DICKY SETIAWAN","REGULER","BN","35.3.20260817.58","10515626","1,000"
"185551","DICKY SETIAWAN","SPECIAL","BJ","35.4.20260817.23","10610081","4,000"
"185551","DICKY SETIAWAN","SPECIAL","BJ","35.4.20260817.23","10610089","4,000"
"185551","DICKY SETIAWAN","REGULER","BM","35.7.20260817.18","10610218","3,000"
"185551","DICKY SETIAWAN","REGULER","BM","35.7.20260817.18","10209631","2,000"
"185551","DICKY SETIAWAN","BOOSTER AGT 2026 - ACCS","BM","35.7.20260817.18","10209631",""
"185551","DICKY SETIAWAN","BOOSTER AGT 2026 - ACCS","BM","35.7.20260817.18","10571952",""
"185551","DICKY SETIAWAN","BOOSTER AGT 2026 - ACCS","BM","35.7.20260817.18","10610218",""
"185551","DICKY SETIAWAN","REGULER","BD","35.7.20260817.23","10562481","12,000"
"185551","DICKY SETIAWAN","SPECIAL","BN","35.7.20260817.3","10667684","5,000"
"185551","DICKY SETIAWAN","BOOSTER AGT 2026 - ACCS","BK","35.8.20260817.20","10568696",""
"185551","DICKY SETIAWAN","BOOSTER AGT 2026 - ACCS","BK","35.8.20260817.20","10646335",""
"185551","DICKY SETIAWAN","BOOSTER AGT 2026 - ACCS","BK","35.8.20260817.20","10646336",""
"185551","DICKY SETIAWAN","BOOSTER AGT 2026 - ACCS","BK","35.8.20260817.20","10646338",""
"185551","DICKY SETIAWAN","BOOSTER AGT 2026 - ACCS","BK","35.8.20260817.20","10670796",""
"185551","DICKY SETIAWAN","REGULER","BD","U35.3.20260817.25","10183339","17,000"
"185551","DICKY SETIAWAN","REGULER","BD","U35.8.20260817.9","10580403","25,000"
"185551","DICKY SETIAWAN","REGULER","BK","35.10.20260820.11","10697866","3,600"
"185551","DICKY SETIAWAN","REGULER","BQ","U35.10.20260820.1","10642396","9,000"
"185551","DICKY SETIAWAN","REGULER","BP","U35.10.20260820.1","10532346","54,000"
"185551","DICKY SETIAWAN","BOOSTER AGT 2026 - FURNI","BP","U35.10.20260820.1","10532346","70,000"
"185551","DICKY SETIAWAN","REGULER","BN","35.3.20260822.39","10513430","4,000"
"185551","DICKY SETIAWAN","REGULER","BD","U35.3.20260822.13","10580042","7,000"
"185551","DICKY SETIAWAN","SPECIAL","BJ","35.4.20260823.13","10603211","75,000"
"185551","DICKY SETIAWAN","SPECIAL","BN","35.6.20260823.52","10259789","5,000"
"185551","DICKY SETIAWAN","REGULER","BC","U35.10.20260823.9","10701084","25,000"
"185551","DICKY SETIAWAN","REGULER","BE","U35.10.20260823.9","10603369","16,000"
"185551","DICKY SETIAWAN","REGULER","BB","U35.4.20260823.9","10604362","5,000"
"185551","DICKY SETIAWAN","SPECIAL","BB","U35.4.20260823.9","10700152","30,000"
"185551","DICKY SETIAWAN","REGULER","BB","U35.8.20260823.15","10443579","13,000"
"185551","DICKY SETIAWAN","REGULER","BB","U35.8.20260823.15","10568824","25,000"
"185551","DICKY SETIAWAN","REGULER","BL","35.13.20260824.4","10555949","2,000"
"185551","DICKY SETIAWAN","REGULER","BL","35.13.20260824.4","10556151","2,000"
"185551","DICKY SETIAWAN","BOOSTER AGT 2026 - ACCS","BL","35.13.20260824.4","10520506",""
"185551","DICKY SETIAWAN","BOOSTER AGT 2026 - ACCS","BL","35.13.20260824.4","10555949",""
"185551","DICKY SETIAWAN","BOOSTER AGT 2026 - ACCS","BL","35.13.20260824.4","10556151",""
"185551","DICKY SETIAWAN","REGULER","BM","35.3.20260824.28","10593569","2,000"
"185551","DICKY SETIAWAN","SPECIAL","BL","U35.3.20260824.7","10571377","70,000"
"185551","DICKY SETIAWAN","BOOSTER AGT 2026 - ACCS","BL","U35.3.20260824.7","10571377","100,000"
"185551","DICKY SETIAWAN","REGULER","BB","U35.3.20260826.2","10717870","70,000"
"185551","DICKY SETIAWAN","REGULER","BN","35.7.20260828.19","10446339","4,000"
"185551","DICKY SETIAWAN","REGULER","BE","U35.8.20260831.8","10424962","15,000"
"194976","SYAMSUL HIBATULLAH","KHUSUS - JULI 2026","BA","U35.3.20260701.1","10582002","386,604"
"194976","SYAMSUL HIBATULLAH","SPECIAL","BL","35.10.20260801.47","10501648","20,000"
"194976","SYAMSUL HIBATULLAH","BOOSTER AGT 2026 - ACCS","BL","35.10.20260801.47","10501648","25,000"
"194976","SYAMSUL HIBATULLAH","REGULER","BN","35.3.20260801.31","10672911","1,000"
"194976","SYAMSUL HIBATULLAH","REGULER","BC","U35.4.20260801.10","10686195","40,000"
"194976","SYAMSUL HIBATULLAH","REGULER","BB","35.3.20260802.46","10573844","7,000"
"194976","SYAMSUL HIBATULLAH","REGULER","DB","35.7.20260802.14","10649858","9,000"
"194976","SYAMSUL HIBATULLAH","BOOSTER AGT 2026 - ACCS","DB","35.7.20260802.14","10538944",""
"194976","SYAMSUL HIBATULLAH","BOOSTER AGT 2026 - ACCS","DB","35.7.20260802.14","10649858",""
"194976","SYAMSUL HIBATULLAH","REGULER","BN","35.7.20260802.52","10554023","2,000"
"194976","SYAMSUL HIBATULLAH","REGULER","BK","35.8.20260802.37","10547588","2,400"
"194976","SYAMSUL HIBATULLAH","REGULER","BK","35.8.20260802.43","10472319","3,600"
"194976","SYAMSUL HIBATULLAH","REGULER","BD","35.3.20260803.5","","8,000"
"194976","SYAMSUL HIBATULLAH","REGULER","BK","35.7.20260803.15","10212798","2,400"
"194976","SYAMSUL HIBATULLAH","REGULER","BO","35.7.20260803.15","10569256","1,000"
"194976","SYAMSUL HIBATULLAH","REGULER","BO","35.7.20260803.15","10523704","0"
"194976","SYAMSUL HIBATULLAH","REGULER","BM","35.7.20260803.25","10604373","7,000"
"194976","SYAMSUL HIBATULLAH","REGULER","BM","35.7.20260803.25","10209631","2,000"
"194976","SYAMSUL HIBATULLAH","SPECIAL","BJ","35.7.20260803.25","10559839","10,000"
"194976","SYAMSUL HIBATULLAH","BOOSTER AGT 2026 - ACCS","BM","35.7.20260803.25","10209631",""
"194976","SYAMSUL HIBATULLAH","BOOSTER AGT 2026 - ACCS","BM","35.7.20260803.25","10555902",""
"194976","SYAMSUL HIBATULLAH","BOOSTER AGT 2026 - ACCS","BM","35.7.20260803.25","10604373",""
"194976","SYAMSUL HIBATULLAH","REGULER","BK","35.4.20260805.7","10616481","4,800"
"194976","SYAMSUL HIBATULLAH","BOOSTER AGT 2026 - ACCS","BK","35.4.20260805.7","10616481",""
"194976","SYAMSUL HIBATULLAH","BOOSTER AGT 2026 - ACCS","BK","35.4.20260805.7","10644754",""
"194976","SYAMSUL HIBATULLAH","REGULER","BN","35.7.20260805.5","10522763","1,000"
"194976","SYAMSUL HIBATULLAH","REGULER","BM","35.78.20260805.46","10663912","2,000"
"194976","SYAMSUL HIBATULLAH","REGULER","BN","35.7.20260807.11","10547508","7,000"
"194976","SYAMSUL HIBATULLAH","REGULER","BN","35.7.20260807.11","10452140","2,000"
"194976","SYAMSUL HIBATULLAH","REGULER","BN","35.7.20260807.11","10537802","1,000"
"194976","SYAMSUL HIBATULLAH","REGULER","BN","35.7.20260807.11","10522429","2,000"
"194976","SYAMSUL HIBATULLAH","REGULER","BN","35.7.20260807.11","10537800","1,000"
"194976","SYAMSUL HIBATULLAH","SPECIAL","BJ","35.7.20260807.11","10602644","10,000"
"194976","SYAMSUL HIBATULLAH","SPECIAL","BJ","35.7.20260807.11","10666985","20,000"
"194976","SYAMSUL HIBATULLAH","SPECIAL","BJ","35.7.20260807.11","10609641","8,000"
"194976","SYAMSUL HIBATULLAH","SPECIAL","BJ","35.7.20260807.11","10610076","6,000"
"194976","SYAMSUL HIBATULLAH","SPECIAL","BJ","35.7.20260807.11","10572381","4,000"
"194976","SYAMSUL HIBATULLAH","SPECIAL","BJ","35.7.20260807.11","10572029","10,000"
"194976","SYAMSUL HIBATULLAH","SPECIAL","BJ","35.7.20260807.11","10610089","3,000"
"194976","SYAMSUL HIBATULLAH","SPECIAL","BJ","35.7.20260807.11","10610085","3,000"
"194976","SYAMSUL HIBATULLAH","SPECIAL","BJ","35.7.20260807.11","10572378","4,000"
"194976","SYAMSUL HIBATULLAH","SPECIAL","BJ","35.7.20260807.11","10602645","10,000"
"194976","SYAMSUL HIBATULLAH","SPECIAL","BJ","35.7.20260807.11","10572388","4,000"
"194976","SYAMSUL HIBATULLAH","SPECIAL","BJ","35.7.20260807.11","10610084","6,000"
"194976","SYAMSUL HIBATULLAH","SPECIAL","BJ","35.7.20260807.11","10610081","3,000"
"194976","SYAMSUL HIBATULLAH","SPECIAL","BJ","35.7.20260807.11","10609636","8,000"
"194976","SYAMSUL HIBATULLAH","SPECIAL","BJ","35.7.20260807.11","10610077","3,000"
"194976","SYAMSUL HIBATULLAH","SPECIAL","BJ","35.7.20260807.11","10609637","7,000"
"194976","SYAMSUL HIBATULLAH","SPECIAL","BJ","35.7.20260807.11","10572020","10,000"
"194976","SYAMSUL HIBATULLAH","SPECIAL","BJ","35.7.20260807.11","10610062","7,000"
"194976","SYAMSUL HIBATULLAH","SPECIAL","BJ","35.7.20260807.11","10666982","2,000"
"194976","SYAMSUL HIBATULLAH","SPECIAL","BJ","35.7.20260807.11","10666983","2,000"
"194976","SYAMSUL HIBATULLAH","SPECIAL","BN","35.7.20260807.11","10631399","5,000"
"194976","SYAMSUL HIBATULLAH","SPECIAL","BJ","35.7.20260807.11","10572385","4,000"
"194976","SYAMSUL HIBATULLAH","REGULER","BB","U35.7.20260807.4","10577830","19,000"
"194976","SYAMSUL HIBATULLAH","REGULER","BK","35.10.20260809.10","10212797","2,400"
"194976","SYAMSUL HIBATULLAH","SPECIAL","BN","35.3.20260809.6","10550336","10,000"
"194976","SYAMSUL HIBATULLAH","REGULER","BO","35.3.20260810.12","10682385","0"
"194976","SYAMSUL HIBATULLAH","REGULER","BM","35.3.20260810.9","10659342","2,000"
"194976","SYAMSUL HIBATULLAH","REGULER","BC","U35.0.20260810.2","10663089","-50,000"
"194976","SYAMSUL HIBATULLAH","REGULER","BM","35.3.20260814.12","10594888","3,000"
"194976","SYAMSUL HIBATULLAH","REGULER","BM","35.3.20260814.12","10550871","3,000"
"194976","SYAMSUL HIBATULLAH","BOOSTER AGT 2026 - ACCS","BM","35.3.20260814.12","10550871",""
"194976","SYAMSUL HIBATULLAH","BOOSTER AGT 2026 - ACCS","BM","35.3.20260814.12","10594888",""
"194976","SYAMSUL HIBATULLAH","BOOSTER AGT 2026 - ACCS","BM","35.3.20260814.12","10663446",""
"194976","SYAMSUL HIBATULLAH","REGULER","BR","U35.3.20260814.5","10174300","18,000"
"194976","SYAMSUL HIBATULLAH","REGULER","BQ","U35.3.20260814.5","10176805","45,000"
"194976","SYAMSUL HIBATULLAH","REGULER","BM","35.6.20260815.10","10493989","2,000"
"194976","SYAMSUL HIBATULLAH","REGULER","BM","35.6.20260815.10","10493991","2,000"
"194976","SYAMSUL HIBATULLAH","REGULER","BM","35.6.20260815.10","10593569","2,000"
"194976","SYAMSUL HIBATULLAH","REGULER","BM","35.6.20260815.10","10566535","4,000"
"194976","SYAMSUL HIBATULLAH","BOOSTER AGT 2026 - ACCS","BM","35.6.20260815.10","10493989",""
"194976","SYAMSUL HIBATULLAH","BOOSTER AGT 2026 - ACCS","BM","35.6.20260815.10","10493991",""
"194976","SYAMSUL HIBATULLAH","BOOSTER AGT 2026 - ACCS","BM","35.6.20260815.10","10553174",""
"194976","SYAMSUL HIBATULLAH","BOOSTER AGT 2026 - ACCS","BM","35.6.20260815.10","10555901",""
"194976","SYAMSUL HIBATULLAH","BOOSTER AGT 2026 - ACCS","BM","35.6.20260815.10","10566535",""
"194976","SYAMSUL HIBATULLAH","BOOSTER AGT 2026 - ACCS","BM","35.6.20260815.10","10593569",""
"194976","SYAMSUL HIBATULLAH","REGULER","BN","35.10.20260816.1","10491418","1,000"
"194976","SYAMSUL HIBATULLAH","REGULER","BK","35.6.20260816.5","10547588","2,400"
"194976","SYAMSUL HIBATULLAH","REGULER","BN","35.7.20260816.13","10437852","1,000"
"194976","SYAMSUL HIBATULLAH","REGULER","BN","35.7.20260816.13","10547542","1,000"
"194976","SYAMSUL HIBATULLAH","REGULER","BO","35.7.20260816.22","10666065","1,000"
"194976","SYAMSUL HIBATULLAH","SPECIAL","BN","35.7.20260816.24","10657065","3,000"
"194976","SYAMSUL HIBATULLAH","REGULER","BB","U35.10.20260816.10","10442074","13,000"
"194976","SYAMSUL HIBATULLAH","REGULER","BB","U35.3.20260816.8","10622143","35,000"
"194976","SYAMSUL HIBATULLAH","REGULER","BM","U35.7.20260816.7","10420957","2,000"
"194976","SYAMSUL HIBATULLAH","SPECIAL","BJ","35.6.20260819.15","10597131","4,000"
"194976","SYAMSUL HIBATULLAH","REGULER","BB","U35.10.20260819.1","10593093","25,000"
"194976","SYAMSUL HIBATULLAH","BOOSTER AGT 2026 - ACCS","BM","U35.10.20260819.1","10657105","25,000"
"194976","SYAMSUL HIBATULLAH","REGULER","BB","U35.3.20260819.5","10350222","9,000"
"194976","SYAMSUL HIBATULLAH","REGULER","BB","U35.7.20260819.1","10593094","25,000"
"194976","SYAMSUL HIBATULLAH","REGULER","BD","U35.10.20260821.7","10093443","0"
"194976","SYAMSUL HIBATULLAH","KHUSUS","BA","U35.10.20260821.7","10562030","0"
"194976","SYAMSUL HIBATULLAH","SPECIAL","BD","U35.10.20260821.7","10092144","0"
"194976","SYAMSUL HIBATULLAH","BOOSTER AGT 2026 - FURNI","BA","U35.10.20260821.7","10562030","400,000"
"194976","SYAMSUL HIBATULLAH","REGULER","BN","U35.3.20260821.1","10688657","3,000"
"194976","SYAMSUL HIBATULLAH","REGULER","BN","35.10.20260823.41","10437536","1,000"
"194976","SYAMSUL HIBATULLAH","REGULER","BK","35.6.20260823.19","10669974","4,800"
"194976","SYAMSUL HIBATULLAH","REGULER","BK","35.6.20260823.19","10322667","4,800"
"194976","SYAMSUL HIBATULLAH","BOOSTER AGT 2026 - ACCS","BK","35.6.20260823.19","10215427",""
"194976","SYAMSUL HIBATULLAH","BOOSTER AGT 2026 - ACCS","BK","35.6.20260823.19","10322667",""
"194976","SYAMSUL HIBATULLAH","BOOSTER AGT 2026 - ACCS","BK","35.6.20260823.19","10669974",""
"194976","SYAMSUL HIBATULLAH","REGULER","BD","35.3.20260825.26","10410168","5,000"
"194976","SYAMSUL HIBATULLAH","REGULER","DB","35.3.20260825.28","10152400","6,000"
"194976","SYAMSUL HIBATULLAH","SPECIAL","BJ","35.4.20260825.8","10643619","30,000"
"194976","SYAMSUL HIBATULLAH","SPECIAL","BJ","35.4.20260825.8","10643615","30,000"
"194976","SYAMSUL HIBATULLAH","SPECIAL","BJ","35.4.20260825.8","10209142","0"
"194976","SYAMSUL HIBATULLAH","SPECIAL","BL","35.6.20260825.34","10633455","20,000"
"194976","SYAMSUL HIBATULLAH","BOOSTER AGT 2026 - ACCS","BL","35.6.20260825.34","10633455","25,000"
"194976","SYAMSUL HIBATULLAH","REGULER","BM","35.6.20260825.9","10550870","5,000"
"194976","SYAMSUL HIBATULLAH","REGULER","BM","35.6.20260825.9","10595794","1,000"
"194976","SYAMSUL HIBATULLAH","BOOSTER AGT 2026 - ACCS","BM","35.6.20260825.9","10206812",""
"194976","SYAMSUL HIBATULLAH","BOOSTER AGT 2026 - ACCS","BM","35.6.20260825.9","10462458",""
"194976","SYAMSUL HIBATULLAH","BOOSTER AGT 2026 - ACCS","BM","35.6.20260825.9","10550870",""
"194976","SYAMSUL HIBATULLAH","BOOSTER AGT 2026 - ACCS","BM","35.6.20260825.9","10595794",""
"194976","SYAMSUL HIBATULLAH","BOOSTER AGT 2026 - ACCS","BM","35.6.20260825.9","10628707",""
"194976","SYAMSUL HIBATULLAH","REGULER","BL","35.8.20260825.11","10552212","5,000"
"194976","SYAMSUL HIBATULLAH","REGULER","BM","35.3.20260827.3","10631403","4,000"
"194976","SYAMSUL HIBATULLAH","REGULER","BM","35.3.20260827.3","10550871","3,000"
"194976","SYAMSUL HIBATULLAH","BOOSTER AGT 2026 - ACCS","BM","35.3.20260827.3","10020001",""
"194976","SYAMSUL HIBATULLAH","BOOSTER AGT 2026 - ACCS","BM","35.3.20260827.3","10550871",""
"194976","SYAMSUL HIBATULLAH","BOOSTER AGT 2026 - ACCS","BM","35.3.20260827.3","10628707",""
"194976","SYAMSUL HIBATULLAH","BOOSTER AGT 2026 - ACCS","BM","35.3.20260827.3","10631403",""
"194976","SYAMSUL HIBATULLAH","REGULER","DB","35.7.20260827.5","10152400","6,000"
"194976","SYAMSUL HIBATULLAH","BOOSTER AGT 2026 - ACCS","DB","35.7.20260827.5","10152400",""
"194976","SYAMSUL HIBATULLAH","BOOSTER AGT 2026 - ACCS","DB","35.7.20260827.5","10566311",""
"194976","SYAMSUL HIBATULLAH","REGULER","BN","35.8.20260827.6","10054316","0"
"194976","SYAMSUL HIBATULLAH","REGULER","BN","35.8.20260827.6","10054313","0"
"194976","SYAMSUL HIBATULLAH","REGULER","BN","35.8.20260827.6","10054314","1,000"
"194976","SYAMSUL HIBATULLAH","SPECIAL","BJ","35.13.20260828.12","10572384","4,000"
"194976","SYAMSUL HIBATULLAH","SPECIAL","BJ","35.13.20260828.12","10572380","4,000"
"194976","SYAMSUL HIBATULLAH","SPECIAL","BJ","35.13.20260828.12","10609631","10,000"
"194976","SYAMSUL HIBATULLAH","SPECIAL","BJ","35.13.20260828.12","10572387","4,000"
"194976","SYAMSUL HIBATULLAH","REGULER","BE","U35.4.20260828.7","10413103","30,000"
"194976","SYAMSUL HIBATULLAH","REGULER","BR","U35.4.20260828.8","10561988","4,500"
"194976","SYAMSUL HIBATULLAH","REGULER","BD","U35.3.20260829.12","10704749","19,000"
"194976","SYAMSUL HIBATULLAH","SPECIAL","BL","35.10.20260830.43","10571374","50,000"
"194976","SYAMSUL HIBATULLAH","BOOSTER AGT 2026 - ACCS","BL","35.10.20260830.43","10571374","75,000"
"194976","SYAMSUL HIBATULLAH","REGULER","DA","35.7.20260830.31","10643797","27,000"
"194976","SYAMSUL HIBATULLAH","BOOSTER AGT 2026 - ACCS","DA","35.7.20260830.31","10643797","30,000"
"194976","SYAMSUL HIBATULLAH","REGULER","BE","U35.3.20260830.8","10445017","16,000"
"194976","SYAMSUL HIBATULLAH","REGULER","BE","U35.7.20260830.14","10425369","25,000"
"194976","SYAMSUL HIBATULLAH","REGULER","BD","U35.7.20260830.2","10578760","25,000"
"194976","SYAMSUL HIBATULLAH","REGULER","BD","U35.7.20260830.2","10510603","20,000"
"180432","AGUSTIANSYAH","KHUSUS - JULI 2026","BA","U35.6.20260713.6","10691160","735,120"
"180432","AGUSTIANSYAH","SPECIAL","BJ","35.10.20260801.31","10602644","10,000"
"180432","AGUSTIANSYAH","SPECIAL","BJ","35.10.20260801.31","10470621","8,000"
"180432","AGUSTIANSYAH","SPECIAL","BJ","35.10.20260801.31","10249385","3,000"
"180432","AGUSTIANSYAH","SPECIAL","BJ","35.10.20260801.31","10654366","8,000"
"180432","AGUSTIANSYAH","SPECIAL","BJ","35.10.20260801.31","10560071","9,000"
"180432","AGUSTIANSYAH","REGULER","BN","35.7.20260801.10","10568432","2,000"
"180432","AGUSTIANSYAH","REGULER","BN","35.7.20260801.16","10636359","2,000"
"180432","AGUSTIANSYAH","SPECIAL","BF","U35.13.20260801.9","10449452","25,000"
"180432","AGUSTIANSYAH","REGULER","BB","U35.6.20260801.12","10571021","9,000"
"180432","AGUSTIANSYAH","REGULER","BL","35.4.20260803.9","10698324","9,000"
"180432","AGUSTIANSYAH","SPECIAL","BJ","35.4.20260803.9","10653942","8,000"
"180432","AGUSTIANSYAH","SPECIAL","BJ","35.4.20260803.9","10422763","9,000"
"180432","AGUSTIANSYAH","BOOSTER AGT 2026 - ACCS","BL","35.4.20260803.9","10698324","25,000"
"180432","AGUSTIANSYAH","REGULER","BK","35.8.20260804.13","10579133","2,400"
"180432","AGUSTIANSYAH","REGULER","BK","35.6.20260806.12","10426362","4,800"
"180432","AGUSTIANSYAH","REGULER","BM","U35.8.20260806.6","10550870","5,000"
"180432","AGUSTIANSYAH","REGULER","BO","35.10.20260808.24","10606860","12,000"
"180432","AGUSTIANSYAH","BOOSTER AGT 2026 - ACCS","BO","35.10.20260808.24","10606860","30,000"
"180432","AGUSTIANSYAH","REGULER","BI","U35.6.20260808.15","10500625","14,400"
"180432","AGUSTIANSYAH","REGULER","BB","35.6.20260809.11","10648060","3,000"
"180432","AGUSTIANSYAH","REGULER","DB","35.8.20260809.31","10152400","6,000"
"180432","AGUSTIANSYAH","BOOSTER AGT 2026 - ACCS","BM","35.8.20260811.4","10227187","25,000"
"180432","AGUSTIANSYAH","SPECIAL","BF","U35.4.20260811.4","10708980","25,000"
"180432","AGUSTIANSYAH","SPECIAL","BL","35.8.20260812.25","10477270","15,000"
"180432","AGUSTIANSYAH","SPECIAL","BN","35.3.20260814.4","10644553","4,000"
"180432","AGUSTIANSYAH","REGULER","BR","U35.13.20260814.10","10076811","0"
"180432","AGUSTIANSYAH","REGULER","BR","U35.13.20260814.11","10076811","0"
"180432","AGUSTIANSYAH","SPECIAL","BJ","35.3.20260815.26","10422765","3,000"
"180432","AGUSTIANSYAH","REGULER","BF","U35.3.20260815.8","10424773","40,000"
"180432","AGUSTIANSYAH","REGULER","BM","35.6.20260817.29","10657104","2,000"
"180432","AGUSTIANSYAH","REGULER","BM","35.6.20260817.29","10149476","2,000"
"180432","AGUSTIANSYAH","REGULER","BM","35.7.20260817.4","10545095","1,000"
"180432","AGUSTIANSYAH","SPECIAL","BN","35.7.20260817.5","10487385","5,000"
"180432","AGUSTIANSYAH","REGULER","BM","35.8.20260817.15","10229517","5,000"
"180432","AGUSTIANSYAH","BOOSTER AGT 2026 - ACCS","BM","35.8.20260817.15","10014625",""
"180432","AGUSTIANSYAH","BOOSTER AGT 2026 - ACCS","BM","35.8.20260817.15","10229517",""
"180432","AGUSTIANSYAH","BOOSTER AGT 2026 - ACCS","BM","35.8.20260817.15","10416038",""
"180432","AGUSTIANSYAH","SPECIAL","BN","35.8.20260817.44","10566454","20,000"
"180432","AGUSTIANSYAH","REGULER","DB","35.8.20260817.45","10152400","6,000"
"180432","AGUSTIANSYAH","SPECIAL","BB","U35.7.20260817.2","10700154","30,000"
"180432","AGUSTIANSYAH","REGULER","BD","U35.7.20260817.8","10435138","13,000"
"180432","AGUSTIANSYAH","BOOSTER AGT 2026 - FURNI","BF","U35.8.20260817.21","10451851","50,000"
"180432","AGUSTIANSYAH","REGULER","BB","35.8.20260819.3","10622186","18,000"
"180432","AGUSTIANSYAH","REGULER","BM","35.3.20260822.43","10566535","4,000"
"180432","AGUSTIANSYAH","REGULER","BK","35.10.20260823.30","10411585","8,400"
"180432","AGUSTIANSYAH","REGULER","BK","35.10.20260823.30","10095151","8,400"
"180432","AGUSTIANSYAH","REGULER","BK","35.10.20260823.30","10095153","6,000"
"180432","AGUSTIANSYAH","REGULER","BM","35.10.20260823.30","10172886","4,000"
"180432","AGUSTIANSYAH","SPECIAL","BJ","35.10.20260823.30","10666985","10,000"
"180432","AGUSTIANSYAH","SPECIAL","BJ","35.10.20260823.30","10602850","10,000"
"180432","AGUSTIANSYAH","BOOSTER AGT 2026 - ACCS","BK","35.10.20260823.30","10095151",""
"180432","AGUSTIANSYAH","BOOSTER AGT 2026 - ACCS","BK","35.10.20260823.30","10095153",""
"180432","AGUSTIANSYAH","BOOSTER AGT 2026 - ACCS","BK","35.10.20260823.30","10411585",""
"180432","AGUSTIANSYAH","BOOSTER AGT 2026 - ACCS","BK","35.10.20260823.30","10615867",""
"180432","AGUSTIANSYAH","REGULER","BM","35.6.20260823.16","10077743","1,000"
"180432","AGUSTIANSYAH","REGULER","BM","35.7.20260825.2","10599300","3,000"
"180432","AGUSTIANSYAH","REGULER","BB","35.7.20260825.2","10670941","9,000"
"180432","AGUSTIANSYAH","REGULER","BK","35.7.20260825.2","10616484","6,000"
"180432","AGUSTIANSYAH","BOOSTER AGT 2026 - ACCS","BK","35.7.20260825.2","10542768",""
"180432","AGUSTIANSYAH","BOOSTER AGT 2026 - ACCS","BK","35.7.20260825.2","10616484",""
"180432","AGUSTIANSYAH","BOOSTER AGT 2026 - ACCS","BK","35.7.20260825.2","10670589",""
"180432","AGUSTIANSYAH","REGULER","BN","35.7.20260825.32","10688657","3,000"
"180432","AGUSTIANSYAH","REGULER","BG","35.8.20260825.15","10469825","14,000"
"180432","AGUSTIANSYAH","REGULER","BB","U35.3.20260825.21","10350225","10,000"
"180432","AGUSTIANSYAH","REGULER","BB","U35.3.20260825.22","10687855","20,000"
"180432","AGUSTIANSYAH","REGULER","BE","U35.7.20260825.15","10425369","25,000"
"180432","AGUSTIANSYAH","REGULER","BB","U35.8.20260825.6","10670943","11,000"
"180432","AGUSTIANSYAH","REGULER","BB","U35.8.20260825.6","10593094","25,000"
"180432","AGUSTIANSYAH","REGULER","BK","35.3.20260826.9","10453979","0"
"180432","AGUSTIANSYAH","REGULER","BN","35.3.20260826.9","10048543","0"
"180432","AGUSTIANSYAH","REGULER","BK","35.3.20260826.9","10453977","0"
"180432","AGUSTIANSYAH","SPECIAL","BJ","35.3.20260826.9","10422543","10,000"
"180432","AGUSTIANSYAH","REGULER","BI","35.78.20260826.37","","2,400"
"180432","AGUSTIANSYAH","REGULER","BC","U35.8.20260826.8","10619246","25,000"
"180432","AGUSTIANSYAH","REGULER","BN","35.7.20260829.26","10635068","3,000"
"180432","AGUSTIANSYAH","REGULER","BF","U35.3.20260829.13","10604928","3,000"
"180432","AGUSTIANSYAH","REGULER","BF","U35.3.20260829.13","10613342","14,000"
"180432","AGUSTIANSYAH","REGULER","BB","U35.7.20260829.9","10683070","5,000"
"180432","AGUSTIANSYAH","REGULER","BM","35.10.20260830.2","10605637","3,000"
"180432","AGUSTIANSYAH","REGULER","BM","35.10.20260830.39","10161037","2,000"
"180432","AGUSTIANSYAH","SPECIAL","BJ","35.13.20260830.48","10572388","5,000"
"180432","AGUSTIANSYAH","SPECIAL","BJ","35.13.20260830.48","10215872","12,000"
"180432","AGUSTIANSYAH","REGULER","BM","35.3.20260830.12","10106681","1,000"
"180432","AGUSTIANSYAH","REGULER","BM","35.3.20260830.38","10523859","2,000"
"180432","AGUSTIANSYAH","REGULER","BO","35.4.20260830.51","10587366","0"
"180432","AGUSTIANSYAH","REGULER","BM","35.7.20260830.14","10102966","3,000"
"180432","AGUSTIANSYAH","REGULER","BO","35.7.20260830.42","10690775","1,000"
"180432","AGUSTIANSYAH","REGULER","BA","U35.10.20260830.8","10431068","70,000"
"180432","AGUSTIANSYAH","REGULER","BH","U35.6.20260830.21","10524200","30,000"
"180432","AGUSTIANSYAH","REGULER","BH","U35.6.20260830.21","10426856","30,000"
"180432","AGUSTIANSYAH","SPECIAL","BB","U35.6.20260830.21","10688002","200,000"
"180432","AGUSTIANSYAH","BOOSTER AGT 2026 - ACCS","BK","35.10.20260831.13","10491800",""
"180432","AGUSTIANSYAH","BOOSTER AGT 2026 - ACCS","BK","35.10.20260831.13","",""
"180432","AGUSTIANSYAH","BOOSTER AGT 2026 - ACCS","BK","35.10.20260831.13","",""
"180432","AGUSTIANSYAH","BOOSTER AGT 2026 - ACCS","BK","35.10.20260831.13","",""
"180432","AGUSTIANSYAH","BOOSTER AGT 2026 - ACCS","BK","35.10.20260831.13","",""
"180432","AGUSTIANSYAH","SPECIAL","BN","35.3.20260831.9","10666234","10,000"
"180432","AGUSTIANSYAH","REGULER","BN","35.6.20260831.3","10549047","2,000"
"180432","AGUSTIANSYAH","REGULER","BM","35.7.20260831.6","10599300","3,000"
"180432","AGUSTIANSYAH","REGULER","BL","35.8.20260831.25","10151605","2,000"
"180432","AGUSTIANSYAH","SPECIAL","BN","35.8.20260831.30","10608392","10,000"
"180432","AGUSTIANSYAH","REGULER","BB","U35.3.20260831.5","10583274","18,000"
"180432","AGUSTIANSYAH","KHUSUS - JULI 2026","BA","U35.6.20260713.6","10691160","735,120"
"180432","AGUSTIANSYAH","SPECIAL","BJ","35.10.20260801.31","10602644","10,000"
"180432","AGUSTIANSYAH","SPECIAL","BJ","35.10.20260801.31","10470621","8,000"
"180432","AGUSTIANSYAH","SPECIAL","BJ","35.10.20260801.31","10249385","3,000"
"180432","AGUSTIANSYAH","SPECIAL","BJ","35.10.20260801.31","10654366","8,000"
"180432","AGUSTIANSYAH","SPECIAL","BJ","35.10.20260801.31","10560071","9,000"
"180432","AGUSTIANSYAH","REGULER","BN","35.7.20260801.10","10568432","2,000"
"180432","AGUSTIANSYAH","REGULER","BN","35.7.20260801.16","10636359","2,000"
"180432","AGUSTIANSYAH","SPECIAL","BF","U35.13.20260801.9","10449452","25,000"
"180432","AGUSTIANSYAH","REGULER","BB","U35.6.20260801.12","10571021","9,000"
"180432","AGUSTIANSYAH","REGULER","BL","35.4.20260803.9","10698324","9,000"
"180432","AGUSTIANSYAH","SPECIAL","BJ","35.4.20260803.9","10653942","8,000"
"180432","AGUSTIANSYAH","SPECIAL","BJ","35.4.20260803.9","10422763","9,000"
"180432","AGUSTIANSYAH","BOOSTER AGT 2026 - ACCS","BL","35.4.20260803.9","10698324","25,000"
"180432","AGUSTIANSYAH","REGULER","BK","35.8.20260804.13","10579133","2,400"
"180432","AGUSTIANSYAH","REGULER","BK","35.6.20260806.12","10426362","4,800"
"180432","AGUSTIANSYAH","REGULER","BM","U35.8.20260806.6","10550870","5,000"
"180432","AGUSTIANSYAH","REGULER","BO","35.10.20260808.24","10606860","12,000"
"180432","AGUSTIANSYAH","BOOSTER AGT 2026 - ACCS","BO","35.10.20260808.24","10606860","30,000"
"180432","AGUSTIANSYAH","REGULER","BI","U35.6.20260808.15","10500625","14,400"
"180432","AGUSTIANSYAH","REGULER","BB","35.6.20260809.11","10648060","3,000"
"180432","AGUSTIANSYAH","REGULER","DB","35.8.20260809.31","10152400","6,000"
"180432","AGUSTIANSYAH","BOOSTER AGT 2026 - ACCS","BM","35.8.20260811.4","10227187","25,000"
"180432","AGUSTIANSYAH","SPECIAL","BF","U35.4.20260811.4","10708980","25,000"
"180432","AGUSTIANSYAH","SPECIAL","BL","35.8.20260812.25","10477270","15,000"
"180432","AGUSTIANSYAH","SPECIAL","BN","35.3.20260814.4","10644553","4,000"
"180432","AGUSTIANSYAH","REGULER","BR","U35.13.20260814.10","10076811","0"
"180432","AGUSTIANSYAH","REGULER","BR","U35.13.20260814.11","10076811","0"
"180432","AGUSTIANSYAH","SPECIAL","BJ","35.3.20260815.26","10422765","3,000"
"180432","AGUSTIANSYAH","REGULER","BF","U35.3.20260815.8","10424773","40,000"
"180432","AGUSTIANSYAH","REGULER","BM","35.6.20260817.29","10657104","2,000"
"180432","AGUSTIANSYAH","REGULER","BM","35.6.20260817.29","10149476","2,000"
"180432","AGUSTIANSYAH","REGULER","BM","35.7.20260817.4","10545095","1,000"
"180432","AGUSTIANSYAH","SPECIAL","BN","35.7.20260817.5","10487385","5,000"
"180432","AGUSTIANSYAH","REGULER","BM","35.8.20260817.15","10229517","5,000"
"180432","AGUSTIANSYAH","BOOSTER AGT 2026 - ACCS","BM","35.8.20260817.15","10014625",""
"180432","AGUSTIANSYAH","BOOSTER AGT 2026 - ACCS","BM","35.8.20260817.15","10229517",""
"180432","AGUSTIANSYAH","BOOSTER AGT 2026 - ACCS","BM","35.8.20260817.15","10416038",""
"180432","AGUSTIANSYAH","SPECIAL","BN","35.8.20260817.44","10566454","20,000"
"180432","AGUSTIANSYAH","REGULER","DB","35.8.20260817.45","10152400","6,000"
"180432","AGUSTIANSYAH","SPECIAL","BB","U35.7.20260817.2","10700154","30,000"
"180432","AGUSTIANSYAH","REGULER","BD","U35.7.20260817.8","10435138","13,000"
"180432","AGUSTIANSYAH","BOOSTER AGT 2026 - FURNI","BF","U35.8.20260817.21","10451851","50,000"
"180432","AGUSTIANSYAH","REGULER","BB","35.8.20260819.3","10622186","18,000"
"180432","AGUSTIANSYAH","REGULER","BM","35.3.20260822.43","10566535","4,000"
"180432","AGUSTIANSYAH","REGULER","BK","35.10.20260823.30","10411585","8,400"
"180432","AGUSTIANSYAH","REGULER","BK","35.10.20260823.30","10095151","8,400"
"180432","AGUSTIANSYAH","REGULER","BK","35.10.20260823.30","10095153","6,000"
"180432","AGUSTIANSYAH","REGULER","BM","35.10.20260823.30","10172886","4,000"
"180432","AGUSTIANSYAH","SPECIAL","BJ","35.10.20260823.30","10666985","10,000"
"180432","AGUSTIANSYAH","SPECIAL","BJ","35.10.20260823.30","10602850","10,000"
"180432","AGUSTIANSYAH","BOOSTER AGT 2026 - ACCS","BK","35.10.20260823.30","10095151",""
"180432","AGUSTIANSYAH","BOOSTER AGT 2026 - ACCS","BK","35.10.20260823.30","10095153",""
"180432","AGUSTIANSYAH","BOOSTER AGT 2026 - ACCS","BK","35.10.20260823.30","10411585",""
"180432","AGUSTIANSYAH","BOOSTER AGT 2026 - ACCS","BK","35.10.20260823.30","10615867",""
"180432","AGUSTIANSYAH","REGULER","BM","35.6.20260823.16","10077743","1,000"
"180432","AGUSTIANSYAH","REGULER","BM","35.7.20260825.2","10599300","3,000"
"180432","AGUSTIANSYAH","REGULER","BB","35.7.20260825.2","10670941","9,000"
"180432","AGUSTIANSYAH","REGULER","BK","35.7.20260825.2","10616484","6,000"
"180432","AGUSTIANSYAH","BOOSTER AGT 2026 - ACCS","BK","35.7.20260825.2","10542768",""
"180432","AGUSTIANSYAH","BOOSTER AGT 2026 - ACCS","BK","35.7.20260825.2","10616484",""
"180432","AGUSTIANSYAH","BOOSTER AGT 2026 - ACCS","BK","35.7.20260825.2","10670589",""
"180432","AGUSTIANSYAH","REGULER","BN","35.7.20260825.32","10688657","3,000"
"180432","AGUSTIANSYAH","REGULER","BG","35.8.20260825.15","10469825","14,000"
"180432","AGUSTIANSYAH","REGULER","BB","U35.3.20260825.21","10350225","10,000"
"180432","AGUSTIANSYAH","REGULER","BB","U35.3.20260825.22","10687855","20,000"
"180432","AGUSTIANSYAH","REGULER","BE","U35.7.20260825.15","10425369","25,000"
"180432","AGUSTIANSYAH","REGULER","BB","U35.8.20260825.6","10670943","11,000"
"180432","AGUSTIANSYAH","REGULER","BB","U35.8.20260825.6","10593094","25,000"
"180432","AGUSTIANSYAH","REGULER","BK","35.3.20260826.9","10453979","0"
"180432","AGUSTIANSYAH","REGULER","BN","35.3.20260826.9","10048543","0"
"180432","AGUSTIANSYAH","REGULER","BK","35.3.20260826.9","10453977","0"
"180432","AGUSTIANSYAH","SPECIAL","BJ","35.3.20260826.9","10422543","10,000"
"180432","AGUSTIANSYAH","REGULER","BI","35.78.20260826.37","","2,400"
"180432","AGUSTIANSYAH","REGULER","BC","U35.8.20260826.8","10619246","25,000"
"180432","AGUSTIANSYAH","REGULER","BN","35.7.20260829.26","10635068","3,000"
"180432","AGUSTIANSYAH","REGULER","BF","U35.3.20260829.13","10604928","3,000"
"180432","AGUSTIANSYAH","REGULER","BF","U35.3.20260829.13","10613342","14,000"
"180432","AGUSTIANSYAH","REGULER","BB","U35.7.20260829.9","10683070","5,000"
"180432","AGUSTIANSYAH","REGULER","BM","35.10.20260830.2","10605637","3,000"
"180432","AGUSTIANSYAH","REGULER","BM","35.10.20260830.39","10161037","2,000"
"180432","AGUSTIANSYAH","SPECIAL","BJ","35.13.20260830.48","10572388","5,000"
"180432","AGUSTIANSYAH","SPECIAL","BJ","35.13.20260830.48","10215872","12,000"
"180432","AGUSTIANSYAH","REGULER","BM","35.3.20260830.12","10106681","1,000"
"180432","AGUSTIANSYAH","REGULER","BM","35.3.20260830.38","10523859","2,000"
"180432","AGUSTIANSYAH","REGULER","BO","35.4.20260830.51","10587366","0"
"180432","AGUSTIANSYAH","REGULER","BM","35.7.20260830.14","10102966","3,000"
"180432","AGUSTIANSYAH","REGULER","BO","35.7.20260830.42","10690775","1,000"
"180432","AGUSTIANSYAH","REGULER","BA","U35.10.20260830.8","10431068","70,000"
"180432","AGUSTIANSYAH","REGULER","BH","U35.6.20260830.21","10524200","30,000"
"180432","AGUSTIANSYAH","REGULER","BH","U35.6.20260830.21","10426856","30,000"
"180432","AGUSTIANSYAH","SPECIAL","BB","U35.6.20260830.21","10688002","200,000"
"180432","AGUSTIANSYAH","BOOSTER AGT 2026 - ACCS","BK","35.10.20260831.13","10491800",""
"180432","AGUSTIANSYAH","BOOSTER AGT 2026 - ACCS","BK","35.10.20260831.13","",""
"180432","AGUSTIANSYAH","BOOSTER AGT 2026 - ACCS","BK","35.10.20260831.13","",""
"180432","AGUSTIANSYAH","BOOSTER AGT 2026 - ACCS","BK","35.10.20260831.13","",""
"180432","AGUSTIANSYAH","BOOSTER AGT 2026 - ACCS","BK","35.10.20260831.13","",""
"180432","AGUSTIANSYAH","SPECIAL","BN","35.3.20260831.9","10666234","10,000"
"180432","AGUSTIANSYAH","REGULER","BN","35.6.20260831.3","10549047","2,000"
"180432","AGUSTIANSYAH","REGULER","BM","35.7.20260831.6","10599300","3,000"
"180432","AGUSTIANSYAH","REGULER","BL","35.8.20260831.25","10151605","2,000"
"180432","AGUSTIANSYAH","SPECIAL","BN","35.8.20260831.30","10608392","10,000"
"180432","AGUSTIANSYAH","REGULER","BB","U35.3.20260831.5","10583274","18,000"
"94840","LUKMANUL HAKIM.","REGULER","BQ","U35.4.20260803.3","10666137","25,000"
"94840","LUKMANUL HAKIM.","REGULER","BP","35.13.20260806.10","10621507","9,600"
"94840","LUKMANUL HAKIM.","REGULER","BD","35.7.20260808.12","10578755","4,000"
"94840","LUKMANUL HAKIM.","REGULER","BP","U35.13.20260810.5","10581766","18,000"
"94840","LUKMANUL HAKIM.","REGULER","BP","U35.13.20260810.5","10649518","30,000"
"94840","LUKMANUL HAKIM.","REGULER","BP","U35.13.20260810.5","10603388","24,000"
"94840","LUKMANUL HAKIM.","REGULER","BQ","U35.13.20260812.8","10507190","16,000"
"94840","LUKMANUL HAKIM.","REGULER","BP","U35.4.20260812.5","10581855","66,000"
"94840","LUKMANUL HAKIM.","REGULER","BP","U35.4.20260812.5","10647097","186,000"
"94840","LUKMANUL HAKIM.","REGULER","BQ","U35.4.20260812.5","10410105","210,000"
"94840","LUKMANUL HAKIM.","REGULER","BQ","U35.4.20260812.5","10507189","30,000"
"94840","LUKMANUL HAKIM.","REGULER","BP","U35.4.20260812.5","10581853","36,000"
"94840","LUKMANUL HAKIM.","REGULER","BP","U35.4.20260812.5","10581759","132,000"
"94840","LUKMANUL HAKIM.","BOOSTER AGT 2026 - FURNI","BP","U35.4.20260812.5","10581855","80,000"
"94840","LUKMANUL HAKIM.","SPECIAL","BN","35.78.20260814.13","10567959","10,000"
"94840","LUKMANUL HAKIM.","REGULER","BM","35.78.20260814.16","10699168","4,000"
"94840","LUKMANUL HAKIM.","SPECIAL","BN","35.78.20260814.2","10609942","10,000"
"94840","LUKMANUL HAKIM.","REGULER","BL","35.78.20260814.20","10488933","3,000"
"94840","LUKMANUL HAKIM.","REGULER","BL","35.78.20260814.23","10276071","7,000"
"94840","LUKMANUL HAKIM.","BOOSTER AGT 2026 - ACCS","BL","35.78.20260814.23","10276071","25,000"
"94840","LUKMANUL HAKIM.","REGULER","BI","35.78.20260814.27","10670389","1,200"
"94840","LUKMANUL HAKIM.","REGULER","BM","35.78.20260814.28","10161037","9,000"
"94840","LUKMANUL HAKIM.","REGULER","BM","35.78.20260814.28","10613393","15,000"
"94840","LUKMANUL HAKIM.","BOOSTER AGT 2026 - ACCS","BM","35.78.20260814.28","10161037",""
"94840","LUKMANUL HAKIM.","BOOSTER AGT 2026 - ACCS","BM","35.78.20260814.28","10538034",""
"94840","LUKMANUL HAKIM.","BOOSTER AGT 2026 - ACCS","BM","35.78.20260814.28","10613393",""
"94840","LUKMANUL HAKIM.","REGULER","BM","35.78.20260814.29","10593744","2,000"
"94840","LUKMANUL HAKIM.","REGULER","BN","35.78.20260814.3","10541167","3,000"
"94840","LUKMANUL HAKIM.","REGULER","BN","35.78.20260814.3","10541169","3,000"
"94840","LUKMANUL HAKIM.","REGULER","BD","35.78.20260814.33","10587666","1,000"
"94840","LUKMANUL HAKIM.","SPECIAL","BN","35.78.20260814.44","10666234","80,000"
"94840","LUKMANUL HAKIM.","SPECIAL","BN","35.78.20260814.45","10443910","45,000"
"94840","LUKMANUL HAKIM.","SPECIAL","BJ","35.78.20260814.46","10572381","5,000"
"94840","LUKMANUL HAKIM.","SPECIAL","BJ","35.78.20260814.46","10610080","5,000"
"94840","LUKMANUL HAKIM.","REGULER","BK","35.78.20260814.51","10314087","3,600"
"94840","LUKMANUL HAKIM.","REGULER","BN","35.78.20260814.55","10547542","1,000"
"94840","LUKMANUL HAKIM.","REGULER","BD","U35.13.20260814.2","10640690","18,000"
"94840","LUKMANUL HAKIM.","REGULER","BI","35.4.20260815.19","","2,400"
"94840","LUKMANUL HAKIM.","SPECIAL","BG","U35.4.20260815.23","10447851","50,000"
"94840","LUKMANUL HAKIM.","REGULER","BB","35.10.20260817.3","10670942","11,000"
"94840","LUKMANUL HAKIM.","SPECIAL","BJ","35.4.20260817.1","10695311","2,000"
"94840","LUKMANUL HAKIM.","REGULER","BP","U35.13.20260819.8","10581767","42,000"
"94840","LUKMANUL HAKIM.","BOOSTER AGT 2026 - FURNI","BP","U35.13.20260819.8","10581767","50,000"
"94840","LUKMANUL HAKIM.","BOOSTER AGT 2026 - ACCS","BL","35.78.20260820.45","10405003","75,000"
"94840","LUKMANUL HAKIM.","BOOSTER AGT 2026 - ACCS","BL","35.78.20260820.45","10405007","75,000"
"94840","LUKMANUL HAKIM.","REGULER","BM","35.78.20260821.33","10523859","2,000"
"94840","LUKMANUL HAKIM.","REGULER","BM","35.78.20260821.40","10077743","1,000"
"94840","LUKMANUL HAKIM.","REGULER","BL","35.78.20260821.43","10081545","2,000"
"94840","LUKMANUL HAKIM.","REGULER","BL","35.78.20260821.43","10460125","3,000"
"94840","LUKMANUL HAKIM.","REGULER","BM","35.78.20260821.44","10657103","2,000"
"94840","LUKMANUL HAKIM.","REGULER","BI","35.4.20260822.4","10705770","3,600"
"94840","LUKMANUL HAKIM.","SPECIAL","BN","35.78.20260822.11","10485965","5,000"
"94840","LUKMANUL HAKIM.","SPECIAL","BN","35.78.20260822.11","10609942","10,000"
"94840","LUKMANUL HAKIM.","REGULER","BM","35.78.20260822.15","10102966","3,000"
"94840","LUKMANUL HAKIM.","REGULER","BN","35.78.20260822.22","10612063","1,000"
"94840","LUKMANUL HAKIM.","REGULER","BM","35.78.20260822.24","10423377","1,000"
"94840","LUKMANUL HAKIM.","SPECIAL","BN","35.78.20260822.3","10624351","5,000"
"94840","LUKMANUL HAKIM.","REGULER","BL","35.78.20260822.8","10532045","2,000"
"94840","LUKMANUL HAKIM.","REGULER","BL","35.78.20260822.8","10532041","2,000"
"94840","LUKMANUL HAKIM.","SPECIAL","BJ","35.8.20260822.14","10610080","3,000"
"94840","LUKMANUL HAKIM.","SPECIAL","BJ","35.8.20260822.14","10610076","3,000"
"94840","LUKMANUL HAKIM.","REGULER","BP","U35.13.20260822.5","10581855","66,000"
"94840","LUKMANUL HAKIM.","REGULER","BM","U35.13.20260822.5","10593570","11,000"
"94840","LUKMANUL HAKIM.","REGULER","BM","U35.13.20260822.5","10553170","5,000"
"94840","LUKMANUL HAKIM.","BOOSTER AGT 2026 - ACCS","BM","U35.13.20260822.5","10553170",""
"94840","LUKMANUL HAKIM.","BOOSTER AGT 2026 - ACCS","BM","U35.13.20260822.5","10593570",""
"94840","LUKMANUL HAKIM.","BOOSTER AGT 2026 - FURNI","BP","U35.13.20260822.5","10581855","80,000"
"94840","LUKMANUL HAKIM.","REGULER","BP","U35.13.20260823.16","10090062","13,200"
"94840","LUKMANUL HAKIM.","REGULER","BQ","U35.13.20260823.16","10687012","25,000"
"94840","LUKMANUL HAKIM.","REGULER","BQ","U35.13.20260823.29","10552413","12,000"
"94840","LUKMANUL HAKIM.","REGULER","BR","35.13.20260826.21","10035791","4,500"
"94840","LUKMANUL HAKIM.","REGULER","BQ","U35.4.20260829.1","10176805","40,000"
"94840","LUKMANUL HAKIM.","REGULER","BP","U35.4.20260829.1","10532346","54,000"
"94840","LUKMANUL HAKIM.","BOOSTER AGT 2026 - FURNI","BP","U35.4.20260829.1","10532346","70,000"
"94840","LUKMANUL HAKIM.","REGULER","BG","35.6.20260831.30","10469825","14,000"
"94840","LUKMANUL HAKIM.","REGULER","BM","35.6.20260831.30","10702723","4,000"
"94840","LUKMANUL HAKIM.","REGULER","BL","35.6.20260831.7","10588632","4,000"
"94840","LUKMANUL HAKIM.","REGULER","BP","U35.3.20260831.9","10698113","3,600"
"94840","LUKMANUL HAKIM.","REGULER","BD","U35.7.20260831.2","10595465","2,000"
"94840","LUKMANUL HAKIM.","REGULER","BQ","U35.7.20260831.2","10642397","9,000"
"176928","REPAN","KHUSUS - JULI 2026","BA","U35.10.20260721.1","10682730","142,957"
"176928","REPAN","KHUSUS - JULI 2026","BA","U35.10.20260721.1","10682735","142,957"
"176928","REPAN","KHUSUS - JULI 2026","BA","U35.10.20260721.1","10682736","142,957"
"176928","REPAN","KHUSUS - JULI 2026","BA","U35.10.20260721.1","10682737","142,957"
"176928","REPAN","REGULER","BJ","35.4.20260801.17","10643567","5,000"
"176928","REPAN","REGULER","BJ","35.4.20260801.17","10643568","5,000"
"176928","REPAN","REGULER","BJ","35.4.20260801.25","10627724","3,000"
"176928","REPAN","REGULER","BM","35.10.20260802.40","10068270","2,000"
"176928","REPAN","BOOSTER AGT 2026 - ACCS","BM","35.10.20260802.40","10068270",""
"176928","REPAN","BOOSTER AGT 2026 - ACCS","BM","35.10.20260802.40","10216729",""
"176928","REPAN","BOOSTER AGT 2026 - ACCS","BM","35.10.20260802.40","10426757",""
"176928","REPAN","BOOSTER AGT 2026 - ACCS","BM","35.10.20260802.40","10555894",""
"176928","REPAN","BOOSTER AGT 2026 - ACCS","BM","35.10.20260802.40","10555897",""
"176928","REPAN","BOOSTER AGT 2026 - ACCS","BM","35.10.20260802.40","10612529",""
"176928","REPAN","BOOSTER AGT 2026 - ACCS","BM","35.10.20260802.40","10628707",""
"176928","REPAN","REGULER","BG","35.13.20260802.11","10022136","3,000"
"176928","REPAN","REGULER","BM","35.6.20260802.43","10459848","3,000"
"176928","REPAN","REGULER","BF","35.6.20260802.43","10601786","9,000"
"176928","REPAN","REGULER","BN","35.6.20260802.43","10556635","2,000"
"176928","REPAN","REGULER","BF","U35.10.20260802.16","10640937","2,000"
"176928","REPAN","REGULER","BF","U35.10.20260802.16","10466688","20,000"
"176928","REPAN","SPECIAL","BJ","35.13.20260805.12","10597130","4,000"
"176928","REPAN","SPECIAL","BJ","35.13.20260805.12","10615285","4,000"
"176928","REPAN","REGULER","BF","U35.13.20260805.6","10571557","18,000"
"176928","REPAN","SPECIAL","BG","U35.13.20260805.6","10577268","80,000"
"176928","REPAN","SPECIAL","BJ","35.13.20260809.35","10602645","10,000"
"176928","REPAN","SPECIAL","BJ","35.13.20260809.44","10676775","3,000"
"176928","REPAN","SPECIAL","BJ","35.13.20260809.5","10572387","5,000"
"176928","REPAN","REGULER","BF","U35.13.20260809.17","10544651","15,000"
"176928","REPAN","REGULER","BM","35.6.20260810.14","10029820","1,000"
"176928","REPAN","SPECIAL","BG","U35.13.20260810.3","10607767","15,000"
"176928","REPAN","SPECIAL","BJ","35.8.20260812.12","10610076","4,000"
"176928","REPAN","SPECIAL","BJ","35.8.20260812.13","10700483","30,000"
"176928","REPAN","REGULER","BK","35.10.20260814.15","10648278","9,600"
"176928","REPAN","BOOSTER AGT 2026 - ACCS","BK","35.10.20260814.15","10648278","25,000"
"176928","REPAN","REGULER","BG","35.13.20260814.1","10559894","11,000"
"176928","REPAN","SPECIAL","BJ","35.13.20260814.13","","3,000"
"176928","REPAN","SPECIAL","BJ","35.13.20260814.13","","3,000"
"176928","REPAN","SPECIAL","BJ","35.4.20260814.7","10708015","25,000"
"176928","REPAN","REGULER","BI","U35.13.20260814.1","","16,800"
"176928","REPAN","REGULER","BI","U35.13.20260814.1","","16,800"
"176928","REPAN","REGULER","BR","U35.4.20260814.1","10589328","28,500"
"176928","REPAN","SPECIAL","BJ","35.6.20260817.21","10180836","20,000"
"176928","REPAN","SPECIAL","BJ","35.6.20260817.24","10560054","9,000"
"176928","REPAN","SPECIAL","BJ","35.6.20260817.24","10560074","9,000"
"176928","REPAN","SPECIAL","BJ","35.6.20260817.24","10560051","8,000"
"176928","REPAN","REGULER","BL","35.8.20260817.13","10556051","2,000"
"176928","REPAN","REGULER","BL","35.4.20260818.13","10532038","2,000"
"176928","REPAN","SPECIAL","BL","35.4.20260818.13","10632132","70,000"
"176928","REPAN","BOOSTER AGT 2026 - ACCS","BL","35.4.20260818.13","10532038",""
"176928","REPAN","BOOSTER AGT 2026 - ACCS","BL","35.4.20260818.13","10632132",""
"176928","REPAN","BOOSTER AGT 2026 - ACCS","BL","35.4.20260818.13","10689579",""
"176928","REPAN","REGULER","BN","35.3.20260820.6","10541167","3,000"
"176928","REPAN","REGULER","BM","35.6.20260820.2","10052703","6,000"
"176928","REPAN","SPECIAL","BJ","35.6.20260820.2","10572363","18,000"
"176928","REPAN","SPECIAL","BJ","35.6.20260820.2","10572379","4,000"
"176928","REPAN","SPECIAL","BJ","35.6.20260820.2","10572022","11,000"
"176928","REPAN","SPECIAL","BJ","35.6.20260820.2","10572386","4,000"
"176928","REPAN","BOOSTER AGT 2026 - ACCS","BM","35.6.20260820.2","10052703",""
"176928","REPAN","BOOSTER AGT 2026 - ACCS","BM","35.6.20260820.2","10518994",""
"176928","REPAN","REGULER","BJ","35.7.20260820.2","10614746","5,000"
"176928","REPAN","SPECIAL","BJ","35.7.20260820.2","10643624","30,000"
"176928","REPAN","REGULER","BP","U35.13.20260822.7","10603388","210,000"
"176928","REPAN","REGULER","BF","35.10.20260823.4","10536000","8,000"
"176928","REPAN","SPECIAL","BJ","35.4.20260823.35","10568168","4,000"
"176928","REPAN","BOOSTER AGT 2026 - FURNI","BF","U35.6.20260823.6","10601499","80,000"
"176928","REPAN","SPECIAL","BJ","35.13.20260825.9","10602648","10,000"
"176928","REPAN","REGULER","BI","35.4.20260825.21","10702670","6,000"
"176928","REPAN","REGULER","BI","35.4.20260825.21","10702674","6,000"
"176928","REPAN","REGULER","BI","35.4.20260825.21","10674305","3,600"
"176928","REPAN","SPECIAL","BF","U35.3.20260825.20","10490258","25,000"
"176928","REPAN","SPECIAL","BB","U35.3.20260825.20","10467344","100,000"
"176928","REPAN","REGULER","BK","U35.7.20260825.9","10714553","4,800"
"176928","REPAN","REGULER","BN","U35.7.20260825.9","10700411","4,000"
"176928","REPAN","REGULER","BN","U35.7.20260825.9","10466064","5,000"
"176928","REPAN","REGULER","BN","U35.7.20260825.9","10630553","3,000"
"176928","REPAN","REGULER","BN","U35.7.20260825.9","10686584","3,000"
"176928","REPAN","REGULER","BN","U35.7.20260825.9","10540068","2,000"
"176928","REPAN","SPECIAL","BN","U35.7.20260825.9","10630551","5,000"
"176928","REPAN","SPECIAL","BJ","U35.7.20260825.9","10559837","6,000"
"176928","REPAN","SPECIAL","BJ","U35.7.20260825.9","10560063","7,000"
"176928","REPAN","SPECIAL","BJ","U35.7.20260825.9","10560066","7,000"
"176928","REPAN","SPECIAL","BJ","U35.7.20260825.9","10559841","6,000"
"176928","REPAN","BOOSTER AGT 2026 - ACCS","BK","U35.7.20260825.9","10547024",""
"176928","REPAN","BOOSTER AGT 2026 - ACCS","BK","U35.7.20260825.9","10567253",""
"176928","REPAN","BOOSTER AGT 2026 - ACCS","BK","U35.7.20260825.9","10667474",""
"176928","REPAN","BOOSTER AGT 2026 - ACCS","BK","U35.7.20260825.9","10714553",""
"176928","REPAN","SPECIAL","BJ","35.13.20260826.3","10560065","9,000"
"176928","REPAN","SPECIAL","BJ","35.13.20260826.3","10559839","8,000"
"176928","REPAN","REGULER","BI","35.4.20260826.9","10594893","2,400"
"176928","REPAN","REGULER","BR","U35.13.20260826.10","10589329","0"
"176928","REPAN","REGULER","BR","U35.13.20260826.9","10589329","0"
"176928","REPAN","REGULER","BP","U35.8.20260826.1","10625063","21,600"
"176928","REPAN","BOOSTER AGT 2026 - FURNI","BF","35.0.20260827.3","10601499","-80,000"
"176928","REPAN","BOOSTER AGT 2026 - FURNI","BF","35.7.20260827.23","10601499","80,000"
"176928","REPAN","REGULER","BR","U35.0.20260827.1","10589329","0"
"176928","REPAN","REGULER","BR","U35.0.20260827.2","10589329","0"
"176928","REPAN","REGULER","BR","U35.4.20260827.5","10589329","0"
"176928","REPAN","REGULER","BR","U35.4.20260827.6","10589329","0"
"176928","REPAN","REGULER","BO","U35.7.20260827.5","10697003","9,000"
"176928","REPAN","REGULER","BD","U35.7.20260827.5","10108185","35,000"
"176928","REPAN","SPECIAL","BB","U35.7.20260827.5","10700152","30,000"
"176928","REPAN","SPECIAL","BB","U35.7.20260827.5","10700153","30,000"
"176928","REPAN","BOOSTER AGT 2026 - ACCS","BO","U35.7.20260827.5","10697003","30,000"
"176928","REPAN","SPECIAL","BJ","35.4.20260830.45","10597136","3,000"
"193312","NAZWA SAFIRA","KHUSUS - JULI 2026","BA","U35.6.20260723.3","10662527","144,135"
"193312","NAZWA SAFIRA","REGULER","BF","U35.4.20260801.5","10507809","14,000"
"193312","NAZWA SAFIRA","REGULER","BF","U35.4.20260801.5","10604750","10,000"
"193312","NAZWA SAFIRA","SPECIAL","BG","U35.4.20260801.5","10553210","80,000"
"193312","NAZWA SAFIRA","SPECIAL","BJ","35.13.20260802.59","10697903","20,000"
"193312","NAZWA SAFIRA","REGULER","BM","35.6.20260802.61","10657103","2,000"
"193312","NAZWA SAFIRA","SPECIAL","BJ","35.8.20260802.9","10695142","2,000"
"193312","NAZWA SAFIRA","SPECIAL","BJ","35.4.20260804.16","10190619","6,000"
"193312","NAZWA SAFIRA","REGULER","BM","35.8.20260806.3","10613394","18,000"
"193312","NAZWA SAFIRA","BOOSTER AGT 2026 - ACCS","BM","35.8.20260806.3","10613394","50,000"
"193312","NAZWA SAFIRA","REGULER","BQ","U35.13.20260808.15","10509700","40,000"
"193312","NAZWA SAFIRA","SPECIAL","BN","35.3.20260809.11","10065121","20,000"
"193312","NAZWA SAFIRA","REGULER","BR","35.4.20260809.20","10412636","7,500"
"193312","NAZWA SAFIRA","REGULER","BQ","35.4.20260809.4","10642396","9,000"
"193312","NAZWA SAFIRA","REGULER","BK","35.10.20260812.20","10664533","10,800"
"193312","NAZWA SAFIRA","SPECIAL","BN","35.10.20260812.20","10643363","12,000"
"193312","NAZWA SAFIRA","BOOSTER AGT 2026 - ACCS","BK","35.10.20260812.20","10568703",""
"193312","NAZWA SAFIRA","BOOSTER AGT 2026 - ACCS","BK","35.10.20260812.20","10570313",""
"193312","NAZWA SAFIRA","BOOSTER AGT 2026 - ACCS","BK","35.10.20260812.20","10664533",""
"193312","NAZWA SAFIRA","BOOSTER AGT 2026 - ACCS","BK","35.10.20260812.20","",""
"193312","NAZWA SAFIRA","REGULER","BR","35.13.20260812.10","10590329","12,000"
"193312","NAZWA SAFIRA","REGULER","BK","35.0.20260813.1","10664533","-10,800"
"193312","NAZWA SAFIRA","BOOSTER AGT 2026 - ACCS","BK","35.0.20260813.1","10664533","-25,000"
"193312","NAZWA SAFIRA","REGULER","BK","35.8.20260813.11","10639317","16,800"
"193312","NAZWA SAFIRA","REGULER","BK","35.8.20260813.11","10698740","24,000"
"193312","NAZWA SAFIRA","REGULER","BK","35.8.20260813.11","10703879","10,800"
"193312","NAZWA SAFIRA","BOOSTER AGT 2026 - ACCS","BK","35.8.20260813.11","10639317",""
"193312","NAZWA SAFIRA","BOOSTER AGT 2026 - ACCS","BK","35.8.20260813.11","10698740",""
"193312","NAZWA SAFIRA","BOOSTER AGT 2026 - ACCS","BK","35.8.20260813.11","10703879",""
"193312","NAZWA SAFIRA","REGULER","BF","U35.3.20260813.3","10640938","2,000"
"193312","NAZWA SAFIRA","REGULER","BF","U35.3.20260813.3","10624237","18,000"
"193312","NAZWA SAFIRA","REGULER","BF","U35.3.20260813.3","10604750","10,000"
"193312","NAZWA SAFIRA","SPECIAL","BG","U35.3.20260813.3","10532222","80,000"
"193312","NAZWA SAFIRA","REGULER","BR","U35.13.20260814.6","10300744","67,500"
"193312","NAZWA SAFIRA","REGULER","BK","35.10.20260816.38","10212797","2,400"
"193312","NAZWA SAFIRA","SPECIAL","BF","U35.13.20260816.30","10449452","25,000"
"193312","NAZWA SAFIRA","SPECIAL","BF","U35.4.20260816.11","10648131","35,000"
"193312","NAZWA SAFIRA","REGULER","BL","35.6.20260817.38","10657012","2,000"
"193312","NAZWA SAFIRA","REGULER","BL","35.6.20260817.38","10556151","2,000"
"193312","NAZWA SAFIRA","REGULER","BL","35.6.20260817.38","10460125","2,000"
"193312","NAZWA SAFIRA","REGULER","BI","35.6.20260817.38","10705770","3,600"
"193312","NAZWA SAFIRA","SPECIAL","BJ","35.6.20260817.38","10572380","5,000"
"193312","NAZWA SAFIRA","SPECIAL","BJ","35.6.20260817.38","10572387","5,000"
"193312","NAZWA SAFIRA","BOOSTER AGT 2026 - ACCS","BL","35.6.20260817.38","10460125",""
"193312","NAZWA SAFIRA","BOOSTER AGT 2026 - ACCS","BL","35.6.20260817.38","10556151",""
"193312","NAZWA SAFIRA","BOOSTER AGT 2026 - ACCS","BL","35.6.20260817.38","10657012",""
"193312","NAZWA SAFIRA","REGULER","BQ","U35.13.20260817.8","10468599","12,000"
"193312","NAZWA SAFIRA","REGULER","BI","U35.13.20260817.8","10568437","30,000"
"193312","NAZWA SAFIRA","SPECIAL","BJ","U35.6.20260817.20","10464457","20,000"
"193312","NAZWA SAFIRA","REGULER","BR","U35.4.20260820.10","10638960","30,000"
"193312","NAZWA SAFIRA","REGULER","BB","U35.10.20260822.3","10577827","19,000"
"193312","NAZWA SAFIRA","SPECIAL","BJ","U35.10.20260822.3","10708014","25,000"
"193312","NAZWA SAFIRA","SPECIAL","BF","U35.4.20260822.7","10679315","100,000"
"193312","NAZWA SAFIRA","SPECIAL","BG","U35.4.20260822.7","10566548","100,000"
"193312","NAZWA SAFIRA","BOOSTER AGT 2026 - FURNI","BF","U35.4.20260822.7","10679315","30,000"
"193312","NAZWA SAFIRA","SPECIAL","BF","U35.13.20260823.19","10681575","45,000"
"193312","NAZWA SAFIRA","REGULER","BK","U35.6.20260823.4","10607409","2,400"
"193312","NAZWA SAFIRA","REGULER","BH","U35.6.20260823.4","10633835","30,000"
"193312","NAZWA SAFIRA","REGULER","BJ","35.4.20260824.17","10701401","5,000"
"193312","NAZWA SAFIRA","REGULER","BQ","35.4.20260824.20","10176803","19,000"
"193312","NAZWA SAFIRA","REGULER","BM","35.13.20260825.31","10493993","2,000"
"193312","NAZWA SAFIRA","REGULER","BM","35.3.20260825.22","10149476","2,000"
"193312","NAZWA SAFIRA","REGULER","BP","U35.8.20260825.25","10621509","9,600"
"193312","NAZWA SAFIRA","REGULER","BN","35.6.20260829.44","10547533","2,000"
"193312","NAZWA SAFIRA","REGULER","BI","U35.13.20260829.7","10568437","30,000"
"193312","NAZWA SAFIRA","REGULER","BI","U35.13.20260829.7","10573712","10,800"
"193312","NAZWA SAFIRA","REGULER","BK","35.10.20260830.41","10698138","2,400"
"193312","NAZWA SAFIRA","REGULER","BJ","35.13.20260830.47","10664236","4,000"
"193312","NAZWA SAFIRA","SPECIAL","BJ","35.13.20260830.47","10572379","4,000"
"193312","NAZWA SAFIRA","SPECIAL","BJ","35.13.20260830.47","10572362","20,000"
"193312","NAZWA SAFIRA","SPECIAL","BJ","35.13.20260830.47","10572021","12,000"
"193312","NAZWA SAFIRA","SPECIAL","BJ","35.13.20260830.47","","2,000"
"193312","NAZWA SAFIRA","SPECIAL","BJ","35.13.20260830.47","10572386","4,000"
"193312","NAZWA SAFIRA","REGULER","BC","U35.6.20260830.19","10681941","75,000"
"193312","NAZWA SAFIRA","REGULER","BH","U35.6.20260830.8","10631964","18,000"
"193312","NAZWA SAFIRA","REGULER","BM","U35.7.20260830.1","10623456","3,000"
"193312","NAZWA SAFIRA","SPECIAL","BJ","35.10.20260831.10","10695141","2,000"
"193312","NAZWA SAFIRA","SPECIAL","BJ","35.10.20260831.11","10695142","2,000"
"193312","NAZWA SAFIRA","SPECIAL","BJ","35.10.20260831.12","10695142","2,000"
"193312","NAZWA SAFIRA","SPECIAL","BJ","35.10.20260831.9","10695141","2,000"
"193312","NAZWA SAFIRA","SPECIAL","BJ","35.13.20260831.7","","3,000"
"193312","NAZWA SAFIRA","SPECIAL","BJ","35.4.20260831.4","10700483","30,000"
"193312","NAZWA SAFIRA","SPECIAL","BJ","35.4.20260831.4","10614671","75,000"
"193312","NAZWA SAFIRA","SPECIAL","BJ","35.4.20260831.4","10559841","12,000"
"193312","NAZWA SAFIRA","SPECIAL","BJ","35.4.20260831.4","10572023","13,000"
"193312","NAZWA SAFIRA","SPECIAL","BJ","35.4.20260831.4","10572386","5,000"
"193312","NAZWA SAFIRA","SPECIAL","BJ","35.4.20260831.4","10695311","2,000"
"193312","NAZWA SAFIRA","REGULER","BK","35.6.20260831.20","10433866","3,600"
"193312","NAZWA SAFIRA","REGULER","BK","35.6.20260831.21","10187604","13,200"
"193312","NAZWA SAFIRA","BOOSTER AGT 2026 - ACCS","BK","35.6.20260831.21","10187604","25,000"
"193312","NAZWA SAFIRA","REGULER","BD","U35.4.20260831.10","10580403","25,000"
"193312","NAZWA SAFIRA","REGULER","BL","U35.8.20260831.3","10550398","6,000"
"193312","NAZWA SAFIRA","REGULER","BL","U35.8.20260831.3","10680484","11,000"
"193312","NAZWA SAFIRA","REGULER","BL","U35.8.20260831.3","10680483","3,000"
"193312","NAZWA SAFIRA","REGULER","BL","U35.8.20260831.3","10680481","11,000"
"193312","NAZWA SAFIRA","REGULER","BL","U35.8.20260831.3","10550396","3,000"
"193312","NAZWA SAFIRA","REGULER","BL","U35.8.20260831.3","10680480","3,000"
"193312","NAZWA SAFIRA","REGULER","BL","U35.8.20260831.3","10680482","3,000"
"193312","NAZWA SAFIRA","BOOSTER AGT 2026 - ACCS","BL","U35.8.20260831.3","10550396",""
"193312","NAZWA SAFIRA","BOOSTER AGT 2026 - ACCS","BL","U35.8.20260831.3","10550398",""
"193312","NAZWA SAFIRA","BOOSTER AGT 2026 - ACCS","BL","U35.8.20260831.3","10680480",""
"193312","NAZWA SAFIRA","BOOSTER AGT 2026 - ACCS","BL","U35.8.20260831.3","10680481",""
"193312","NAZWA SAFIRA","BOOSTER AGT 2026 - ACCS","BL","U35.8.20260831.3","10680482",""
"193312","NAZWA SAFIRA","BOOSTER AGT 2026 - ACCS","BL","U35.8.20260831.3","10680483",""
"193312","NAZWA SAFIRA","BOOSTER AGT 2026 - ACCS","BL","U35.8.20260831.3","10680484",""
"117452","DODI SANMARTIN","KHUSUS - JULI 2026","BA","U35.13.20260729.12","10708338","243,230"
"117452","DODI SANMARTIN","REGULER","BM","35.0.20260802.1","10216754","-2,000"
"117452","DODI SANMARTIN","REGULER","BB","35.0.20260802.1","10602601","-8,000"
"117452","DODI SANMARTIN","REGULER","BO","35.7.20260802.49","10565504","1,000"
"117452","DODI SANMARTIN","REGULER","BO","35.8.20260802.35","10587368","0"
"117452","DODI SANMARTIN","REGULER","BO","35.8.20260802.35","10587367","0"
"117452","DODI SANMARTIN","REGULER","BO","35.8.20260802.35","10587366","0"
"117452","DODI SANMARTIN","SPECIAL","BJ","35.13.20260804.14","10572381","5,000"
"117452","DODI SANMARTIN","SPECIAL","BJ","35.4.20260804.3","10676768","30,000"
"117452","DODI SANMARTIN","REGULER","BL","35.6.20260804.2","10503171","12,000"
"117452","DODI SANMARTIN","REGULER","BL","35.6.20260804.2","10676247","8,000"
"117452","DODI SANMARTIN","BOOSTER AGT 2026 - ACCS","BL","35.6.20260804.2","10503171",""
"117452","DODI SANMARTIN","BOOSTER AGT 2026 - ACCS","BL","35.6.20260804.2","10676247",""
"117452","DODI SANMARTIN","REGULER","BH","35.6.20260804.4","10587663","25,000"
"117452","DODI SANMARTIN","REGULER","BR","U35.4.20260807.4","10538931","60,000"
"117452","DODI SANMARTIN","REGULER","BC","U35.4.20260807.4","10698311","60,000"
"117452","DODI SANMARTIN","REGULER","BL","35.8.20260808.27","10701492","5,000"
"117452","DODI SANMARTIN","REGULER","BQ","U35.8.20260808.4","10666137","25,000"
"117452","DODI SANMARTIN","REGULER","BM","U35.8.20260808.4","10566535","8,000"
"117452","DODI SANMARTIN","REGULER","BB","U35.8.20260808.4","10591160","25,000"
"117452","DODI SANMARTIN","SPECIAL","BF","U35.8.20260808.4","10708980","75,000"
"117452","DODI SANMARTIN","BOOSTER AGT 2026 - ACCS","BM","U35.8.20260808.4","10566535","25,000"
"117452","DODI SANMARTIN","REGULER","BN","35.3.20260809.21","10612063","1,000"
"117452","DODI SANMARTIN","REGULER","BN","35.3.20260809.21","10426498","2,000"
"117452","DODI SANMARTIN","REGULER","BE","U35.3.20260809.9","10709290","30,000"
"117452","DODI SANMARTIN","SPECIAL","BJ","35.13.20260810.4","10610075","3,000"
"117452","DODI SANMARTIN","SPECIAL","BJ","35.13.20260810.4","10610083","3,000"
"117452","DODI SANMARTIN","SPECIAL","BJ","35.13.20260810.4","10609629","9,000"
"117452","DODI SANMARTIN","REGULER","BN","35.7.20260810.9","10457525","1,000"
"117452","DODI SANMARTIN","REGULER","BO","U35.6.20260810.4","10689590","14,000"
"117452","DODI SANMARTIN","REGULER","BD","U35.6.20260810.4","10624668","80,000"
"117452","DODI SANMARTIN","REGULER","BN","U35.6.20260810.4","10659032","3,000"
"117452","DODI SANMARTIN","SPECIAL","BN","U35.6.20260810.4","10553952","5,000"
"117452","DODI SANMARTIN","BOOSTER AGT 2026 - ACCS","BO","U35.6.20260810.4","10689590","30,000"
"117452","DODI SANMARTIN","SPECIAL","BJ","35.7.20260811.14","10560068","9,000"
"117452","DODI SANMARTIN","SPECIAL","BJ","35.7.20260811.14","10559844","8,000"
"117452","DODI SANMARTIN","REGULER","BO","35.10.20260814.1","10206824","18,000"
"117452","DODI SANMARTIN","BOOSTER AGT 2026 - ACCS","BO","35.10.20260814.1","10206824","30,000"
"117452","DODI SANMARTIN","REGULER","BK","35.7.20260814.11","10639322","9,600"
"117452","DODI SANMARTIN","BOOSTER AGT 2026 - ACCS","BK","35.7.20260814.11","10639322","25,000"
"117452","DODI SANMARTIN","REGULER","BO","35.10.20260815.43","10570201","1,000"
"117452","DODI SANMARTIN","REGULER","BO","35.10.20260815.43","10506858","0"
"117452","DODI SANMARTIN","REGULER","BQ","35.4.20260815.20","10176803","19,000"
"117452","DODI SANMARTIN","REGULER","BL","35.8.20260815.33","10556050","3,000"
"117452","DODI SANMARTIN","REGULER","BN","35.3.20260816.15","10508194","2,000"
"117452","DODI SANMARTIN","REGULER","BO","35.3.20260816.15","10644520","3,000"
"117452","DODI SANMARTIN","REGULER","BN","35.3.20260816.15","10508195","2,000"
"117452","DODI SANMARTIN","REGULER","BO","35.3.20260816.15","10506858","0"
"117452","DODI SANMARTIN","REGULER","BD","35.3.20260816.15","10587668","2,000"
"117452","DODI SANMARTIN","SPECIAL","BJ","35.3.20260816.15","10574673","2,000"
"117452","DODI SANMARTIN","SPECIAL","BJ","35.3.20260816.30","10664229","30,000"
"117452","DODI SANMARTIN","REGULER","BD","35.7.20260816.38","10410166","5,000"
"117452","DODI SANMARTIN","REGULER","BO","35.8.20260816.9","10632600","1,000"
"117452","DODI SANMARTIN","SPECIAL","BN","35.8.20260816.9","10666234","8,000"
"117452","DODI SANMARTIN","REGULER","BP","U35.13.20260816.1","10122256","20,400"
"117452","DODI SANMARTIN","KHUSUS","BB","U35.7.20260816.12","10521065","5,392"
"117452","DODI SANMARTIN","REGULER","BP","U35.4.20260819.2","10597834","30,000"
"117452","DODI SANMARTIN","REGULER","BR","35.13.20260821.7","10441541","10,500"
"117452","DODI SANMARTIN","REGULER","BM","35.6.20260821.4","10132201","2,000"
"117452","DODI SANMARTIN","REGULER","BO","35.6.20260821.4","10506858","0"
"117452","DODI SANMARTIN","REGULER","BO","35.6.20260821.4","10570202","1,000"
"117452","DODI SANMARTIN","REGULER","BR","35.6.20260821.4","","12,000"
"117452","DODI SANMARTIN","SPECIAL","BJ","35.6.20260821.4","10661427","20,000"
"117452","DODI SANMARTIN","SPECIAL","BJ","35.6.20260821.4","10215872","20,000"
"117452","DODI SANMARTIN","REGULER","BJ","35.13.20260822.18","10701401","5,000"
"117452","DODI SANMARTIN","REGULER","BO","35.8.20260822.1","10552478","1,000"
"117452","DODI SANMARTIN","REGULER","BB","35.3.20260823.31","10622186","18,000"
"117452","DODI SANMARTIN","REGULER","BI","U35.3.20260823.2","10643798","0"
"117452","DODI SANMARTIN","REGULER","BI","U35.3.20260823.2","10640767","21,600"
"117452","DODI SANMARTIN","REGULER","BC","U35.6.20260823.1","10678659","20,000"
"117452","DODI SANMARTIN","REGULER","BJ","35.6.20260824.5","10701401","2,000"
"117452","DODI SANMARTIN","SPECIAL","BJ","35.6.20260824.5","10697903","20,000"
"117452","DODI SANMARTIN","SPECIAL","BJ","35.6.20260824.5","","2,000"
"117452","DODI SANMARTIN","REGULER","BG","U35.3.20260824.1","10568050","3,000"
"117452","DODI SANMARTIN","BOOSTER AGT 2026 - FURNI","BI","U35.3.20260824.1","10523537","25,000"
"117452","DODI SANMARTIN","REGULER","BC","U35.8.20260824.6","10536371","45,000"
"117452","DODI SANMARTIN","REGULER","BC","U35.8.20260824.6","10684473","55,000"
"117452","DODI SANMARTIN","REGULER","BK","35.6.20260826.5","10453975","2,400"
"117452","DODI SANMARTIN","BOOSTER AGT 2026 - ACCS","BK","35.6.20260826.9","10534580",""
"117452","DODI SANMARTIN","BOOSTER AGT 2026 - ACCS","BK","35.6.20260826.9","10656071",""
"117452","DODI SANMARTIN","BOOSTER AGT 2026 - ACCS","BK","35.6.20260826.9","10704718",""
"117452","DODI SANMARTIN","BOOSTER AGT 2026 - ACCS","BL","35.6.20260826.9","10558527","25,000"
"117452","DODI SANMARTIN","SPECIAL","BJ","35.7.20260827.14","10610088","3,000"
"117452","DODI SANMARTIN","SPECIAL","BJ","35.7.20260827.14","10610085","3,000"
"117452","DODI SANMARTIN","SPECIAL","BJ","35.7.20260827.14","10609644","9,000"
"117452","DODI SANMARTIN","SPECIAL","BJ","35.7.20260827.14","10610064","9,000"
"117452","DODI SANMARTIN","SPECIAL","BJ","35.7.20260827.14","10610082","3,000"
"117452","DODI SANMARTIN","SPECIAL","BJ","35.7.20260827.14","10610090","3,000"
"117452","DODI SANMARTIN","SPECIAL","BJ","35.7.20260827.14","10609639","9,000"
"117452","DODI SANMARTIN","SPECIAL","BJ","35.7.20260827.14","10610054","9,000"
"117452","DODI SANMARTIN","SPECIAL","BJ","35.7.20260827.14","10610080","3,000"
"117452","DODI SANMARTIN","SPECIAL","BJ","35.7.20260827.14","10610086","3,000"
"117452","DODI SANMARTIN","SPECIAL","BJ","35.7.20260827.14","10610077","3,000"
"117452","DODI SANMARTIN","SPECIAL","BJ","35.7.20260827.14","10610078","3,000"
"117452","DODI SANMARTIN","SPECIAL","BN","35.7.20260827.15","10559960","5,000"
"117452","DODI SANMARTIN","REGULER","BD","U35.13.20260827.10","10564573","14,000"
"117452","DODI SANMARTIN","REGULER","BH","U35.13.20260827.10","10524200","30,000"
"117452","DODI SANMARTIN","REGULER","BM","U35.7.20260827.2","10161037","15,000"
"117452","DODI SANMARTIN","REGULER","BQ","U35.7.20260827.2","10636492","45,000"
"117452","DODI SANMARTIN","REGULER","BM","U35.7.20260827.2","10657104","2,000"
"117452","DODI SANMARTIN","REGULER","BR","U35.7.20260827.2","","22,500"
"117452","DODI SANMARTIN","BOOSTER AGT 2026 - ACCS","BM","U35.7.20260827.2","10161037",""
"117452","DODI SANMARTIN","BOOSTER AGT 2026 - ACCS","BM","U35.7.20260827.2","10657102",""
"117452","DODI SANMARTIN","BOOSTER AGT 2026 - ACCS","BM","U35.7.20260827.2","10657104",""
"117452","DODI SANMARTIN","REGULER","BR","U35.7.20260827.3","","22,500"
"117452","DODI SANMARTIN","SPECIAL","BJ","U35.6.20260829.4","10628991","100,000"
"117452","DODI SANMARTIN","SPECIAL","BJ","U35.6.20260829.4","10560145","2,000"
"117452","DODI SANMARTIN","REGULER","BJ","35.3.20260830.39","10701401","2,000"
"117452","DODI SANMARTIN","REGULER","DB","35.7.20260830.44","10574051","9,000"
"117452","DODI SANMARTIN","SPECIAL","BG","U35.0.20260830.1","10577270","-100,000"
"117452","DODI SANMARTIN","SPECIAL","BG","U35.3.20260830.15","10577269","80,000"
"117452","DODI SANMARTIN","SPECIAL","BG","U35.4.20260830.32","10577270","100,000"
"115570","NOVITA SARI","KHUSUS - JULI 2026","BA","U35.6.20260711.17","10321710","108,095"
"115570","NOVITA SARI","KHUSUS - JULI 2026","BA","U35.10.20260730.5","10590402","566,651"
"115570","NOVITA SARI","REGULER","BQ","35.13.20260801.1","10410105","11,000"
"115570","NOVITA SARI","SPECIAL","BJ","35.4.20260801.42","10664229","30,000"
"115570","NOVITA SARI","REGULER","BR","U35.4.20260801.8","10589635","24,000"
"115570","NOVITA SARI","SPECIAL","BF","U35.4.20260801.8","10449452","25,000"
"115570","NOVITA SARI","REGULER","BK","35.10.20260802.22","10614142","3,600"
"115570","NOVITA SARI","REGULER","BM","35.10.20260802.22","10021016","2,000"
"115570","NOVITA SARI","REGULER","BK","35.10.20260802.22","10426362","4,800"
"115570","NOVITA SARI","BOOSTER AGT 2026 - ACCS","BK","35.10.20260802.22","10426362",""
"115570","NOVITA SARI","BOOSTER AGT 2026 - ACCS","BK","35.10.20260802.22","10614142",""
"115570","NOVITA SARI","SPECIAL","BJ","35.13.20260802.9","10568164","12,000"
"115570","NOVITA SARI","REGULER","BI","35.4.20260802.22","","2,400"
"115570","NOVITA SARI","REGULER","BO","35.4.20260802.22","10599270","1,000"
"115570","NOVITA SARI","REGULER","BP","U35.13.20260802.19","10598023","14,400"
"115570","NOVITA SARI","REGULER","BF","U35.13.20260802.19","10613342","16,000"
"115570","NOVITA SARI","REGULER","BQ","U35.13.20260802.19","10588755","13,000"
"115570","NOVITA SARI","REGULER","BP","35.4.20260805.12","10621507","4,800"
"115570","NOVITA SARI","REGULER","BP","35.13.20260806.8","10621507","15,600"
"115570","NOVITA SARI","REGULER","BR","35.13.20260806.8","10560352","7,500"
"115570","NOVITA SARI","SPECIAL","BJ","35.4.20260808.9","10568168","4,000"
"115570","NOVITA SARI","REGULER","BC","U35.8.20260808.17","10701084","25,000"
"115570","NOVITA SARI","REGULER","BF","U35.13.20260809.12","10544650","30,000"
"115570","NOVITA SARI","REGULER","BF","U35.13.20260809.12","10666994","8,000"
"115570","NOVITA SARI","REGULER","BF","U35.13.20260809.12","10666999","5,000"
"115570","NOVITA SARI","REGULER","BB","U35.13.20260809.13","10568823","12,000"
"115570","NOVITA SARI","REGULER","BP","U35.13.20260809.23","10581547","30,000"
"115570","NOVITA SARI","REGULER","BQ","U35.4.20260809.1","10509700","40,000"
"115570","NOVITA SARI","SPECIAL","BJ","35.6.20260810.13","10572032","10,000"
"115570","NOVITA SARI","SPECIAL","BJ","35.6.20260810.13","10455170","5,000"
"115570","NOVITA SARI","SPECIAL","BJ","35.6.20260810.13","10572382","4,000"
"115570","NOVITA SARI","SPECIAL","BJ","35.6.20260810.13","10572389","4,000"
"115570","NOVITA SARI","REGULER","BP","U35.13.20260811.13","10649524","30,000"
"115570","NOVITA SARI","REGULER","BP","U35.13.20260811.13","10643609","30,000"
"115570","NOVITA SARI","REGULER","BP","U35.13.20260811.13","10581857","12,000"
"115570","NOVITA SARI","REGULER","BQ","U35.13.20260811.13","10176805","45,000"
"115570","NOVITA SARI","REGULER","BO","U35.13.20260811.13","10568763","18,000"
"115570","NOVITA SARI","BOOSTER AGT 2026 - ACCS","BO","U35.13.20260811.13","10568763","30,000"
"115570","NOVITA SARI","REGULER","BM","35.6.20260812.4","10411860","6,000"
"115570","NOVITA SARI","REGULER","BR","U35.4.20260814.6","10275775","0"
"115570","NOVITA SARI","REGULER","BN","35.7.20260815.23","10408848","2,000"
"115570","NOVITA SARI","REGULER","BN","35.7.20260815.23","10629071","13,000"
"115570","NOVITA SARI","SPECIAL","BN","35.7.20260815.23","10657067","16,000"
"115570","NOVITA SARI","REGULER","BM","35.6.20260817.8","10132199","2,000"
"115570","NOVITA SARI","REGULER","BF","U35.10.20260817.15","10313415","10,000"
"115570","NOVITA SARI","REGULER","BF","U35.10.20260817.15","10571552","18,000"
"115570","NOVITA SARI","REGULER","BK","U35.10.20260817.15","10616481","6,000"
"115570","NOVITA SARI","REGULER","BR","U35.4.20260817.10","10412636","19,500"
"115570","NOVITA SARI","REGULER","BL","35.4.20260819.19","10701496","16,000"
"115570","NOVITA SARI","REGULER","BO","35.4.20260819.19","10594770","0"
"115570","NOVITA SARI","REGULER","BO","35.4.20260819.19","10567975","1,000"
"115570","NOVITA SARI","REGULER","BL","35.4.20260819.19","10488915","5,000"
"115570","NOVITA SARI","SPECIAL","BJ","35.4.20260819.19","10653946","8,000"
"115570","NOVITA SARI","SPECIAL","BJ","35.4.20260819.19","10422778","9,000"
"115570","NOVITA SARI","BOOSTER AGT 2026 - ACCS","BL","35.4.20260819.19","10488915","20,242"
"115570","NOVITA SARI","BOOSTER AGT 2026 - ACCS","BL","35.4.20260819.19","10701496","54,758"
"115570","NOVITA SARI","REGULER","BM","35.7.20260820.3","10659343","1,000"
"115570","NOVITA SARI","REGULER","BK","35.6.20260821.9","10669970","16,800"
"115570","NOVITA SARI","BOOSTER AGT 2026 - ACCS","BK","35.6.20260821.9","10669970","50,000"
"115570","NOVITA SARI","REGULER","BI","35.13.20260822.45","10670391","1,200"
"115570","NOVITA SARI","SPECIAL","BJ","35.6.20260822.2","10610082","3,000"
"115570","NOVITA SARI","SPECIAL","BJ","35.6.20260822.2","10610064","9,000"
"115570","NOVITA SARI","SPECIAL","BJ","35.6.20260822.2","10610090","3,000"
"115570","NOVITA SARI","SPECIAL","BJ","35.4.20260824.14","10643624","30,000"
"115570","NOVITA SARI","SPECIAL","BJ","35.4.20260824.22","10249385","4,000"
"115570","NOVITA SARI","REGULER","BL","35.8.20260824.18","10550400","5,000"
"115570","NOVITA SARI","SPECIAL","BJ","U35.4.20260824.5","10700491","30,000"
"115570","NOVITA SARI","SPECIAL","BJ","U35.4.20260824.5","10572379","4,000"
"115570","NOVITA SARI","SPECIAL","BJ","U35.4.20260824.5","10572362","20,000"
"115570","NOVITA SARI","SPECIAL","BJ","U35.4.20260824.5","10572033","12,000"
"115570","NOVITA SARI","SPECIAL","BJ","U35.4.20260824.5","10572386","4,000"
"115570","NOVITA SARI","SPECIAL","BJ","35.6.20260826.13","10666985","10,000"
"115570","NOVITA SARI","SPECIAL","BJ","35.6.20260826.13","10572024","12,000"
"115570","NOVITA SARI","SPECIAL","BJ","35.6.20260826.13","10572387","4,000"
"115570","NOVITA SARI","SPECIAL","BJ","35.6.20260826.13","10572380","4,000"
"115570","NOVITA SARI","REGULER","BO","35.3.20260827.10","10506858","0"
"115570","NOVITA SARI","REGULER","BO","35.3.20260827.10","10682385","0"
"115570","NOVITA SARI","REGULER","BO","35.3.20260827.10","10644142","1,000"
"115570","NOVITA SARI","SPECIAL","BJ","35.4.20260827.1","10603218","75,000"
"115570","NOVITA SARI","SPECIAL","BJ","35.4.20260827.1","10603212","75,000"
"115570","NOVITA SARI","SPECIAL","BJ","35.4.20260827.1","10572029","13,000"
"115570","NOVITA SARI","SPECIAL","BJ","35.4.20260827.1","10572035","13,000"
"115570","NOVITA SARI","REGULER","BN","35.7.20260828.10","10547542","1,000"
"115570","NOVITA SARI","REGULER","BM","35.7.20260829.17","10420957","2,000"
"115570","NOVITA SARI","REGULER","BN","35.7.20260829.7","10544849","2,000"
"115570","NOVITA SARI","REGULER","BN","35.7.20260829.7","10547533","1,000"
"115570","NOVITA SARI","SPECIAL","BN","35.7.20260829.7","10630551","5,000"
"115570","NOVITA SARI","SPECIAL","BF","U35.4.20260830.10","10449450","25,000"
"115570","NOVITA SARI","SPECIAL","BF","U35.8.20260831.5","10490258","25,000"
"96802","MUHAMMAD ADUN","REGULER","BN","35.0.20260805.4","10470083","-4,000"
"96802","MUHAMMAD ADUN","REGULER","BN","35.78.20260805.1","10429434","2,000"
"96802","MUHAMMAD ADUN","REGULER","BK","35.78.20260805.13","10452867","36,000"
"96802","MUHAMMAD ADUN","BOOSTER AGT 2026 - ACCS","BK","35.78.20260805.13","10452867","100,000"
"96802","MUHAMMAD ADUN","REGULER","BK","35.78.20260805.17","10667049","7,200"
"96802","MUHAMMAD ADUN","BOOSTER AGT 2026 - ACCS","BK","35.78.20260805.17","10667049","25,000"
"96802","MUHAMMAD ADUN","REGULER","BL","35.78.20260805.18","10460125","3,000"
"96802","MUHAMMAD ADUN","REGULER","BN","35.78.20260805.20","10688657","3,000"
"96802","MUHAMMAD ADUN","REGULER","BN","35.78.20260805.21","10657003","2,000"
"96802","MUHAMMAD ADUN","REGULER","BN","35.78.20260805.24","10522417","2,000"
"96802","MUHAMMAD ADUN","REGULER","BR","35.78.20260805.28","10424812","3,000"
"96802","MUHAMMAD ADUN","REGULER","BR","35.78.20260805.31","10274777","3,000"
"96802","MUHAMMAD ADUN","REGULER","BK","35.78.20260805.36","10212797","2,400"
"96802","MUHAMMAD ADUN","REGULER","BN","35.78.20260805.38","10429434","2,000"
"96802","MUHAMMAD ADUN","REGULER","BI","35.78.20260805.38","10569972","1,200"
"96802","MUHAMMAD ADUN","REGULER","BI","35.78.20260805.38","10569971","1,200"
"96802","MUHAMMAD ADUN","SPECIAL","BN","35.78.20260805.38","10631399","5,000"
"96802","MUHAMMAD ADUN","REGULER","BI","35.78.20260805.39","10552061","1,200"
"96802","MUHAMMAD ADUN","REGULER","BM","35.78.20260805.41","10229516","3,000"
"96802","MUHAMMAD ADUN","REGULER","BM","35.78.20260805.46","10493989","2,000"
"96802","MUHAMMAD ADUN","REGULER","BM","35.78.20260805.48","10659341","4,000"
"96802","MUHAMMAD ADUN","REGULER","BD","35.78.20260805.53","10410168","2,000"
"96802","MUHAMMAD ADUN","REGULER","BM","35.78.20260805.64","10593744","2,000"
"96802","MUHAMMAD ADUN","REGULER","BI","35.78.20260805.7","10552061","1,200"
"96802","MUHAMMAD ADUN","REGULER","BI","35.78.20260805.9","10552061","1,200"
"96802","MUHAMMAD ADUN","REGULER","BQ","U35.8.20260805.2","10552413","12,000"
"96802","MUHAMMAD ADUN","REGULER","BB","35.78.20260806.11","10208194","11,000"
"96802","MUHAMMAD ADUN","REGULER","BI","35.78.20260806.12","10569973","1,200"
"96802","MUHAMMAD ADUN","REGULER","BB","35.78.20260806.13","10208196","8,000"
"96802","MUHAMMAD ADUN","REGULER","BK","35.78.20260806.2","10457868","3,600"
"96802","MUHAMMAD ADUN","REGULER","BO","35.78.20260806.22","10632602","1,000"
"96802","MUHAMMAD ADUN","SPECIAL","BJ","35.78.20260806.26","10422542","12,000"
"96802","MUHAMMAD ADUN","REGULER","BO","35.78.20260806.27","10570203","1,000"
"96802","MUHAMMAD ADUN","REGULER","BN","35.78.20260806.3","10457525","1,000"
"96802","MUHAMMAD ADUN","REGULER","DB","35.78.20260806.34","10596019","16,500"
"96802","MUHAMMAD ADUN","BOOSTER AGT 2026 - ACCS","DB","35.78.20260806.34","10596019","30,000"
"96802","MUHAMMAD ADUN","SPECIAL","BJ","35.78.20260806.39","10572378","5,000"
"96802","MUHAMMAD ADUN","SPECIAL","BJ","35.78.20260806.39","10572382","5,000"
"96802","MUHAMMAD ADUN","REGULER","BO","35.78.20260806.4","10552478","2,000"
"96802","MUHAMMAD ADUN","REGULER","BO","35.78.20260806.42","10567936","0"
"96802","MUHAMMAD ADUN","REGULER","BK","35.78.20260806.47","10575255","7,200"
"96802","MUHAMMAD ADUN","REGULER","BM","35.78.20260806.5","10657103","8,000"
"96802","MUHAMMAD ADUN","BOOSTER AGT 2026 - ACCS","BM","35.78.20260806.5","10657103","25,000"
"96802","MUHAMMAD ADUN","REGULER","BO","35.78.20260807.10","10552478","4,000"
"96802","MUHAMMAD ADUN","SPECIAL","BJ","35.78.20260807.16","10560063","9,000"
"96802","MUHAMMAD ADUN","REGULER","BM","35.78.20260807.17","10628204","3,000"
"96802","MUHAMMAD ADUN","REGULER","BN","35.78.20260808.11","10547508","3,000"
"96802","MUHAMMAD ADUN","SPECIAL","BN","35.78.20260808.11","10631399","5,000"
"96802","MUHAMMAD ADUN","REGULER","BM","35.78.20260808.116","10593744","2,000"
"96802","MUHAMMAD ADUN","REGULER","BK","35.78.20260808.119","10209141","9,600"
"96802","MUHAMMAD ADUN","BOOSTER AGT 2026 - ACCS","BK","35.78.20260808.119","10209141","25,000"
"96802","MUHAMMAD ADUN","REGULER","BN","35.78.20260808.12","10291595","2,000"
"96802","MUHAMMAD ADUN","REGULER","BM","35.78.20260808.121","10657104","2,000"
"96802","MUHAMMAD ADUN","REGULER","BJ","35.78.20260808.122","10668279","2,000"
"96802","MUHAMMAD ADUN","REGULER","BF","35.78.20260808.125","10601785","9,000"
"96802","MUHAMMAD ADUN","REGULER","BM","35.78.20260808.13","10095999","0"
"96802","MUHAMMAD ADUN","REGULER","BN","35.78.20260808.14","10170594","1,000"
"96802","MUHAMMAD ADUN","REGULER","BN","35.78.20260808.15","10612063","5,000"
"96802","MUHAMMAD ADUN","REGULER","DB","35.78.20260808.16","10177398","6,000"
"96802","MUHAMMAD ADUN","SPECIAL","BN","35.78.20260808.26","10567959","10,000"
"96802","MUHAMMAD ADUN","REGULER","BO","35.78.20260808.27","10550340","0"
"96802","MUHAMMAD ADUN","REGULER","BM","35.78.20260808.29","10423516","4,000"
"96802","MUHAMMAD ADUN","REGULER","BM","35.78.20260808.30","10593744","2,000"
"96802","MUHAMMAD ADUN","REGULER","BM","35.78.20260808.31","10659342","1,000"
"96802","MUHAMMAD ADUN","REGULER","BM","35.78.20260808.32","10459848","3,000"
"96802","MUHAMMAD ADUN","REGULER","BM","35.78.20260808.34","10628204","2,000"
"96802","MUHAMMAD ADUN","REGULER","BK","35.78.20260808.39","10697866","3,600"
"96802","MUHAMMAD ADUN","REGULER","BL","35.78.20260808.42","10490482","2,000"
"96802","MUHAMMAD ADUN","REGULER","BM","35.78.20260808.44","10657103","2,000"
"96802","MUHAMMAD ADUN","REGULER","BM","35.78.20260808.47","10659342","1,000"
"96802","MUHAMMAD ADUN","REGULER","DB","35.78.20260808.48","10494518","10,500"
"96802","MUHAMMAD ADUN","BOOSTER AGT 2026 - ACCS","DB","35.78.20260808.48","10494518",""
"96802","MUHAMMAD ADUN","BOOSTER AGT 2026 - ACCS","DB","35.78.20260808.48","10669268",""
"96802","MUHAMMAD ADUN","REGULER","BK","35.78.20260808.53","10697866","3,600"
"96802","MUHAMMAD ADUN","REGULER","BN","35.78.20260808.54","10672911","1,000"
"96802","MUHAMMAD ADUN","REGULER","BN","35.78.20260808.54","10457525","1,000"
"96802","MUHAMMAD ADUN","REGULER","BQ","U35.10.20260808.1","10410105","50,000"
"96802","MUHAMMAD ADUN","SPECIAL","BG","U35.13.20260822.16","10577267","50,000"
"96802","MUHAMMAD ADUN","REGULER","BR","U35.7.20260822.16","10300744","60,000"
"96802","MUHAMMAD ADUN","REGULER","BR","U35.7.20260822.16","10375946","82,500"
"96802","MUHAMMAD ADUN","REGULER","BR","U35.7.20260822.16","10472020","45,000"
"96802","MUHAMMAD ADUN","REGULER","BD","U35.8.20260822.13","10626145","0"
"96802","MUHAMMAD ADUN","REGULER","BR","35.78.20260823.19","10132781","10,500"
"96802","MUHAMMAD ADUN","SPECIAL","BF","U35.3.20260823.15","10568728","100,000"
"96802","MUHAMMAD ADUN","KHUSUS","BA","U35.7.20260823.1","10654749","243,225"
"96802","MUHAMMAD ADUN","REGULER","BI","35.78.20260824.33","10674428","1,200"
"96802","MUHAMMAD ADUN","SPECIAL","BG","U35.10.20260824.2","10607765","10,000"
"96802","MUHAMMAD ADUN","REGULER","BQ","35.78.20260825.12","10410105","11,000"
"96802","MUHAMMAD ADUN","REGULER","BI","35.78.20260825.33","10569971","1,200"
"96802","MUHAMMAD ADUN","REGULER","BR","35.78.20260825.45","10412636","9,000"
"96802","MUHAMMAD ADUN","REGULER","BD","35.78.20260825.50","10425283","5,000"
"96802","MUHAMMAD ADUN","REGULER","BI","35.78.20260825.59","","60,000"
"96802","MUHAMMAD ADUN","REGULER","BI","35.78.20260825.9","","1,200"
"96802","MUHAMMAD ADUN","KHUSUS","BA","U35.13.20260825.27","10680479","48,550"
"96802","MUHAMMAD ADUN","BOOSTER AGT 2026 - FURNI","BI","U35.4.20260825.11","10690168","45,000"
"96802","MUHAMMAD ADUN","REGULER","BP","U35.4.20260825.2","10590531","48,000"
"96802","MUHAMMAD ADUN","REGULER","BQ","U35.4.20260825.20","10499721","20,000"
"96802","MUHAMMAD ADUN","SPECIAL","BF","U35.4.20260825.22","10648126","150,000"
"96802","MUHAMMAD ADUN","SPECIAL","BG","U35.4.20260825.7","10577270","100,000"
"96802","MUHAMMAD ADUN","REGULER","BI","U35.6.20260825.2","10676347","21,600"
"96802","MUHAMMAD ADUN","REGULER","BI","U35.6.20260825.2","10641555","8,400"
"96802","MUHAMMAD ADUN","REGULER","BI","U35.6.20260825.2","10643798","0"
"96802","MUHAMMAD ADUN","REGULER","BD","U35.7.20260825.5","10564572","85,000"
"96802","MUHAMMAD ADUN","REGULER","BC","U35.8.20260825.7","10559282","65,000"
"96802","MUHAMMAD ADUN","REGULER","BI","35.78.20260826.18","10552061","1,200"
"96802","MUHAMMAD ADUN","REGULER","BJ","35.78.20260826.20","10695143","8,000"
"96802","MUHAMMAD ADUN","SPECIAL","BF","U35.3.20260827.5","10490261","25,000"
"96802","MUHAMMAD ADUN","REGULER","BI","35.78.20260831.45","10569969","1,200"
"195002","DESTA PUJA DINATA","REGULER","BI","35.4.20260801.47","10569971","1,200"
"195002","DESTA PUJA DINATA","REGULER","BN","35.6.20260801.24","10556635","2,000"
"195002","DESTA PUJA DINATA","REGULER","BD","U35.8.20260801.7","10621902","35,000"
"195002","DESTA PUJA DINATA","SPECIAL","BJ","35.6.20260802.39","","3,000"
"195002","DESTA PUJA DINATA","SPECIAL","BJ","35.6.20260802.39","","2,000"
"195002","DESTA PUJA DINATA","KHUSUS","BA","U35.3.20260802.8","10609315","270,261"
"195002","DESTA PUJA DINATA","REGULER","BD","U35.3.20260802.9","10138337","3,000"
"195002","DESTA PUJA DINATA","REGULER","BD","U35.3.20260802.9","10227122","30,000"
"195002","DESTA PUJA DINATA","REGULER","BD","U35.3.20260802.9","10606866","5,000"
"195002","DESTA PUJA DINATA","REGULER","BO","35.10.20260805.18","10632600","1,000"
"195002","DESTA PUJA DINATA","REGULER","BF","35.13.20260805.4","10640938","5,000"
"195002","DESTA PUJA DINATA","SPECIAL","BJ","35.13.20260806.20","10697902","20,000"
"195002","DESTA PUJA DINATA","REGULER","BR","35.4.20260808.12","10583164","21,000"
"195002","DESTA PUJA DINATA","REGULER","BQ","U35.4.20260808.16","10499718","20,000"
"195002","DESTA PUJA DINATA","REGULER","BR","U35.4.20260808.16","10570194","9,000"
"195002","DESTA PUJA DINATA","REGULER","BB","U35.4.20260808.7","10442074","13,000"
"195002","DESTA PUJA DINATA","REGULER","BB","U35.4.20260808.7","10442073","9,000"
"195002","DESTA PUJA DINATA","REGULER","BQ","U35.3.20260809.13","10564050","35,000"
"195002","DESTA PUJA DINATA","REGULER","BP","U35.3.20260809.13","10692506","120,000"
"195002","DESTA PUJA DINATA","REGULER","BA","U35.3.20260809.13","10191554","35,000"
"195002","DESTA PUJA DINATA","REGULER","BQ","U35.3.20260809.13","10642397","105,000"
"195002","DESTA PUJA DINATA","REGULER","BR","U35.3.20260809.13","10641430","45,000"
"195002","DESTA PUJA DINATA","BOOSTER AGT 2026 - FURNI","BQ","U35.3.20260809.13","10564050","50,000"
"195002","DESTA PUJA DINATA","REGULER","BR","U35.4.20260809.23","10589330","30,000"
"195002","DESTA PUJA DINATA","REGULER","BJ","35.4.20260810.13","10695144","30,000"
"195002","DESTA PUJA DINATA","REGULER","BJ","35.4.20260810.13","10694989","8,000"
"195002","DESTA PUJA DINATA","REGULER","BJ","35.4.20260810.13","10712349","8,000"
"195002","DESTA PUJA DINATA","REGULER","BJ","35.4.20260810.13","10680630","25,000"
"195002","DESTA PUJA DINATA","SPECIAL","BJ","35.4.20260810.13","10515575","0"
"195002","DESTA PUJA DINATA","SPECIAL","BJ","35.4.20260810.13","","4,000"
"195002","DESTA PUJA DINATA","SPECIAL","BJ","35.4.20260810.13","10572380","5,000"
"195002","DESTA PUJA DINATA","SPECIAL","BJ","35.4.20260810.13","10572381","5,000"
"195002","DESTA PUJA DINATA","SPECIAL","BJ","35.4.20260810.13","","6,000"
"195002","DESTA PUJA DINATA","REGULER","BO","35.8.20260810.10","10441472","1,000"
"195002","DESTA PUJA DINATA","REGULER","BO","35.8.20260810.10","10523704","0"
"195002","DESTA PUJA DINATA","REGULER","BM","35.6.20260817.9","10052703","5,000"
"195002","DESTA PUJA DINATA","SPECIAL","BJ","U35.13.20260817.12","10470621","10,000"
"195002","DESTA PUJA DINATA","SPECIAL","BJ","U35.13.20260817.12","","3,000"
"195002","DESTA PUJA DINATA","REGULER","BI","35.4.20260819.14","","4,800"
"195002","DESTA PUJA DINATA","REGULER","BI","35.4.20260819.14","","6,000"
"195002","DESTA PUJA DINATA","REGULER","BI","35.4.20260819.15","10705769","3,600"
"195002","DESTA PUJA DINATA","SPECIAL","BH","U35.7.20260819.11","10622144","150,000"
"195002","DESTA PUJA DINATA","REGULER","BM","U35.7.20260819.12","10568181","2,000"
"195002","DESTA PUJA DINATA","REGULER","BM","U35.7.20260819.12","10132201","2,000"
"195002","DESTA PUJA DINATA","SPECIAL","BJ","35.4.20260822.3","10651143","2,000"
"195002","DESTA PUJA DINATA","REGULER","BG","35.3.20260823.11","10022136","3,000"
"195002","DESTA PUJA DINATA","REGULER","BK","35.4.20260823.11","10616481","6,000"
"195002","DESTA PUJA DINATA","REGULER","BI","35.4.20260823.52","10610220","2,400"
"195002","DESTA PUJA DINATA","REGULER","BO","35.6.20260823.28","10568757","2,000"
"195002","DESTA PUJA DINATA","REGULER","BK","35.6.20260823.40","10499502","12,000"
"195002","DESTA PUJA DINATA","REGULER","BK","35.6.20260823.40","10607408","2,400"
"195002","DESTA PUJA DINATA","BOOSTER AGT 2026 - ACCS","BK","35.6.20260823.40","10499502",""
"195002","DESTA PUJA DINATA","BOOSTER AGT 2026 - ACCS","BK","35.6.20260823.40","10607408",""
"195002","DESTA PUJA DINATA","REGULER","BP","U35.4.20260823.24","10538493","24,000"
"195002","DESTA PUJA DINATA","REGULER","BQ","U35.4.20260823.24","10607957","10,000"
"195002","DESTA PUJA DINATA","REGULER","BF","U35.4.20260823.36","10629265","50,000"
"195002","DESTA PUJA DINATA","REGULER","BR","U35.4.20260823.37","10186604","21,000"
"195002","DESTA PUJA DINATA","REGULER","BB","35.10.20260825.4","10632870","18,000"
"195002","DESTA PUJA DINATA","SPECIAL","BF","U35.4.20260825.17","10708980","50,000"
"195002","DESTA PUJA DINATA","REGULER","BG","35.13.20260827.1","10559894","11,000"
"195002","DESTA PUJA DINATA","SPECIAL","BJ","35.13.20260827.7","10697902","20,000"
"195002","DESTA PUJA DINATA","SPECIAL","BJ","35.13.20260827.7","10697903","40,000"
"195002","DESTA PUJA DINATA","SPECIAL","BJ","35.4.20260829.7","10190612","5,000"
"195002","DESTA PUJA DINATA","REGULER","BD","U35.7.20260829.3","10587670","1,000"
"195002","DESTA PUJA DINATA","REGULER","BB","U35.7.20260829.3","10442891","30,000"
"195002","DESTA PUJA DINATA","SPECIAL","BJ","35.13.20260830.35","10705260","10,000"
"195002","DESTA PUJA DINATA","REGULER","BI","35.4.20260830.24","10376561","0"
"195002","DESTA PUJA DINATA","REGULER","BM","35.4.20260830.24","10493993","2,000"
"195002","DESTA PUJA DINATA","REGULER","BM","35.4.20260830.24","10659345","1,000"
"195002","DESTA PUJA DINATA","SPECIAL","BJ","35.4.20260830.24","10708016","25,000"
"195002","DESTA PUJA DINATA","REGULER","BM","35.4.20260830.34","10021016","2,000"
"195002","DESTA PUJA DINATA","REGULER","BM","35.4.20260830.34","10132201","2,000"
"195002","DESTA PUJA DINATA","SPECIAL","BJ","35.4.20260830.44","10603214","75,000"
"195002","DESTA PUJA DINATA","SPECIAL","BJ","35.6.20260830.54","10664234","30,000"
"195002","DESTA PUJA DINATA","REGULER","BF","U35.13.20260830.17","10689226","25,000"
"195002","DESTA PUJA DINATA","REGULER","BD","U35.4.20260830.10","10580404","25,000"
"195002","DESTA PUJA DINATA","REGULER","BB","U35.4.20260830.5","10551204","17,000"
"195002","DESTA PUJA DINATA","REGULER","BF","U35.4.20260830.5","10567427","16,000"
"195002","DESTA PUJA DINATA","SPECIAL","BJ","35.4.20260831.4","10614677","75,000"
"195002","DESTA PUJA DINATA","REGULER","BF","U35.4.20260831.4","10605629","25,000"
"195002","DESTA PUJA DINATA","REGULER","BF","U35.4.20260831.4","10413263","16,000"
"195002","DESTA PUJA DINATA","REGULER","BF","U35.4.20260831.4","10571555","30,000"
"182109","BAGAS PRAYOGA","REGULER","BJ","35.13.20260801.45","10664236","8,000"
"182109","BAGAS PRAYOGA","REGULER","BK","35.10.20260802.12","10242104","2,400"
"182109","BAGAS PRAYOGA","SPECIAL","BN","35.10.20260802.12","10259789","5,000"
"182109","BAGAS PRAYOGA","BOOSTER AGT 2026 - ACCS","BK","35.10.20260802.12","10133159",""
"182109","BAGAS PRAYOGA","BOOSTER AGT 2026 - ACCS","BK","35.10.20260802.12","10242104",""
"182109","BAGAS PRAYOGA","BOOSTER AGT 2026 - ACCS","BK","35.10.20260802.12","",""
"182109","BAGAS PRAYOGA","BOOSTER AGT 2026 - ACCS","BK","35.10.20260802.12","",""
"182109","BAGAS PRAYOGA","BOOSTER AGT 2026 - ACCS","BK","35.10.20260802.12","",""
"182109","BAGAS PRAYOGA","BOOSTER AGT 2026 - ACCS","BK","35.10.20260802.12","",""
"182109","BAGAS PRAYOGA","REGULER","BN","35.3.20260803.17","10138852","1,000"
"182109","BAGAS PRAYOGA","REGULER","BN","35.3.20260803.20","10364609","1,000"
"182109","BAGAS PRAYOGA","REGULER","BN","35.7.20260803.14","10550648","3,000"
"182109","BAGAS PRAYOGA","REGULER","BB","U35.13.20260803.7","10671376","25,000"
"182109","BAGAS PRAYOGA","REGULER","BP","U35.13.20260803.7","10597834","30,000"
"182109","BAGAS PRAYOGA","SPECIAL","BJ","35.6.20260807.5","10568164","10,000"
"182109","BAGAS PRAYOGA","REGULER","AE","U35.0.20260807.1","10539641","-30,000"
"182109","BAGAS PRAYOGA","REGULER","E","35.0.20260808.1","10593845","-30,000"
"182109","BAGAS PRAYOGA","REGULER","E","35.0.20260808.1","10498203","-11,000"
"182109","BAGAS PRAYOGA","SPECIAL","BJ","35.13.20260808.28","","3,000"
"182109","BAGAS PRAYOGA","REGULER","BI","35.4.20260808.7","10552061","1,200"
"182109","BAGAS PRAYOGA","REGULER","BD","U35.13.20260808.1","10589423","115,000"
"182109","BAGAS PRAYOGA","REGULER","BP","U35.7.20260808.1","10672451","14,400"
"182109","BAGAS PRAYOGA","REGULER","BP","U35.7.20260808.1","10593845","36,000"
"182109","BAGAS PRAYOGA","REGULER","BI","35.13.20260809.22","10702670","6,000"
"182109","BAGAS PRAYOGA","REGULER","BI","35.13.20260809.22","10679248","1,200"
"182109","BAGAS PRAYOGA","REGULER","BI","35.13.20260809.22","10702672","6,000"
"182109","BAGAS PRAYOGA","REGULER","BI","35.13.20260809.22","10679350","1,200"
"182109","BAGAS PRAYOGA","REGULER","BI","35.4.20260809.2","10569971","1,200"
"182109","BAGAS PRAYOGA","REGULER","BI","35.4.20260809.2","10569972","1,200"
"182109","BAGAS PRAYOGA","REGULER","BI","35.4.20260809.2","","1,200"
"182109","BAGAS PRAYOGA","REGULER","BI","U35.4.20260809.2","10607036","13,200"
"182109","BAGAS PRAYOGA","REGULER","BM","35.13.20260813.15","10588841","2,000"
"182109","BAGAS PRAYOGA","REGULER","BI","35.13.20260813.19","10607039","10,800"
"182109","BAGAS PRAYOGA","REGULER","BN","35.3.20260813.15","10508195","3,000"
"182109","BAGAS PRAYOGA","REGULER","BE","U35.7.20260813.2","10629899","65,000"
"182109","BAGAS PRAYOGA","REGULER","BR","35.13.20260815.32","10412636","3,000"
"182109","BAGAS PRAYOGA","REGULER","BI","35.13.20260815.35","","1,200"
"182109","BAGAS PRAYOGA","SPECIAL","BJ","35.4.20260815.35","10190619","6,000"
"182109","BAGAS PRAYOGA","REGULER","BE","U35.3.20260815.14","10421628","45,000"
"182109","BAGAS PRAYOGA","REGULER","BP","U35.6.20260815.8","10509698","16,800"
"182109","BAGAS PRAYOGA","REGULER","BB","U35.6.20260815.8","10350226","10,000"
"182109","BAGAS PRAYOGA","REGULER","BA","U35.6.20260815.8","10574621","50,000"
"182109","BAGAS PRAYOGA","REGULER","BM","35.8.20260816.29","10659343","1,000"
"182109","BAGAS PRAYOGA","REGULER","BO","35.8.20260816.34","10682385","0"
"182109","BAGAS PRAYOGA","REGULER","BC","U35.10.20260816.2","10698311","55,000"
"182109","BAGAS PRAYOGA","REGULER","BP","U35.10.20260816.2","10647092","54,000"
"182109","BAGAS PRAYOGA","REGULER","BC","U35.10.20260816.2","","30,000"
"182109","BAGAS PRAYOGA","REGULER","BF","U35.10.20260816.2","10567427","30,000"
"182109","BAGAS PRAYOGA","SPECIAL","BF","U35.10.20260816.2","10601781","140,000"
"182109","BAGAS PRAYOGA","REGULER","BB","35.10.20260821.12","10576295","9,000"
"182109","BAGAS PRAYOGA","REGULER","BK","35.10.20260821.12","10614148","2,400"
"182109","BAGAS PRAYOGA","REGULER","BI","35.4.20260822.19","","4,800"
"182109","BAGAS PRAYOGA","REGULER","BK","35.8.20260822.29","10619310","7,200"
"182109","BAGAS PRAYOGA","REGULER","BK","35.8.20260822.29","10631394","2,400"
"182109","BAGAS PRAYOGA","BOOSTER AGT 2026 - ACCS","BK","35.8.20260822.29","10619310",""
"182109","BAGAS PRAYOGA","BOOSTER AGT 2026 - ACCS","BK","35.8.20260822.29","10631394",""
"182109","BAGAS PRAYOGA","BOOSTER AGT 2026 - ACCS","BK","35.8.20260822.29","",""
"182109","BAGAS PRAYOGA","REGULER","BB","U35.13.20260822.11","10593091","40,000"
"182109","BAGAS PRAYOGA","REGULER","BP","U35.13.20260822.11","10098317","14,400"
"182109","BAGAS PRAYOGA","REGULER","BP","U35.13.20260822.11","10625057","19,200"
"182109","BAGAS PRAYOGA","REGULER","BK","U35.13.20260822.11","10616482","12,000"
"182109","BAGAS PRAYOGA","REGULER","BR","U35.13.20260822.11","10472830","60,000"
"182109","BAGAS PRAYOGA","BOOSTER AGT 2026 - ACCS","BK","U35.13.20260822.11","10616482","25,000"
"182109","BAGAS PRAYOGA","SPECIAL","BJ","35.13.20260823.37","10642999","25,000"
"182109","BAGAS PRAYOGA","REGULER","BN","35.3.20260823.33","10547532","2,000"
"182109","BAGAS PRAYOGA","SPECIAL","BN","35.3.20260823.33","10675109","10,000"
"182109","BAGAS PRAYOGA","REGULER","BG","U35.13.20260823.20","10566221","20,000"
"182109","BAGAS PRAYOGA","BOOSTER AGT 2026 - FURNI","BI","U35.13.20260823.20","10632258","30,000"
"182109","BAGAS PRAYOGA","REGULER","BB","U35.6.20260823.2","10648562","30,000"
"182109","BAGAS PRAYOGA","REGULER","BN","35.7.20260825.25","10612063","1,000"
"182109","BAGAS PRAYOGA","SPECIAL","BF","U35.3.20260825.1","10624204","30,000"
"182109","BAGAS PRAYOGA","REGULER","BD","U35.3.20260825.15","10435137","0"
"182109","BAGAS PRAYOGA","REGULER","BD","U35.3.20260825.16","10435137","0"
"182109","BAGAS PRAYOGA","REGULER","BD","U35.3.20260825.17","10435137","0"
"182109","BAGAS PRAYOGA","REGULER","BR","U35.0.20260826.2","10720493","-75,000"
"182109","BAGAS PRAYOGA","REGULER","BP","U35.0.20260826.2","10581768","-42,000"
"182109","BAGAS PRAYOGA","REGULER","BP","U35.0.20260826.2","10581853","-36,000"
"182109","BAGAS PRAYOGA","SPECIAL","BB","U35.0.20260826.2","10213478","-80,000"
"182109","BAGAS PRAYOGA","BOOSTER AGT 2026 - FURNI","BP","U35.0.20260826.2","10581768","-50,000"
"182109","BAGAS PRAYOGA","REGULER","BP","U35.6.20260826.2","10581768","42,000"
"182109","BAGAS PRAYOGA","REGULER","BR","U35.6.20260826.2","10720493","75,000"
"182109","BAGAS PRAYOGA","REGULER","BP","U35.6.20260826.2","10581853","36,000"
"182109","BAGAS PRAYOGA","SPECIAL","BB","U35.6.20260826.2","10213478","80,000"
"182109","BAGAS PRAYOGA","BOOSTER AGT 2026 - FURNI","BP","U35.6.20260826.2","10581768","50,000"
"182109","BAGAS PRAYOGA","SPECIAL","BL","U35.6.20260826.3","10642169","70,000"
"182109","BAGAS PRAYOGA","BOOSTER AGT 2026 - ACCS","BL","U35.6.20260826.3","10642169","75,000"
"182109","BAGAS PRAYOGA","REGULER","BP","U35.7.20260826.2","10581768","42,000"
"182109","BAGAS PRAYOGA","REGULER","BR","U35.7.20260826.2","10720493","75,000"
"182109","BAGAS PRAYOGA","REGULER","BP","U35.7.20260826.2","10581853","36,000"
"182109","BAGAS PRAYOGA","SPECIAL","BB","U35.7.20260826.2","10213478","80,000"
"182109","BAGAS PRAYOGA","BOOSTER AGT 2026 - FURNI","BP","U35.7.20260826.2","10581768","50,000"
"182109","BAGAS PRAYOGA","REGULER","BQ","35.13.20260828.1","10666133","20,000"
"182109","BAGAS PRAYOGA","SPECIAL","BJ","35.3.20260829.12","10647659","30,000"
"182109","BAGAS PRAYOGA","REGULER","BN","35.7.20260829.11","10624234","5,000"
"182109","BAGAS PRAYOGA","REGULER","BM","35.8.20260829.33","10547010","4,000"
"182109","BAGAS PRAYOGA","BOOSTER AGT 2026 - ACCS","BM","35.8.20260829.7","10657105","25,000"
"182109","BAGAS PRAYOGA","REGULER","BO","35.13.20260830.34","10666066","1,000"
"182109","BAGAS PRAYOGA","REGULER","BI","35.13.20260830.34","10709231","1,200"
"182109","BAGAS PRAYOGA","SPECIAL","BJ","35.4.20260830.46","10643621","30,000"
"182109","BAGAS PRAYOGA","SPECIAL","BJ","35.4.20260830.47","10697902","40,000"
"182109","BAGAS PRAYOGA","SPECIAL","BN","35.6.20260830.17","10361595","5,000"
"182109","BAGAS PRAYOGA","REGULER","BN","35.7.20260830.5","10663033","2,000"
"182109","BAGAS PRAYOGA","REGULER","BM","35.78.20260830.50","10595787","3,000"
"182109","BAGAS PRAYOGA","REGULER","BI","35.78.20260830.51","10552061","1,200"
"182109","BAGAS PRAYOGA","REGULER","BL","35.78.20260830.53","10488933","3,000"
"182109","BAGAS PRAYOGA","REGULER","BK","35.78.20260830.54","10574119","3,600"
"182109","BAGAS PRAYOGA","REGULER","BM","35.8.20260830.15","10490288","4,000"
"182109","BAGAS PRAYOGA","REGULER","BK","35.7.20260831.5","10463226","2,400"
"182109","BAGAS PRAYOGA","REGULER","BN","35.7.20260831.5","10437852","1,000"
"182109","BAGAS PRAYOGA","BOOSTER AGT 2026 - ACCS","BK","35.7.20260831.5","10463226",""
"182109","BAGAS PRAYOGA","BOOSTER AGT 2026 - ACCS","BK","35.7.20260831.5","10487395",""
"182109","BAGAS PRAYOGA","BOOSTER AGT 2026 - ACCS","BK","35.7.20260831.5","10490262",""
"182109","BAGAS PRAYOGA","BOOSTER AGT 2026 - ACCS","BK","35.7.20260831.5","10656084",""
"182109","BAGAS PRAYOGA","BOOSTER AGT 2026 - ACCS","BK","35.7.20260831.5","10656086",""
"182109","BAGAS PRAYOGA","SPECIAL","BN","35.78.20260831.10","10103386","1,000"
"182109","BAGAS PRAYOGA","REGULER","BO","35.78.20260831.11","10570203","1,000"
"182109","BAGAS PRAYOGA","REGULER","BM","35.78.20260831.12","10699168","4,000"
"182109","BAGAS PRAYOGA","REGULER","BM","35.78.20260831.13","10594886","3,000"
"182109","BAGAS PRAYOGA","REGULER","BM","35.78.20260831.14","10161037","2,000"
"182109","BAGAS PRAYOGA","SPECIAL","BJ","35.78.20260831.2","10661877","11,000"
"182109","BAGAS PRAYOGA","REGULER","BL","35.78.20260831.22","10081545","2,000"
"182109","BAGAS PRAYOGA","REGULER","BM","35.78.20260831.24","10102966","3,000"
"184963","ADIT KURNIAWAN","REGULER","BO","35.10.20260801.36","10506858","0"
"184963","ADIT KURNIAWAN","REGULER","BO","35.10.20260801.36","10180482","8,000"
"184963","ADIT KURNIAWAN","BOOSTER AGT 2026 - ACCS","BK","35.6.20260801.39","","25,000"
"184963","ADIT KURNIAWAN","REGULER","BL","35.8.20260801.23","10515705","3,000"
"184963","ADIT KURNIAWAN","REGULER","BK","35.8.20260801.44","10646331","2,400"
"184963","ADIT KURNIAWAN","REGULER","BK","35.8.20260801.44","10457868","2,400"
"184963","ADIT KURNIAWAN","REGULER","BF","U35.8.20260801.10","10666994","8,000"
"184963","ADIT KURNIAWAN","REGULER","BF","U35.8.20260801.10","10507588","14,000"
"184963","ADIT KURNIAWAN","REGULER","BL","U35.8.20260801.10","10680480","3,000"
"184963","ADIT KURNIAWAN","SPECIAL","BG","U35.8.20260801.10","10532222","80,000"
"184963","ADIT KURNIAWAN","SPECIAL","BJ","35.13.20260802.2","","6,000"
"184963","ADIT KURNIAWAN","REGULER","BK","35.6.20260802.56","10179588","0"
"184963","ADIT KURNIAWAN","REGULER","BK","35.6.20260802.56","10219845","0"
"184963","ADIT KURNIAWAN","REGULER","BN","35.3.20260807.8","10426498","2,000"
"184963","ADIT KURNIAWAN","REGULER","BN","35.3.20260807.8","10187945","6,000"
"184963","ADIT KURNIAWAN","REGULER","BM","35.3.20260807.8","10096000","0"
"184963","ADIT KURNIAWAN","REGULER","BI","35.3.20260807.8","10419571","1,200"
"184963","ADIT KURNIAWAN","REGULER","BI","35.3.20260807.8","10674428","1,200"
"184963","ADIT KURNIAWAN","REGULER","BN","35.3.20260807.8","10547542","8,000"
"184963","ADIT KURNIAWAN","SPECIAL","BN","35.3.20260807.8","10644134","0"
"184963","ADIT KURNIAWAN","SPECIAL","BN","35.3.20260807.8","10644138","9,000"
"184963","ADIT KURNIAWAN","BOOSTER AGT 2026 - ACCS","BM","35.3.20260807.8","10096000",""
"184963","ADIT KURNIAWAN","BOOSTER AGT 2026 - ACCS","BM","35.3.20260807.8","10446541",""
"184963","ADIT KURNIAWAN","BOOSTER AGT 2026 - ACCS","BM","35.3.20260807.8","10583694",""
"184963","ADIT KURNIAWAN","SPECIAL","BN","35.3.20260807.9","10675110","20,000"
"184963","ADIT KURNIAWAN","REGULER","BM","35.6.20260807.10","10493989","2,000"
"184963","ADIT KURNIAWAN","REGULER","BO","35.6.20260807.14","10644142","0"
"184963","ADIT KURNIAWAN","REGULER","BR","U35.10.20260809.13","10672854","22,500"
"184963","ADIT KURNIAWAN","REGULER","BB","U35.10.20260809.13","10591160","25,000"
"184963","ADIT KURNIAWAN","REGULER","BK","35.6.20260810.9","10482976","0"
"184963","ADIT KURNIAWAN","REGULER","BN","35.3.20260812.8","10187945","2,000"
"184963","ADIT KURNIAWAN","REGULER","BK","35.8.20260812.23","10546453","8,400"
"184963","ADIT KURNIAWAN","BOOSTER AGT 2026 - ACCS","BK","35.8.20260812.23","10546452",""
"184963","ADIT KURNIAWAN","BOOSTER AGT 2026 - ACCS","BK","35.8.20260812.23","10546453",""
"184963","ADIT KURNIAWAN","REGULER","BK","35.8.20260812.27","10639319","4,800"
"184963","ADIT KURNIAWAN","REGULER","BK","35.8.20260812.6","10639315","21,600"
"184963","ADIT KURNIAWAN","BOOSTER AGT 2026 - ACCS","BK","35.8.20260812.6","10639315","50,000"
"184963","ADIT KURNIAWAN","REGULER","BK","35.3.20260815.9","10576115","3,600"
"184963","ADIT KURNIAWAN","REGULER","BI","35.7.20260815.7","","1,200"
"184963","ADIT KURNIAWAN","REGULER","BN","35.7.20260815.8","10541167","2,000"
"184963","ADIT KURNIAWAN","REGULER","BN","35.7.20260815.8","10547533","2,000"
"184963","ADIT KURNIAWAN","REGULER","BK","35.8.20260815.32","10616482","6,000"
"184963","ADIT KURNIAWAN","REGULER","BK","35.8.20260815.7","10667049","7,200"
"184963","ADIT KURNIAWAN","KHUSUS","BA","U35.7.20260815.3","10632155","135,126"
"184963","ADIT KURNIAWAN","BOOSTER AGT 2026 - FURNI","BA","U35.7.20260815.3","10632155","150,000"
"184963","ADIT KURNIAWAN","REGULER","BK","35.6.20260816.14","10604480","3,600"
"184963","ADIT KURNIAWAN","REGULER","BQ","U35.4.20260816.1","10588755","13,000"
"184963","ADIT KURNIAWAN","REGULER","BP","U35.4.20260816.1","10428564","19,200"
"184963","ADIT KURNIAWAN","REGULER","BM","U35.8.20260816.17","10077743","1,000"
"184963","ADIT KURNIAWAN","REGULER","BM","U35.8.20260816.17","10021017","2,000"
"184963","ADIT KURNIAWAN","REGULER","BB","U35.8.20260816.17","10409410","18,000"
"184963","ADIT KURNIAWAN","REGULER","BL","U35.8.20260816.17","10609796","6,000"
"184963","ADIT KURNIAWAN","REGULER","BM","35.10.20260817.36","10420957","2,000"
"184963","ADIT KURNIAWAN","REGULER","BK","35.6.20260817.20","10453348","2,400"
"184963","ADIT KURNIAWAN","REGULER","BK","35.8.20260817.32","10453341","0"
"184963","ADIT KURNIAWAN","REGULER","BL","35.8.20260817.32","10550394","3,000"
"184963","ADIT KURNIAWAN","REGULER","BK","35.8.20260817.32","10210679","0"
"184963","ADIT KURNIAWAN","REGULER","BK","35.8.20260817.32","10210700","0"
"184963","ADIT KURNIAWAN","REGULER","BK","35.8.20260817.32","10367682","0"
"184963","ADIT KURNIAWAN","REGULER","BK","35.8.20260817.32","10219846","0"
"184963","ADIT KURNIAWAN","BOOSTER AGT 2026 - ACCS","BK","35.8.20260817.32","10193102",""
"184963","ADIT KURNIAWAN","BOOSTER AGT 2026 - ACCS","BK","35.8.20260817.32","10210679",""
"184963","ADIT KURNIAWAN","BOOSTER AGT 2026 - ACCS","BK","35.8.20260817.32","10210700",""
"184963","ADIT KURNIAWAN","BOOSTER AGT 2026 - ACCS","BK","35.8.20260817.32","10219846",""
"184963","ADIT KURNIAWAN","BOOSTER AGT 2026 - ACCS","BK","35.8.20260817.32","10367682",""
"184963","ADIT KURNIAWAN","BOOSTER AGT 2026 - ACCS","BK","35.8.20260817.32","10656083",""
"184963","ADIT KURNIAWAN","BOOSTER AGT 2026 - ACCS","BK","35.8.20260817.32","10656084",""
"184963","ADIT KURNIAWAN","REGULER","BK","35.8.20260817.33","10600202","2,400"
"184963","ADIT KURNIAWAN","REGULER","BK","35.8.20260817.33","10646331","0"
"184963","ADIT KURNIAWAN","REGULER","BC","U35.8.20260817.16","10677518","15,000"
"184963","ADIT KURNIAWAN","REGULER","BM","35.6.20260819.23","10704299","4,000"
"184963","ADIT KURNIAWAN","REGULER","BD","U35.8.20260823.13","10658986","50,000"
"184963","ADIT KURNIAWAN","KHUSUS","BA","U35.8.20260823.13","10646592","171,162"
"184963","ADIT KURNIAWAN","REGULER","BQ","U35.3.20260825.7","10607957","10,000"
"184963","ADIT KURNIAWAN","REGULER","BK","35.8.20260828.5","10454537","6,000"
"184963","ADIT KURNIAWAN","REGULER","BM","35.8.20260828.5","10569747","4,000"
"184963","ADIT KURNIAWAN","REGULER","BM","35.8.20260828.5","10569748","8,000"
"184963","ADIT KURNIAWAN","REGULER","BM","35.8.20260828.5","10547007","2,000"
"184963","ADIT KURNIAWAN","REGULER","BK","35.8.20260828.5","10576114","3,600"
"184963","ADIT KURNIAWAN","REGULER","BK","35.8.20260828.5","10509900","2,400"
"184963","ADIT KURNIAWAN","REGULER","BK","35.8.20260828.5","10560804","8,400"
"184963","ADIT KURNIAWAN","REGULER","BK","35.8.20260828.5","10560808","4,800"
"184963","ADIT KURNIAWAN","REGULER","BK","35.8.20260828.5","10467899","1,200"
"184963","ADIT KURNIAWAN","REGULER","BK","35.8.20260828.5","10166393","7,200"
"184963","ADIT KURNIAWAN","SPECIAL","BN","35.8.20260828.5","10065126","8,000"
"184963","ADIT KURNIAWAN","SPECIAL","BN","35.8.20260828.5","10052867","4,000"
"184963","ADIT KURNIAWAN","BOOSTER AGT 2026 - ACCS","BK","35.8.20260828.5","10151108",""
"184963","ADIT KURNIAWAN","BOOSTER AGT 2026 - ACCS","BK","35.8.20260828.5","10166393",""
"184963","ADIT KURNIAWAN","BOOSTER AGT 2026 - ACCS","BK","35.8.20260828.5","10349959",""
"184963","ADIT KURNIAWAN","BOOSTER AGT 2026 - ACCS","BK","35.8.20260828.5","10349961",""
"184963","ADIT KURNIAWAN","BOOSTER AGT 2026 - ACCS","BK","35.8.20260828.5","10454537",""
"184963","ADIT KURNIAWAN","BOOSTER AGT 2026 - ACCS","BK","35.8.20260828.5","10467899",""
"184963","ADIT KURNIAWAN","BOOSTER AGT 2026 - ACCS","BK","35.8.20260828.5","10509900",""
"184963","ADIT KURNIAWAN","BOOSTER AGT 2026 - ACCS","BK","35.8.20260828.5","10560804",""
"184963","ADIT KURNIAWAN","BOOSTER AGT 2026 - ACCS","BK","35.8.20260828.5","10560808",""
"184963","ADIT KURNIAWAN","BOOSTER AGT 2026 - ACCS","BK","35.8.20260828.5","10576114",""
"184963","ADIT KURNIAWAN","BOOSTER AGT 2026 - ACCS","BK","35.8.20260828.5","10580752",""
"184963","ADIT KURNIAWAN","BOOSTER AGT 2026 - ACCS","BL","35.8.20260828.5","10632136",""
"184963","ADIT KURNIAWAN","BOOSTER AGT 2026 - ACCS","BL","35.8.20260828.5","10632137",""
"184963","ADIT KURNIAWAN","BOOSTER AGT 2026 - ACCS","BL","35.8.20260828.5","10659660",""
"184963","ADIT KURNIAWAN","BOOSTER AGT 2026 - ACCS","BL","35.8.20260828.5","10679866",""
"184963","ADIT KURNIAWAN","BOOSTER AGT 2026 - ACCS","BM","35.8.20260828.5","10547007",""
"184963","ADIT KURNIAWAN","BOOSTER AGT 2026 - ACCS","BM","35.8.20260828.5","10555901",""
"184963","ADIT KURNIAWAN","BOOSTER AGT 2026 - ACCS","BM","35.8.20260828.5","10555902",""
"184963","ADIT KURNIAWAN","BOOSTER AGT 2026 - ACCS","BM","35.8.20260828.5","10569747",""
"184963","ADIT KURNIAWAN","BOOSTER AGT 2026 - ACCS","BM","35.8.20260828.5","10569748",""
"184963","ADIT KURNIAWAN","REGULER","BF","U35.13.20260828.7","10604929","3,000"
"184963","ADIT KURNIAWAN","REGULER","BB","U35.13.20260828.7","10573845","3,000"
"184963","ADIT KURNIAWAN","REGULER","BA","U35.10.20260830.19","10514059","150,000"
"184963","ADIT KURNIAWAN","REGULER","BD","U35.10.20260830.19","10510603","110,000"
"184963","ADIT KURNIAWAN","REGULER","BA","U35.8.20260831.6","10514058","150,000"
"194974","DANIEL FEBRIAN","REGULER","BI","35.13.20260801.30","10376561","0"
"194974","DANIEL FEBRIAN","REGULER","BI","35.13.20260801.30","10376563","0"
"194974","DANIEL FEBRIAN","REGULER","BI","35.13.20260801.30","10376557","0"
"194974","DANIEL FEBRIAN","SPECIAL","BJ","35.13.20260801.41","10560149","2,000"
"194974","DANIEL FEBRIAN","REGULER","BO","35.8.20260801.53","10644511","1,000"
"194974","DANIEL FEBRIAN","REGULER","BQ","U35.13.20260801.15","10490463","30,000"
"194974","DANIEL FEBRIAN","REGULER","BD","U35.13.20260802.12","10587668","3,000"
"194974","DANIEL FEBRIAN","REGULER","BP","U35.13.20260802.12","10593844","36,000"
"194974","DANIEL FEBRIAN","REGULER","BP","U35.4.20260802.4","10485312","19,200"
"194974","DANIEL FEBRIAN","REGULER","BQ","U35.4.20260802.4","10490463","30,000"
"194974","DANIEL FEBRIAN","REGULER","BG","35.4.20260803.11","10469825","14,000"
"194974","DANIEL FEBRIAN","REGULER","BR","35.4.20260803.4","10565987","7,500"
"194974","DANIEL FEBRIAN","REGULER","BC","U35.6.20260803.12","10698311","60,000"
"194974","DANIEL FEBRIAN","REGULER","BK","35.6.20260806.21","10668034","13,200"
"194974","DANIEL FEBRIAN","BOOSTER AGT 2026 - ACCS","BK","35.6.20260806.21","10668034","25,000"
"194974","DANIEL FEBRIAN","REGULER","BC","U35.10.20260809.4","10623355","85,000"
"194974","DANIEL FEBRIAN","KHUSUS","BA","U35.4.20260809.12","10680599","305,378"
"194974","DANIEL FEBRIAN","SPECIAL","BJ","35.6.20260811.19","","6,000"
"194974","DANIEL FEBRIAN","REGULER","BI","35.78.20260811.75","10670389","1,200"
"194974","DANIEL FEBRIAN","REGULER","BM","35.78.20260811.81","10659342","1,000"
"194974","DANIEL FEBRIAN","SPECIAL","BJ","35.78.20260811.83","10560143","3,000"
"194974","DANIEL FEBRIAN","REGULER","BM","35.8.20260811.11","10229516","9,000"
"194974","DANIEL FEBRIAN","BOOSTER AGT 2026 - ACCS","BK","35.8.20260811.11","10148348",""
"194974","DANIEL FEBRIAN","BOOSTER AGT 2026 - ACCS","BK","35.8.20260811.11","10208866",""
"194974","DANIEL FEBRIAN","BOOSTER AGT 2026 - ACCS","BK","35.8.20260811.11","10491800",""
"194974","DANIEL FEBRIAN","BOOSTER AGT 2026 - ACCS","BK","35.8.20260811.11","10702664",""
"194974","DANIEL FEBRIAN","BOOSTER AGT 2026 - ACCS","BK","35.8.20260811.11","",""
"194974","DANIEL FEBRIAN","BOOSTER AGT 2026 - ACCS","BK","35.8.20260811.11","",""
"194974","DANIEL FEBRIAN","BOOSTER AGT 2026 - ACCS","BK","35.8.20260811.11","",""
"194974","DANIEL FEBRIAN","BOOSTER AGT 2026 - ACCS","BK","35.8.20260811.11","",""
"194974","DANIEL FEBRIAN","BOOSTER AGT 2026 - ACCS","BK","35.8.20260811.11","",""
"194974","DANIEL FEBRIAN","BOOSTER AGT 2026 - ACCS","BL","35.8.20260811.11","10632136","25,000"
"194974","DANIEL FEBRIAN","BOOSTER AGT 2026 - ACCS","BM","35.8.20260811.11","10229516","25,000"
"194974","DANIEL FEBRIAN","REGULER","BK","35.78.20260812.14","10452200","2,400"
"194974","DANIEL FEBRIAN","REGULER","BN","35.78.20260812.17","10707523","4,000"
"194974","DANIEL FEBRIAN","REGULER","BO","35.78.20260812.18","10565507","1,000"
"194974","DANIEL FEBRIAN","REGULER","DB","35.78.20260812.21","10630934","30,000"
"194974","DANIEL FEBRIAN","BOOSTER AGT 2026 - ACCS","DB","35.78.20260812.21","10630934","60,000"
"194974","DANIEL FEBRIAN","REGULER","BO","35.78.20260812.22","10567933","0"
"194974","DANIEL FEBRIAN","REGULER","BM","35.78.20260812.33","10659343","1,000"
"194974","DANIEL FEBRIAN","REGULER","BM","35.78.20260812.39","10216754","3,000"
"194974","DANIEL FEBRIAN","REGULER","BM","35.78.20260812.5","10659342","1,000"
"194974","DANIEL FEBRIAN","SPECIAL","BF","U35.4.20260813.1","10602207","35,000"
"194974","DANIEL FEBRIAN","BOOSTER AGT 2026 - ACCS","BK","35.10.20260815.16","",""
"194974","DANIEL FEBRIAN","BOOSTER AGT 2026 - ACCS","BK","35.10.20260815.16","","548"
"194974","DANIEL FEBRIAN","BOOSTER AGT 2026 - ACCS","BK","35.10.20260815.16","",""
"194974","DANIEL FEBRIAN","BOOSTER AGT 2026 - ACCS","BK","35.10.20260815.16","",""
"194974","DANIEL FEBRIAN","REGULER","BD","35.10.20260815.17","10612730","5,000"
"194974","DANIEL FEBRIAN","REGULER","BD","U35.10.20260815.6","10098051","0"
"194974","DANIEL FEBRIAN","SPECIAL","BD","U35.10.20260815.6","10470620","0"
"194974","DANIEL FEBRIAN","REGULER","BM","35.10.20260816.9","10593568","2,000"
"194974","DANIEL FEBRIAN","REGULER","BQ","35.13.20260816.35","10549898","12,000"
"194974","DANIEL FEBRIAN","REGULER","BP","35.4.20260816.18","10622161","7,200"
"194974","DANIEL FEBRIAN","REGULER","BM","35.6.20260816.14","10593568","2,000"
"194974","DANIEL FEBRIAN","SPECIAL","BJ","35.6.20260816.14","10609633","18,000"
"194974","DANIEL FEBRIAN","REGULER","BR","U35.6.20260816.4","10082803","90,000"
"194974","DANIEL FEBRIAN","BOOSTER AGT 2026 - ACCS","BO","U35.6.20260816.4","10666306","90,000"
"194974","DANIEL FEBRIAN","REGULER","BR","U35.4.20260817.17","10275775","37,500"
"194974","DANIEL FEBRIAN","SPECIAL","BJ","35.4.20260819.16","10444666","15,000"
"194974","DANIEL FEBRIAN","REGULER","BQ","U35.13.20260819.6","10636494","11,000"
"194974","DANIEL FEBRIAN","REGULER","BK","35.4.20260821.3","10542782","2,400"
"194974","DANIEL FEBRIAN","BOOSTER AGT 2026 - ACCS","BK","35.4.20260821.3","10542782",""
"194974","DANIEL FEBRIAN","BOOSTER AGT 2026 - ACCS","BK","35.4.20260821.3","",""
"194974","DANIEL FEBRIAN","BOOSTER AGT 2026 - ACCS","BK","35.4.20260821.3","",""
"194974","DANIEL FEBRIAN","BOOSTER AGT 2026 - ACCS","BK","35.4.20260821.3","",""
"194974","DANIEL FEBRIAN","BOOSTER AGT 2026 - ACCS","BK","35.4.20260821.3","",""
"194974","DANIEL FEBRIAN","REGULER","BI","35.4.20260821.4","","2,400"
"194974","DANIEL FEBRIAN","SPECIAL","BJ","35.78.20260822.43","","6,000"
"194974","DANIEL FEBRIAN","SPECIAL","BJ","35.78.20260822.43","","6,000"
"194974","DANIEL FEBRIAN","REGULER","BN","35.78.20260822.46","10568432","1,000"
"194974","DANIEL FEBRIAN","REGULER","BL","35.78.20260822.47","10680485","5,000"
"194974","DANIEL FEBRIAN","REGULER","BO","35.7.20260823.6","10666063","1,000"
"194974","DANIEL FEBRIAN","SPECIAL","BJ","35.7.20260823.6","10560146","2,000"
"194974","DANIEL FEBRIAN","SPECIAL","BJ","35.7.20260823.6","10560073","10,000"
"194974","DANIEL FEBRIAN","SPECIAL","BJ","35.7.20260823.6","10559842","9,000"
"194974","DANIEL FEBRIAN","SPECIAL","BJ","35.7.20260823.7","10654367","6,000"
"194974","DANIEL FEBRIAN","SPECIAL","BJ","35.7.20260823.7","10560072","7,000"
"194974","DANIEL FEBRIAN","SPECIAL","BJ","U35.13.20260823.32","10628989","100,000"
"194974","DANIEL FEBRIAN","REGULER","BD","U35.7.20260823.4","10628481","105,000"
"194974","DANIEL FEBRIAN","REGULER","BM","U35.6.20260826.1","10493989","2,000"
"194974","DANIEL FEBRIAN","SPECIAL","BI","U35.6.20260826.1","10632269","70,000"
"194974","DANIEL FEBRIAN","REGULER","BQ","U35.13.20260830.6","10699331","14,000"
"194974","DANIEL FEBRIAN","REGULER","BL","U35.4.20260831.12","10488565","4,000"
"194974","DANIEL FEBRIAN","BOOSTER AGT 2026 - ACCS","BL","U35.4.20260831.12","10150083",""
"194974","DANIEL FEBRIAN","BOOSTER AGT 2026 - ACCS","BL","U35.4.20260831.12","10488565",""
"194974","DANIEL FEBRIAN","BOOSTER AGT 2026 - ACCS","BL","U35.4.20260831.12","10676231",""
"194974","DANIEL FEBRIAN","REGULER","BC","U35.4.20260831.14","10197150","0"
"197422","ALYA TYA SAMANTA","REGULER","BK","35.10.20260802.6","10501720","1,200"
"197422","ALYA TYA SAMANTA","REGULER","BK","35.10.20260802.6","10576115","2,400"
"197422","ALYA TYA SAMANTA","REGULER","BM","35.8.20260802.14","10547010","4,000"
"197422","ALYA TYA SAMANTA","REGULER","BP","U35.10.20260802.20","10671357","60,000"
"197422","ALYA TYA SAMANTA","REGULER","BB","U35.10.20260802.20","10660300","20,000"
"197422","ALYA TYA SAMANTA","BOOSTER AGT 2026 - FURNI","BP","U35.10.20260802.20","10671357","100,000"
"197422","ALYA TYA SAMANTA","REGULER","BD","U35.3.20260802.25","10605785","25,000"
"197422","ALYA TYA SAMANTA","REGULER","BR","U35.8.20260802.4","10565987","16,500"
"197422","ALYA TYA SAMANTA","REGULER","BM","U35.8.20260802.4","10149476","2,000"
"197422","ALYA TYA SAMANTA","KHUSUS","BB","U35.8.20260802.4","10420877","29,992"
"197422","ALYA TYA SAMANTA","REGULER","BR","35.4.20260803.5","10444116","7,500"
"197422","ALYA TYA SAMANTA","REGULER","BQ","U35.6.20260803.3","10410105","20,000"
"197422","ALYA TYA SAMANTA","REGULER","BP","U35.6.20260803.3","10590531","48,000"
"197422","ALYA TYA SAMANTA","SPECIAL","BN","35.7.20260806.1","10103379","16,000"
"197422","ALYA TYA SAMANTA","REGULER","BI","35.4.20260809.8","10641556","8,400"
"197422","ALYA TYA SAMANTA","REGULER","BP","U35.6.20260809.8","10621513","13,200"
"197422","ALYA TYA SAMANTA","SPECIAL","BN","35.7.20260810.1","10559960","5,000"
"197422","ALYA TYA SAMANTA","REGULER","BR","U35.10.20260810.10","10472023","60,000"
"197422","ALYA TYA SAMANTA","REGULER","BB","U35.6.20260810.1","10583275","18,000"
"197422","ALYA TYA SAMANTA","REGULER","BB","U35.6.20260810.1","10583274","18,000"
"197422","ALYA TYA SAMANTA","REGULER","BC","U35.10.20260812.1","10628223","60,000"
"197422","ALYA TYA SAMANTA","REGULER","BC","U35.10.20260812.1","10209562","50,000"
"197422","ALYA TYA SAMANTA","REGULER","DB","35.10.20260815.4","10571117","7,500"
"197422","ALYA TYA SAMANTA","REGULER","BI","35.13.20260815.3","10588136","2,400"
"197422","ALYA TYA SAMANTA","REGULER","BB","35.10.20260816.28","10622186","18,000"
"197422","ALYA TYA SAMANTA","BOOSTER AGT 2026 - ACCS","BM","35.10.20260816.3","10657105","25,000"
"197422","ALYA TYA SAMANTA","REGULER","BF","35.13.20260816.33","10477917","6,000"
"197422","ALYA TYA SAMANTA","REGULER","BK","35.6.20260818.5","10668025","2,400"
"197422","ALYA TYA SAMANTA","REGULER","BL","35.8.20260818.2","10680483","3,000"
"197422","ALYA TYA SAMANTA","REGULER","BB","U35.3.20260818.8","10568823","35,000"
"197422","ALYA TYA SAMANTA","REGULER","BB","U35.3.20260818.8","10446727","20,000"
"197422","ALYA TYA SAMANTA","REGULER","BQ","U35.4.20260818.9","10666133","10,000"
"197422","ALYA TYA SAMANTA","REGULER","BK","35.10.20260820.17","10616483","6,000"
"197422","ALYA TYA SAMANTA","REGULER","BD","U35.3.20260822.15","10564726","10,000"
"197422","ALYA TYA SAMANTA","REGULER","BF","35.13.20260823.16","10477917","6,000"
"197422","ALYA TYA SAMANTA","REGULER","BI","35.8.20260823.25","10569972","1,200"
"197422","ALYA TYA SAMANTA","REGULER","BF","U35.13.20260823.11","10639454","25,000"
"197422","ALYA TYA SAMANTA","BOOSTER AGT 2026 - FURNI","BI","U35.4.20260823.1","10563814","35,000"
"197422","ALYA TYA SAMANTA","SPECIAL","BG","U35.10.20260824.6","10577270","100,000"
"197422","ALYA TYA SAMANTA","REGULER","BQ","U35.4.20260824.6","10468600","12,000"
"197422","ALYA TYA SAMANTA","REGULER","BJ","35.13.20260826.26","10712347","8,000"
"197422","ALYA TYA SAMANTA","REGULER","BJ","35.13.20260826.27","10680626","7,000"
"197422","ALYA TYA SAMANTA","SPECIAL","BF","U35.13.20260826.19","10517598","75,000"
"197422","ALYA TYA SAMANTA","REGULER","BP","U35.4.20260826.6","10483117","13,200"
"197422","ALYA TYA SAMANTA","REGULER","BN","35.10.20260828.3","10489775","2,000"
"197422","ALYA TYA SAMANTA","SPECIAL","BJ","35.13.20260828.20","10560068","18,000"
"197422","ALYA TYA SAMANTA","SPECIAL","BJ","35.13.20260828.20","10610061","16,000"
"197422","ALYA TYA SAMANTA","SPECIAL","BJ","35.13.20260828.20","10610081","6,000"
"197422","ALYA TYA SAMANTA","REGULER","BM","35.13.20260828.6","10659343","2,000"
"197422","ALYA TYA SAMANTA","SPECIAL","BJ","35.6.20260828.25","10444666","15,000"
"197422","ALYA TYA SAMANTA","SPECIAL","BJ","35.6.20260828.25","10572371","25,000"
"197422","ALYA TYA SAMANTA","REGULER","BP","U35.13.20260828.1","10621507","4,800"
"197422","ALYA TYA SAMANTA","REGULER","BQ","U35.13.20260828.5","10591339","14,000"
"197422","ALYA TYA SAMANTA","REGULER","BO","U35.6.20260828.6","10689586","9,000"
"197422","ALYA TYA SAMANTA","BOOSTER AGT 2026 - ACCS","BO","U35.6.20260828.6","10565168",""
"197422","ALYA TYA SAMANTA","BOOSTER AGT 2026 - ACCS","BO","U35.6.20260828.6","10565170",""
"197422","ALYA TYA SAMANTA","BOOSTER AGT 2026 - ACCS","BO","U35.6.20260828.6","10572601",""
"197422","ALYA TYA SAMANTA","BOOSTER AGT 2026 - ACCS","BO","U35.6.20260828.6","10689586",""
"197422","ALYA TYA SAMANTA","REGULER","BI","35.13.20260829.25","","2,400"
"197422","ALYA TYA SAMANTA","REGULER","BJ","35.13.20260829.26","10603617","7,000"
"197422","ALYA TYA SAMANTA","SPECIAL","BJ","35.13.20260829.26","10642993","25,000"
"197422","ALYA TYA SAMANTA","SPECIAL","BJ","35.13.20260829.26","10610090","3,000"
"197422","ALYA TYA SAMANTA","SPECIAL","BJ","35.13.20260829.26","10610067","7,000"
"197422","ALYA TYA SAMANTA","SPECIAL","BJ","35.13.20260829.26","10610082","3,000"
"197422","ALYA TYA SAMANTA","SPECIAL","BG","U35.13.20260830.22","10566545","50,000"
"197422","ALYA TYA SAMANTA","REGULER","BB","U35.3.20260830.12","10671375","25,000"
"197422","ALYA TYA SAMANTA","REGULER","BN","35.8.20260831.1","10687693","4,000"
"197422","ALYA TYA SAMANTA","REGULER","BR","U35.8.20260831.2","10641430","24,000"
"119738","NANDA WARIZKA","SPECIAL","BJ","35.13.20260801.49","10642997","25,000"
"119738","NANDA WARIZKA","REGULER","BI","35.4.20260801.56","10702670","6,000"
"119738","NANDA WARIZKA","REGULER","BM","35.4.20260801.56","10229516","3,000"
"119738","NANDA WARIZKA","REGULER","BI","U35.4.20260801.24","10678100","10,800"
"119738","NANDA WARIZKA","REGULER","BI","U35.4.20260801.24","10676346","21,600"
"119738","NANDA WARIZKA","REGULER","BI","U35.6.20260801.10","10641556","8,400"
"119738","NANDA WARIZKA","REGULER","BM","U35.6.20260801.10","10595794","2,000"
"119738","NANDA WARIZKA","BOOSTER AGT 2026 - FURNI","BI","U35.6.20260801.9","10689220","25,000"
"119738","NANDA WARIZKA","REGULER","BK","35.6.20260802.12","10702964","10,800"
"119738","NANDA WARIZKA","SPECIAL","BJ","35.6.20260802.12","10559816","50,000"
"119738","NANDA WARIZKA","BOOSTER AGT 2026 - ACCS","BK","35.6.20260802.12","10458021",""
"119738","NANDA WARIZKA","BOOSTER AGT 2026 - ACCS","BK","35.6.20260802.12","10618061",""
"119738","NANDA WARIZKA","BOOSTER AGT 2026 - ACCS","BK","35.6.20260802.12","10702663",""
"119738","NANDA WARIZKA","BOOSTER AGT 2026 - ACCS","BK","35.6.20260802.12","10702964",""
"119738","NANDA WARIZKA","BOOSTER AGT 2026 - ACCS","BK","35.6.20260802.12","",""
"119738","NANDA WARIZKA","BOOSTER AGT 2026 - ACCS","BK","35.6.20260802.12","",""
"119738","NANDA WARIZKA","BOOSTER AGT 2026 - ACCS","BK","35.6.20260802.12","",""
"119738","NANDA WARIZKA","REGULER","BF","U35.13.20260802.8","10604928","3,000"
"119738","NANDA WARIZKA","SPECIAL","BJ","35.6.20260803.11","","3,000"
"119738","NANDA WARIZKA","SPECIAL","BJ","35.13.20260805.11","10560072","7,000"
"119738","NANDA WARIZKA","SPECIAL","BJ","35.13.20260805.11","10572376","17,000"
"119738","NANDA WARIZKA","SPECIAL","BJ","35.13.20260805.11","10572035","10,000"
"119738","NANDA WARIZKA","SPECIAL","BJ","35.13.20260805.11","10572383","4,000"
"119738","NANDA WARIZKA","SPECIAL","BJ","35.13.20260805.11","10560078","7,000"
"119738","NANDA WARIZKA","SPECIAL","BJ","35.13.20260805.11","10572390","4,000"
"119738","NANDA WARIZKA","SPECIAL","BJ","35.13.20260805.11","10515575","0"
"119738","NANDA WARIZKA","SPECIAL","BJ","35.13.20260805.11","10654367","6,000"
"119738","NANDA WARIZKA","SPECIAL","BJ","35.13.20260805.11","10654375","6,000"
"119738","NANDA WARIZKA","REGULER","BJ","35.4.20260808.29","10668275","2,000"
"119738","NANDA WARIZKA","SPECIAL","BJ","35.4.20260808.29","10610082","3,000"
"119738","NANDA WARIZKA","SPECIAL","BJ","35.4.20260808.29","10610090","3,000"
"119738","NANDA WARIZKA","SPECIAL","BJ","35.4.20260808.29","10610065","8,000"
"119738","NANDA WARIZKA","REGULER","BI","35.4.20260809.5","10476992","9,600"
"119738","NANDA WARIZKA","REGULER","BR","U35.13.20260809.1","10624878","67,500"
"119738","NANDA WARIZKA","REGULER","BR","U35.4.20260809.16","10720489","75,000"
"119738","NANDA WARIZKA","REGULER","BR","U35.4.20260809.16","10449843","27,000"
"119738","NANDA WARIZKA","BOOSTER AGT 2026 - FURNI","BR","U35.4.20260809.16","10720489","80,000"
"119738","NANDA WARIZKA","REGULER","BP","U35.4.20260809.17","10649521","36,000"
"119738","NANDA WARIZKA","REGULER","BB","35.0.20260811.2","10627726","-25,000"
"119738","NANDA WARIZKA","REGULER","BP","U35.13.20260811.3","10643607","36,000"
"119738","NANDA WARIZKA","REGULER","BQ","U35.13.20260811.3","10564052","35,000"
"119738","NANDA WARIZKA","BOOSTER AGT 2026 - FURNI","BQ","U35.13.20260811.3","10564052","50,000"
"119738","NANDA WARIZKA","REGULER","BB","U35.7.20260811.2","10627726","25,000"
"119738","NANDA WARIZKA","SPECIAL","BG","U35.4.20260812.10","10566547","80,000"
"119738","NANDA WARIZKA","REGULER","BE","U35.3.20260813.3","10709290","30,000"
"119738","NANDA WARIZKA","REGULER","BC","U35.8.20260815.7","10624333","45,000"
"119738","NANDA WARIZKA","REGULER","BL","35.6.20260816.47","10151601","4,000"
"119738","NANDA WARIZKA","REGULER","BN","35.7.20260816.19","10446339","4,000"
"119738","NANDA WARIZKA","SPECIAL","BF","U35.13.20260816.30","10708980","25,000"
"119738","NANDA WARIZKA","SPECIAL","BJ","35.4.20260817.33","","4,000"
"119738","NANDA WARIZKA","REGULER","BF","U35.13.20260817.21","10180385","15,000"
"119738","NANDA WARIZKA","SPECIAL","BF","U35.4.20260817.16","10602206","25,000"
"119738","NANDA WARIZKA","SPECIAL","BJ","35.13.20260821.4","10647656","30,000"
"119738","NANDA WARIZKA","SPECIAL","BJ","35.13.20260821.4","10560051","8,000"
"119738","NANDA WARIZKA","SPECIAL","BJ","35.13.20260821.4","10560055","8,000"
"119738","NANDA WARIZKA","REGULER","BK","35.6.20260821.17","10616484","6,000"
"119738","NANDA WARIZKA","REGULER","BJ","35.13.20260822.12","10603633","7,000"
"119738","NANDA WARIZKA","REGULER","BJ","35.13.20260822.12","10603634","7,000"
"119738","NANDA WARIZKA","SPECIAL","BJ","35.13.20260822.26","10444666","15,000"
"119738","NANDA WARIZKA","REGULER","BF","35.3.20260822.37","10613343","18,000"
"119738","NANDA WARIZKA","SPECIAL","BJ","35.4.20260822.36","10695311","2,000"
"119738","NANDA WARIZKA","REGULER","BL","35.8.20260822.24","10151602","3,000"
"119738","NANDA WARIZKA","REGULER","BI","35.4.20260824.17","10705771","3,600"
"119738","NANDA WARIZKA","REGULER","BI","35.4.20260824.17","10705769","3,600"
"119738","NANDA WARIZKA","REGULER","BK","35.6.20260824.15","10702964","13,200"
"119738","NANDA WARIZKA","BOOSTER AGT 2026 - ACCS","BK","35.6.20260824.15","10702964","25,000"
"119738","NANDA WARIZKA","REGULER","BB","U35.6.20260824.4","10593093","25,000"
"119738","NANDA WARIZKA","REGULER","BA","U35.8.20260824.11","10560291","35,000"
"119738","NANDA WARIZKA","REGULER","BQ","35.4.20260825.18","10666133","10,000"
"119738","NANDA WARIZKA","SPECIAL","BJ","35.4.20260825.25","10664227","30,000"
"119738","NANDA WARIZKA","SPECIAL","BF","U35.3.20260825.12","10490261","50,000"
"119738","NANDA WARIZKA","REGULER","BI","35.13.20260827.22","10702670","6,000"
"119738","NANDA WARIZKA","REGULER","BP","U35.13.20260827.9","10428564","19,200"
"119738","NANDA WARIZKA","REGULER","BF","U35.13.20260827.9","10634176","20,000"
"119738","NANDA WARIZKA","SPECIAL","BF","U35.13.20260827.9","10490258","25,000"
"119738","NANDA WARIZKA","REGULER","BK","35.8.20260829.30","10452868","8,400"
"119738","NANDA WARIZKA","REGULER","BN","35.8.20260829.30","10437852","1,000"
"119738","NANDA WARIZKA","REGULER","BK","35.8.20260829.30","10639318","21,600"
"119738","NANDA WARIZKA","REGULER","BN","35.8.20260829.30","10700414","4,000"
"119738","NANDA WARIZKA","BOOSTER AGT 2026 - ACCS","BK","35.8.20260829.30","10452868",""
"119738","NANDA WARIZKA","BOOSTER AGT 2026 - ACCS","BK","35.8.20260829.30","10639318",""
"119738","NANDA WARIZKA","REGULER","BQ","U35.8.20260829.8","10666133","10,000"
"119738","NANDA WARIZKA","REGULER","BP","U35.8.20260829.8","10537710","24,000"
"119738","NANDA WARIZKA","REGULER","BJ","35.13.20260830.8","10603633","7,000"
"119738","NANDA WARIZKA","REGULER","BO","35.4.20260830.30","10666063","1,000"
"119738","NANDA WARIZKA","SPECIAL","BJ","35.4.20260830.30","10664231","30,000"
"119738","NANDA WARIZKA","SPECIAL","BJ","35.4.20260830.30","10559837","6,000"
"119738","NANDA WARIZKA","SPECIAL","BJ","35.4.20260830.30","10560059","9,000"
"119738","NANDA WARIZKA","SPECIAL","BJ","35.4.20260830.30","10568168","4,000"
"119738","NANDA WARIZKA","REGULER","BR","U35.4.20260830.29","10561987","4,500"
"119738","NANDA WARIZKA","REGULER","BF","U35.4.20260830.29","10567427","16,000"
"119738","NANDA WARIZKA","SPECIAL","BF","U35.4.20260830.29","10602206","25,000"
"119738","NANDA WARIZKA","REGULER","BG","U35.8.20260830.2","10559894","11,000"
"119861","ANGKY LESMANA","KHUSUS - JULI 2026","BA","U35.13.20260719.3","10636213","198,189"
"119861","ANGKY LESMANA","REGULER","BI","U35.4.20260801.19","10568438","30,000"
"119861","ANGKY LESMANA","REGULER","BM","35.6.20260802.22","10550870","5,000"
"119861","ANGKY LESMANA","SPECIAL","BF","U35.3.20260802.21","10449450","25,000"
"119861","ANGKY LESMANA","SPECIAL","BG","U35.4.20260807.11","10590730","80,000"
"119861","ANGKY LESMANA","SPECIAL","BJ","35.13.20260809.1","10643005","25,000"
"119861","ANGKY LESMANA","REGULER","BK","35.8.20260809.36","10437783","4,800"
"119861","ANGKY LESMANA","REGULER","BL","35.8.20260809.8","10503172","2,000"
"119861","ANGKY LESMANA","SPECIAL","BJ","35.13.20260811.13","10664228","30,000"
"119861","ANGKY LESMANA","REGULER","BP","U35.6.20260812.4","10603388","360,000"
"119861","ANGKY LESMANA","REGULER","BP","U35.4.20260813.2","10453090","21,600"
"119861","ANGKY LESMANA","REGULER","BD","35.3.20260815.15","","8,000"
"119861","ANGKY LESMANA","REGULER","BN","35.3.20260815.15","10437852","1,000"
"119861","ANGKY LESMANA","REGULER","BL","35.7.20260815.9","10477244","0"
"119861","ANGKY LESMANA","REGULER","BN","35.7.20260815.9","10291595","2,000"
"119861","ANGKY LESMANA","SPECIAL","BJ","35.7.20260815.9","10572381","4,000"
"119861","ANGKY LESMANA","SPECIAL","BJ","35.7.20260815.9","10572380","4,000"
"119861","ANGKY LESMANA","SPECIAL","BJ","35.7.20260815.9","10572028","11,000"
"119861","ANGKY LESMANA","SPECIAL","BJ","35.7.20260815.9","10572387","4,000"
"119861","ANGKY LESMANA","SPECIAL","BJ","35.7.20260815.9","10572024","12,000"
"119861","ANGKY LESMANA","SPECIAL","BJ","35.7.20260815.9","10572388","4,000"
"119861","ANGKY LESMANA","BOOSTER AGT 2026 - ACCS","BL","35.7.20260815.9","10077494",""
"119861","ANGKY LESMANA","BOOSTER AGT 2026 - ACCS","BL","35.7.20260815.9","10150083",""
"119861","ANGKY LESMANA","BOOSTER AGT 2026 - ACCS","BL","35.7.20260815.9","10192442",""
"119861","ANGKY LESMANA","BOOSTER AGT 2026 - ACCS","BL","35.7.20260815.9","10192449",""
"119861","ANGKY LESMANA","BOOSTER AGT 2026 - ACCS","BL","35.7.20260815.9","10477244",""
"119861","ANGKY LESMANA","BOOSTER AGT 2026 - ACCS","BL","35.7.20260815.9","10516795",""
"119861","ANGKY LESMANA","REGULER","BG","U35.4.20260815.15","10502873","10,000"
"119861","ANGKY LESMANA","SPECIAL","BG","U35.4.20260815.15","10590728","50,000"
"119861","ANGKY LESMANA","REGULER","BI","U35.13.20260816.16","10569973","24,000"
"119861","ANGKY LESMANA","REGULER","BI","U35.13.20260816.16","10569967","42,000"
"119861","ANGKY LESMANA","REGULER","BA","U35.7.20260816.1","10665586","50,000"
"119861","ANGKY LESMANA","SPECIAL","BJ","35.4.20260823.32","10610063","8,000"
"119861","ANGKY LESMANA","REGULER","BK","U35.10.20260824.8","10703879","10,800"
"119861","ANGKY LESMANA","REGULER","BL","U35.10.20260824.8","10516803","2,000"
"119861","ANGKY LESMANA","REGULER","BO","U35.10.20260824.8","10606855","5,000"
"119861","ANGKY LESMANA","SPECIAL","BL","U35.10.20260824.8","10625050","20,000"
"119861","ANGKY LESMANA","BOOSTER AGT 2026 - ACCS","BK","U35.10.20260824.8","10703879","25,000"
"119861","ANGKY LESMANA","BOOSTER AGT 2026 - ACCS","BL","U35.10.20260824.8","10456092",""
"119861","ANGKY LESMANA","BOOSTER AGT 2026 - ACCS","BL","U35.10.20260824.8","10516803",""
"119861","ANGKY LESMANA","BOOSTER AGT 2026 - ACCS","BL","U35.10.20260824.8","10625050",""
"119861","ANGKY LESMANA","REGULER","BJ","35.13.20260825.28","10694987","8,000"
"119861","ANGKY LESMANA","SPECIAL","BJ","35.4.20260825.47","","3,000"
"119861","ANGKY LESMANA","REGULER","BL","35.10.20260826.5","10554219","7,000"
"119861","ANGKY LESMANA","BOOSTER AGT 2026 - ACCS","BL","35.10.20260826.5","10554219","25,000"
"119861","ANGKY LESMANA","REGULER","BN","35.78.20260826.1","10291595","2,000"
"119861","ANGKY LESMANA","REGULER","BM","35.78.20260826.11","10102966","3,000"
"119861","ANGKY LESMANA","REGULER","BM","35.78.20260826.15","10593570","3,000"
"119861","ANGKY LESMANA","BOOSTER AGT 2026 - ACCS","BM","35.78.20260826.15","10593570",""
"119861","ANGKY LESMANA","BOOSTER AGT 2026 - ACCS","BM","35.78.20260826.15","10599299",""
"119861","ANGKY LESMANA","REGULER","BM","35.78.20260826.2","10095999","0"
"119861","ANGKY LESMANA","SPECIAL","BJ","35.78.20260826.23","10697902","40,000"
"119861","ANGKY LESMANA","REGULER","BN","35.78.20260826.3","10612063","1,000"
"119861","ANGKY LESMANA","REGULER","BN","35.78.20260826.88","10687033","3,000"
"119861","ANGKY LESMANA","REGULER","BN","35.78.20260827.20","10612063","1,000"
"119861","ANGKY LESMANA","REGULER","BN","35.78.20260827.24","10443219","3,000"
"119861","ANGKY LESMANA","REGULER","BN","35.78.20260827.25","10688658","3,000"
"119861","ANGKY LESMANA","REGULER","BI","35.78.20260827.26","10552061","1,200"
"119861","ANGKY LESMANA","REGULER","BM","35.78.20260827.28","10593744","2,000"
"119861","ANGKY LESMANA","BOOSTER AGT 2026 - ACCS","BK","35.78.20260827.30","10449346",""
"119861","ANGKY LESMANA","BOOSTER AGT 2026 - ACCS","BK","35.78.20260827.30","10534569",""
"119861","ANGKY LESMANA","BOOSTER AGT 2026 - ACCS","BK","35.78.20260827.30","10534572",""
"119861","ANGKY LESMANA","BOOSTER AGT 2026 - ACCS","BK","35.78.20260827.30","10646332",""
"119861","ANGKY LESMANA","REGULER","BJ","35.13.20260829.20","10568165","0"
"119861","ANGKY LESMANA","SPECIAL","BJ","35.13.20260829.20","10596035","50,000"
"119861","ANGKY LESMANA","SPECIAL","BJ","35.13.20260829.20","10559823","50,000"
"119861","ANGKY LESMANA","SPECIAL","BJ","35.4.20260829.17","10697903","20,000"
"119861","ANGKY LESMANA","SPECIAL","BJ","35.8.20260829.52","10614672","75,000"
"119861","ANGKY LESMANA","SPECIAL","BJ","35.8.20260829.52","10572390","4,000"
"119861","ANGKY LESMANA","SPECIAL","BJ","35.8.20260829.52","10572387","4,000"
"119861","ANGKY LESMANA","SPECIAL","BJ","35.8.20260829.52","10572384","4,000"
"119861","ANGKY LESMANA","REGULER","BR","35.13.20260830.40","","6,000"
"119861","ANGKY LESMANA","SPECIAL","BJ","35.13.20260830.5","10464457","13,000"
"119861","ANGKY LESMANA","SPECIAL","BG","U35.4.20260830.18","10607768","15,000"
"171995","GALUH DEWI ANJANI","KHUSUS - JULI 2026","BA","U35.10.20260703.5","10558713","437,809"
"171995","GALUH DEWI ANJANI","KHUSUS - JULI 2026","BA","U35.4.20260708.12","10634166","170,257"
"171995","GALUH DEWI ANJANI","KHUSUS - JULI 2026","BA","U35.8.20260709.4","10679258","209,000"
"171995","GALUH DEWI ANJANI","KHUSUS - JULI 2026","BA","U35.13.20260721.12","10634167","170,257"
"171995","GALUH DEWI ANJANI","KHUSUS - JULI 2026","BA","U35.6.20260725.1","10562032","216,203"
"171995","GALUH DEWI ANJANI","KHUSUS - JULI 2026","BA","U35.3.20260726.6","10681078","21,614"
"171995","GALUH DEWI ANJANI","KHUSUS - JULI 2026","BA","U35.6.20260727.6","10682728","168,459"
"176141","MUHAMAD YUSUF","BOOSTER AGT 2026 - ACCS","BM","35.10.20260801.33","10576557","25,000"
"176141","MUHAMAD YUSUF","REGULER","BL","35.10.20260801.35","10128954","3,000"
"176141","MUHAMAD YUSUF","REGULER","BO","35.6.20260801.40","10594772","1,000"
"176141","MUHAMAD YUSUF","REGULER","BB","35.3.20260802.28","10606557","12,000"
"176141","MUHAMAD YUSUF","REGULER","BK","35.6.20260802.18","10616481","3,600"
"176141","MUHAMAD YUSUF","REGULER","BB","U35.3.20260802.10","10350221","9,000"
"176141","MUHAMAD YUSUF","REGULER","BB","U35.3.20260802.10","10615048","10,000"
"176141","MUHAMAD YUSUF","KHUSUS","BA","U35.3.20260802.10","10634167","170,257"
"176141","MUHAMAD YUSUF","REGULER","BB","U35.6.20260802.20","10663875","19,000"
"176141","MUHAMAD YUSUF","SPECIAL","BG","U35.6.20260802.20","10422456","50,000"
"176141","MUHAMAD YUSUF","REGULER","BO","35.78.20260805.60","10632600","1,000"
"176141","MUHAMAD YUSUF","REGULER","BI","35.78.20260805.66","10569973","1,200"
"176141","MUHAMAD YUSUF","REGULER","BG","35.13.20260806.16","10508199","7,000"
"176141","MUHAMAD YUSUF","REGULER","BL","35.8.20260807.4","10457749","4,000"
"176141","MUHAMAD YUSUF","REGULER","BL","35.8.20260807.4","10276071","3,000"
"176141","MUHAMAD YUSUF","BOOSTER AGT 2026 - ACCS","BL","35.8.20260807.4","10276071",""
"176141","MUHAMAD YUSUF","BOOSTER AGT 2026 - ACCS","BL","35.8.20260807.4","10457749",""
"176141","MUHAMAD YUSUF","SPECIAL","BG","35.3.20260809.22","10607761","10,000"
"176141","MUHAMAD YUSUF","SPECIAL","BJ","35.13.20260810.1","10466970","3,000"
"176141","MUHAMAD YUSUF","REGULER","BD","35.3.20260810.2","10612729","1,000"
"176141","MUHAMAD YUSUF","REGULER","BD","35.3.20260810.2","10612730","1,000"
"176141","MUHAMAD YUSUF","REGULER","BL","35.10.20260815.36","10701498","6,000"
"176141","MUHAMAD YUSUF","BOOSTER AGT 2026 - ACCS","BL","35.10.20260815.36","10488914",""
"176141","MUHAMAD YUSUF","BOOSTER AGT 2026 - ACCS","BL","35.10.20260815.36","10701498",""
"176141","MUHAMAD YUSUF","REGULER","BL","35.6.20260815.35","10516924","4,000"
"176141","MUHAMAD YUSUF","REGULER","BL","35.6.20260816.52","10483293","3,000"
"176141","MUHAMAD YUSUF","REGULER","BO","35.8.20260816.57","10523704","0"
"176141","MUHAMAD YUSUF","REGULER","BE","35.8.20260816.58","10623452","6,000"
"176141","MUHAMAD YUSUF","REGULER","BQ","U35.3.20260816.7","10499723","155,000"
"176141","MUHAMAD YUSUF","REGULER","BQ","U35.3.20260816.7","10499720","20,000"
"176141","MUHAMAD YUSUF","SPECIAL","BE","U35.8.20260816.19","10604097","125,000"
"176141","MUHAMAD YUSUF","REGULER","BK","35.3.20260817.59","10212798","2,400"
"176141","MUHAMAD YUSUF","REGULER","BN","35.7.20260821.16","10547542","1,000"
"176141","MUHAMAD YUSUF","REGULER","BD","35.10.20260822.19","10564726","10,000"
"176141","MUHAMAD YUSUF","REGULER","BQ","35.13.20260822.34","10699332","15,000"
"176141","MUHAMAD YUSUF","REGULER","BL","35.6.20260822.21","10680481","5,000"
"176141","MUHAMAD YUSUF","REGULER","BB","U35.7.20260822.12","10467377","7,000"
"176141","MUHAMAD YUSUF","REGULER","BB","U35.4.20260823.16","10680204","15,000"
"176141","MUHAMAD YUSUF","SPECIAL","BF","U35.4.20260823.16","10708980","25,000"
"176141","MUHAMAD YUSUF","REGULER","BR","U35.13.20260825.26","10672854","22,500"
"176141","MUHAMAD YUSUF","SPECIAL","BF","U35.8.20260825.10","10490261","25,000"
"176141","MUHAMAD YUSUF","REGULER","BD","35.7.20260827.9","10592534","2,000"
"176141","MUHAMAD YUSUF","KHUSUS","BA","U35.3.20260827.6","10564160","33,541"
"176141","MUHAMAD YUSUF","SPECIAL","BL","U35.3.20260827.6","10501860","20,000"
"176141","MUHAMAD YUSUF","BOOSTER AGT 2026 - ACCS","BL","U35.3.20260827.6","10501860","25,000"
"176141","MUHAMAD YUSUF","SPECIAL","BL","35.6.20260829.52","10571375","50,000"
"176141","MUHAMAD YUSUF","BOOSTER AGT 2026 - ACCS","BL","35.6.20260829.52","10571375","25,000"
"176141","MUHAMAD YUSUF","REGULER","BL","35.8.20260829.28","10454226","5,000"
"176141","MUHAMAD YUSUF","REGULER","BK","U35.8.20260829.14","10628691","8,400"
"176141","MUHAMAD YUSUF","REGULER","BK","U35.8.20260829.14","10541975","19,200"
"176141","MUHAMAD YUSUF","REGULER","BK","U35.8.20260829.14","10600203","7,200"
"176141","MUHAMAD YUSUF","REGULER","BD","U35.8.20260829.14","10578760","40,000"
"176141","MUHAMAD YUSUF","BOOSTER AGT 2026 - ACCS","BK","U35.8.20260829.14","10541975",""
"176141","MUHAMAD YUSUF","BOOSTER AGT 2026 - ACCS","BK","U35.8.20260829.14","10600203",""
"176141","MUHAMAD YUSUF","BOOSTER AGT 2026 - ACCS","BK","U35.8.20260829.14","10628691",""
"176141","MUHAMAD YUSUF","BOOSTER AGT 2026 - ACCS","BK","U35.8.20260829.14","10675050",""
"176141","MUHAMAD YUSUF","REGULER","BK","35.10.20260830.42","10212796","2,400"
"176141","MUHAMAD YUSUF","REGULER","BO","35.6.20260830.44","10570201","1,000"
"176141","MUHAMAD YUSUF","REGULER","BO","35.6.20260830.44","10506858","0"
"176141","MUHAMAD YUSUF","REGULER","BO","35.6.20260830.50","10506858","0"
"176141","MUHAMAD YUSUF","REGULER","BO","35.6.20260830.50","10570201","1,000"
"176141","MUHAMAD YUSUF","REGULER","BL","35.8.20260830.8","10659654","11,000"
"176141","MUHAMAD YUSUF","BOOSTER AGT 2026 - ACCS","BL","35.8.20260830.8","10659654","25,000"
"176141","MUHAMAD YUSUF","REGULER","BI","35.78.20260831.25","10376563","0"
"176141","MUHAMAD YUSUF","REGULER","BI","35.78.20260831.25","10376557","0"
"176141","MUHAMAD YUSUF","REGULER","BI","35.78.20260831.25","10376564","0"
"176141","MUHAMAD YUSUF","REGULER","BI","35.78.20260831.25","10376561","0"
"176141","MUHAMAD YUSUF","REGULER","BO","35.78.20260831.26","10570203","1,000"
"176141","MUHAMAD YUSUF","REGULER","BK","35.78.20260831.29","10457868","2,400"
"176141","MUHAMAD YUSUF","REGULER","BN","35.78.20260831.29","10627565","2,000"
"176141","MUHAMAD YUSUF","REGULER","BN","35.78.20260831.30","10522417","1,000"
"176141","MUHAMAD YUSUF","REGULER","DB","35.78.20260831.31","10556172","6,000"
"176141","MUHAMAD YUSUF","REGULER","BM","35.78.20260831.37","10420957","2,000"
"176141","MUHAMAD YUSUF","REGULER","BM","35.78.20260831.37","10523859","2,000"
"176141","MUHAMAD YUSUF","SPECIAL","BJ","35.78.20260831.38","10610064","12,000"
"176141","MUHAMAD YUSUF","REGULER","BM","35.78.20260831.40","10604718","3,000"
"176141","MUHAMAD YUSUF","REGULER","BL","35.78.20260831.47","10532042","2,000"
"176141","MUHAMAD YUSUF","REGULER","BO","35.78.20260831.48","10552477","1,000"
"176141","MUHAMAD YUSUF","BOOSTER AGT 2026 - ACCS","BM","35.78.20260831.49","10552064","50,000"
"195587","NUR ASARO SYAMSAH","KHUSUS - JULI 2026","BA","U35.3.20260730.1","10321710","108,095"
"195587","NUR ASARO SYAMSAH","KHUSUS - JULI 2026","BA","U35.8.20260730.2","10655204","486,468"
"195587","NUR ASARO SYAMSAH","KHUSUS - JULI 2026","BA","U35.8.20260731.5","10679263","180,171"
"195587","NUR ASARO SYAMSAH","KHUSUS - JULI 2026","BA","U35.8.20260731.5","10679264","180,171"
"195587","NUR ASARO SYAMSAH","KHUSUS - JULI 2026","BA","U35.8.20260731.6","10553775","45,036"
"185701","DEDI ANGGARA","KHUSUS - JULI 2026","BA","U35.10.20260706.5","10689584","368,076"
"185701","DEDI ANGGARA","KHUSUS - JULI 2026","BA","U35.10.20260706.9","10582002","386,604"
"185701","DEDI ANGGARA","KHUSUS - JULI 2026","BA","U35.6.20260720.7","10644740","69,360"
"185701","DEDI ANGGARA","KHUSUS - JULI 2026","BA","U35.6.20260730.2","10222322","153,144"
"183726","FAJRI SURYA RAMADHAN","KHUSUS - JULI 2026","BA","U35.10.20260716.7","10664851","64,442"
"183726","FAJRI SURYA RAMADHAN","KHUSUS - JULI 2026","BA","U35.8.20260726.14","10679261","737,405"
"192219","ATHALLA NAUFAL AL FARIDZ","KHUSUS - JULI 2026","BA","U35.10.20260706.7","10655204","486,468"
"192219","ATHALLA NAUFAL AL FARIDZ","KHUSUS - JULI 2026","BA","U35.6.20260718.9","10664851","65,757"
"171189","ABDURAHMAN WAHID","KHUSUS - JULI 2026","BA","U35.6.20260705.13","10665626","49,541"
"171189","ABDURAHMAN WAHID","KHUSUS - JULI 2026","BA","U35.10.20260709.5","10681538","405,223"
"176730","ABDUL AZIS","KHUSUS - JULI 2026","BA","U35.6.20260711.14","10027167","171,162"
"176730","ABDUL AZIS","KHUSUS - JULI 2026","BA","U35.10.20260718.6","10662944","36,027"
"176730","ABDUL AZIS","KHUSUS - JULI 2026","BA","U35.8.20260719.16","10706832","170,257"
"183729","RAFI GENTA RAMADAN","KHUSUS - JULI 2026","BA","U35.8.20260720.2","10589016","45,036"
"183729","RAFI GENTA RAMADAN","KHUSUS - JULI 2026","BA","U35.6.20260721.4","10634167","170,257"
"183729","RAFI GENTA RAMADAN","KHUSUS - JULI 2026","BA","U35.10.20260726.1","10091153","67,559"
"183138","ALFIAN KRISNA BAYU GP","KHUSUS - JULI 2026","BA","U35.10.20260726.21","10568398","105,405"
"183138","ALFIAN KRISNA BAYU GP","KHUSUS - JULI 2026","BA","U35.10.20260726.21","10568399","105,405"
"173763","FERHANS IQBAL HERDIANSYAH","KHUSUS - JULI 2026","BA","U35.8.20260717.5","10646592","171,162"
"112669","DWI APRINA","KHUSUS - JULI 2026","BA","U35.8.20260711.6","10634167","170,257"
"179589","ILLA HUMAIROH","KHUSUS - JULI 2026","BA","U35.3.20260731.6","10680479","48,550"
"179589","ILLA HUMAIROH","KHUSUS - JULI 2026","BA","U35.8.20260731.5","10679265","87,378"
"193686","SELVIA WULANDARI","KHUSUS - JULI 2026","BA","U35.13.20260705.14","10553775","45,036"
"193686","SELVIA WULANDARI","KHUSUS - JULI 2026","BA","U35.6.20260709.7","10091153","67,559"
"105326","ASEP SAEPULLAH","KHUSUS - JULI 2026","BA","U35.3.20260719.3","10680479","51,425"
"105326","ASEP SAEPULLAH","KHUSUS - JULI 2026","BA","U35.3.20260725.7","10680479","48,550"
"175004","RAFLI ZUL AZHAR","KHUSUS - JULI 2026","BA","U35.6.20260702.4","10558563","99,445"
"187081","RONALDO PRATAMA","KHUSUS - JULI 2026","BA","U35.3.20260729.8","10705749","86,749"